source_id,suitability_score,lcdb_class_2023,subzone,territorial_authority
00005a38-e0e1-4eab-85dd-9a921403008e,10.0,Broadleaved Indigenous Hardwoods,,Western Bay of Plenty District
000a7566-3c48-496e-bb57-77a68a14513b,10.0,High Producing Exotic Grassland,,Western Bay of Plenty District
000f9be9-577a-4fbe-9db9-aa40364b24ac,10.0,Built-up Area (settlement),Katikati,Western Bay of Plenty District
000fbd70-d96c-4f1f-8279-fa57daacfc66,10.0,High Producing Exotic Grassland,Pongakawa,Western Bay of Plenty District
0012dc47-38c8-42e4-9eaa-21337ac97982,10.0,High Producing Exotic Grassland,,Whakatane District
0015f985-0dde-4400-9880-c6bd92514763,10.0,Exotic Forest,,Western Bay of Plenty District
0015fdaf-af0e-4042-89e5-567990dc7b07,10.0,Built-up Area (settlement),,Western Bay of Plenty District
0018e8b8-f19d-4c00-a114-e8172163756d,10.0,Low Producing Grassland,,Western Bay of Plenty District
0020c4e2-9c7c-46d2-95a5-d5922684fe8c,8.4,Manuka and/or Kanuka,,Ōpōtiki District
00373b70-64f6-4a51-b6c9-d223159593b1,8.4,High Producing Exotic Grassland,,Ōpōtiki District
00398ac8-605f-4e0a-93be-099f48ee6e10,8.0,High Producing Exotic Grassland,,Whakatane District
0043f9f9-17f1-4444-b02a-76a73e023f52,8.0,High Producing Exotic Grassland,Pongakawa,Western Bay of Plenty District
0044e549-37d0-4d9f-bed1-213e7efd994e,10.0,High Producing Exotic Grassland,,Western Bay of Plenty District
004a05b8-37d8-478f-ba19-4387555c400d,10.0,High Producing Exotic Grassland,Tauranga,Western Bay of Plenty District
004b4964-c4dd-4c20-96f8-e6d3b9dce26a,10.0,High Producing Exotic Grassland,,Western Bay of Plenty District
005ae120-05b1-4643-86e7-15033e6757ae,8.0,Built-up Area (settlement),Te Puke,Western Bay of Plenty District
00674fc9-eaf9-42e0-8f6f-e65476eb32a3,10.0,High Producing Exotic Grassland,,Western Bay of Plenty District
0070c076-6fe8-4f6f-a231-82508d7fa471,10.0,Gorse and/or Broom,,Western Bay of Plenty District
007cb64d-7ee3-4c8b-aeb4-e2b9f52439a2,10.0,High Producing Exotic Grassland,,Western Bay of Plenty District
007ffcf6-d06d-4ec3-a746-dad947386f03,8.4,Short-rotation Cropland,,Ōpōtiki District
008148a6-8f2e-46b1-911b-9b1450baa6ee,8.0,High Producing Exotic Grassland,Pongakawa,Western Bay of Plenty District
0086a79f-ff2e-4777-aaf2-4ecb2136bb2d,8.0,Urban Parkland/Open Space,Tauranga,Tauranga City
0088521b-4c5c-4bf5-8154-f2d2f6361218,8.4,High Producing Exotic Grassland,,Ōpōtiki District
00886c3c-e6c4-412d-8120-5bb662b74dc2,8.0,High Producing Exotic Grassland,,Western Bay of Plenty District
009b0501-3155-4a59-8c15-4eba405a83ca,10.0,High Producing Exotic Grassland,,Ōpōtiki District
009d5b72-004d-4f9a-ade0-4d1184e5c25b,10.0,High Producing Exotic Grassland,,Ōpōtiki District
00a05df1-7b67-4ad1-a12e-3fd5c4ec3152,10.0,High Producing Exotic Grassland,Tauranga,Tauranga City
00ac5c68-9f6e-4120-a3ac-201b888265e2,8.0,High Producing Exotic Grassland,,Whakatane District
00b22226-dce6-4e8f-9f91-de81df08d76b,8.0,Indigenous Forest,,Whakatane District
00b5c827-ed2a-403f-aa3e-ba629dea55ea,8.4,Indigenous Forest,,Ōpōtiki District
00b64d40-9aa2-4059-b14c-036943ce6680,8.8,Low Producing Grassland,,Western Bay of Plenty District
00b74960-2bc4-4129-8701-59e75c2cd949,10.0,High Producing Exotic Grassland,,Western Bay of Plenty District
00b8ef79-dcf0-4c3d-aec1-2f20eaf87499,10.0,High Producing Exotic Grassland,Tauranga,Western Bay of Plenty District
00ba844b-a33f-413e-b057-efa73f6600ed,10.0,Built-up Area (settlement),Katikati,Western Bay of Plenty District
00c890ab-6ba1-4e17-a939-2866cd596831,9.6,Indigenous Forest,,Western Bay of Plenty District
00cf35d9-fd67-4019-be1f-f4818c46736b,10.0,Exotic Forest,,Western Bay of Plenty District
00d7c47a-cc0b-4402-a84d-d09996768a37,10.0,High Producing Exotic Grassland,,Ōpōtiki District
00e5600d-dceb-4a5f-a492-2da512652917,8.4,High Producing Exotic Grassland,,Ōpōtiki District
00ea3818-3381-426b-949c-871926f4619b,10.0,Indigenous Forest,,Western Bay of Plenty District
00ebb470-991d-42af-8f36-b2e10d49351d,10.0,High Producing Exotic Grassland,,Ōpōtiki District
00ee9865-a92a-4c35-bc24-e02845fbcdfe,8.4,High Producing Exotic Grassland,,Whakatane District
00f342dc-e344-42b5-a643-45c388ea9b59,10.0,Indigenous Forest,,Whakatane District
00f4d573-cd9e-4845-b8d5-9314965ed89b,10.0,High Producing Exotic Grassland,,Western Bay of Plenty District
00f52006-1aac-460c-baaf-da21690fd227,10.0,Gorse and/or Broom,Te Puke,Western Bay of Plenty District
00f78f60-f226-4234-b34a-7d175c4f55b1,10.0,Built-up Area (settlement),Tauranga,Tauranga City
00f8b11a-4d24-4ba2-bacb-d8f5ecf453d9,10.0,Short-rotation Cropland,,Western Bay of Plenty District
010030c6-a45b-44c5-ae82-5be6b4e19413,10.0,High Producing Exotic Grassland,,Western Bay of Plenty District
01025d00-0d3c-4774-87ce-7741ce489edb,10.0,Manuka and/or Kanuka,,Ōpōtiki District
01077829-72ba-4282-9593-9cc4a435f79f,10.0,Manuka and/or Kanuka,,Ōpōtiki District
010abb7c-97df-45ca-b0b0-26bceacc4ea4,8.4,High Producing Exotic Grassland,,Whakatane District
01147e5c-343a-4422-8fd6-fd067f9773f5,10.0,High Producing Exotic Grassland,,Western Bay of Plenty District
011d5616-bcd0-4498-96d6-64744ed68649,10.0,Built-up Area (settlement),,Western Bay of Plenty District
01205c10-f438-4fc7-9af4-64d80d098be6,10.0,Indigenous Forest,,Western Bay of Plenty District
0122b3f8-8a79-40ee-9247-b51aa3f83977,8.0,Low Producing Grassland,,Ōpōtiki District
01250e77-08d9-4602-99dd-1674fd6dc5fc,8.0,Short-rotation Cropland,,Whakatane District
01252e2a-94b2-4a82-bc8e-66de737f40a7,10.0,High Producing Exotic Grassland,,Western Bay of Plenty District
0125ca05-f3fb-436f-a172-0f9cc4ee9fa0,10.0,Exotic Forest,,Whakatane District
012f69a0-1269-435b-941f-da3d0da58351,10.0,Indigenous Forest,,Western Bay of Plenty District
0132e44b-b3e5-4c41-a6f3-cf01fd7cf4c6,8.0,High Producing Exotic Grassland,,Western Bay of Plenty District
0139418d-93c3-42df-b5d6-b4f7d9dac852,8.0,Indigenous Forest,Te Puke,Western Bay of Plenty District
013dacb1-ee3e-42e5-91a8-f556dbabd179,10.0,High Producing Exotic Grassland,,Western Bay of Plenty District
0140d220-dddb-49d0-b500-15d40fcc7533,10.0,High Producing Exotic Grassland,Te Puke,Western Bay of Plenty District
01472350-0bd4-4e91-872e-54aa7133ab61,8.4,High Producing Exotic Grassland,,Ōpōtiki District
014b1008-0caa-492e-976b-649aad4fea09,8.0,High Producing Exotic Grassland,,Western Bay of Plenty District
014ba1a5-ab26-4366-a85f-a2320fa457e9,10.0,High Producing Exotic Grassland,,Western Bay of Plenty District
015020aa-4c50-4526-9032-9009d1adde49,10.0,High Producing Exotic Grassland,,Western Bay of Plenty District
0154ad4f-3c0e-4ca9-9139-89e5ca054689,8.0,High Producing Exotic Grassland,,Western Bay of Plenty District
01556705-9caa-401f-8d14-d497c29057ef,10.0,High Producing Exotic Grassland,,Western Bay of Plenty District
01579983-4861-492e-8955-91e69669af48,10.0,High Producing Exotic Grassland,Tauranga,Tauranga City
015d9106-fbb8-4a4d-baae-60888b65bbb9,10.0,High Producing Exotic Grassland,,Western Bay of Plenty District
0177f8be-1fc3-4a09-9db3-8073d4664bd7,10.0,Indigenous Forest,,Whakatane District
017fc784-4929-4501-b254-c53568b2e39b,10.0,Broadleaved Indigenous Hardwoods,,Western Bay of Plenty District
01808775-267b-4e54-9415-7306f5913980,10.0,Built-up Area (settlement),Tauranga,Tauranga City
0186c3c7-bb9d-4cc4-a053-cfac0b2e20cb,10.0,Built-up Area (settlement),Tauranga,Tauranga City
01965533-93db-47b2-b3c9-c1b6e07d4017,10.0,High Producing Exotic Grassland,Te Puke,Western Bay of Plenty District
01b1441f-f6f8-4884-9f3c-7900ae166cc6,10.0,High Producing Exotic Grassland,,Western Bay of Plenty District
01b6043e-9892-4881-8385-960f5b85bd17,10.0,Indigenous Forest,,Western Bay of Plenty District
01c4c415-11ad-44be-b684-4bd02f13d5d1,10.0,Forest - Harvested,,Western Bay of Plenty District
01c6c0db-2761-43ff-a1ed-84446b38c2da,9.6,Exotic Forest,Tauranga,Western Bay of Plenty District
01cb53ef-9835-41a0-95cc-cc915c8ccca5,8.8,High Producing Exotic Grassland,,Western Bay of Plenty District
01ce4870-1f27-4e14-9614-194a5d36c294,8.0,High Producing Exotic Grassland,,Western Bay of Plenty District
01d81499-d9f1-42ab-88e9-b6766c7c7dc7,10.0,High Producing Exotic Grassland,,Ōpōtiki District
01d96809-de83-474e-a1d1-30c09334ea5e,8.0,High Producing Exotic Grassland,,Whakatane District
01e4b5e9-bc27-4268-8188-c334b1e69c73,10.0,Short-rotation Cropland,,Western Bay of Plenty District
01eaa490-74bf-4e22-a7bb-73dc4bfa23bb,10.0,Manuka and/or Kanuka,,Ōpōtiki District
02038b4c-3aa3-4afd-8e64-89908265f9db,8.0,High Producing Exotic Grassland,Pongakawa,Western Bay of Plenty District
02059b59-f678-497d-a318-373deee72f1d,10.0,High Producing Exotic Grassland,,Western Bay of Plenty District
0209a8d4-e354-4e82-8519-d2dc14e4d91e,10.0,Built-up Area (settlement),Tauranga,Tauranga City
0212adfb-85f2-4dfd-9956-4f8150de700c,10.0,High Producing Exotic Grassland,,Ōpōtiki District
02190c72-d365-43e6-ba97-c64898901a9d,8.0,Exotic Forest,,Whakatane District
021e6651-3e83-47b8-86e0-68ab097991bb,10.0,High Producing Exotic Grassland,,Western Bay of Plenty District
0226b20a-e345-465b-bcf5-c946961dd11e,8.0,High Producing Exotic Grassland,,Whakatane District
022c6fcb-7edd-4e76-b62d-3ed6bfcd6256,10.0,High Producing Exotic Grassland,,Western Bay of Plenty District
02317c6c-a019-429f-9cae-096b6297a80a,10.0,Transport Infrastructure,Katikati,Western Bay of Plenty District
024a2e65-dbf1-41e7-aaaf-ca0a88efcc8b,10.0,High Producing Exotic Grassland,,Ōpōtiki District
024ec6c8-b67d-4d14-9db2-ae83ab1250bc,10.0,High Producing Exotic Grassland,,Whakatane District
02537e3c-1657-4ad2-a233-9463448ff4f6,10.0,High Producing Exotic Grassland,,Western Bay of Plenty District
025a6e6a-fe80-4d37-aed4-4a04ee17ad85,10.0,Indigenous Forest,,Western Bay of Plenty District
02608fb2-999c-47a5-824a-0061dcbf6da0,10.0,High Producing Exotic Grassland,,Whakatane District
0268173e-eafe-4600-9c1f-757801113cf4,8.0,High Producing Exotic Grassland,,Whakatane District
026862c1-6897-49bf-8f9f-be31e1be7943,10.0,High Producing Exotic Grassland,,Western Bay of Plenty District
02695305-eb1c-4fa5-9412-dc3be4099ffb,8.4,High Producing Exotic Grassland,,Ōpōtiki District
026c3d4e-20e1-413d-a332-024b8e07554c,8.0,High Producing Exotic Grassland,,Whakatane District
02711510-3ab8-4566-a358-0da0ba3d0906,10.0,Exotic Forest,,Western Bay of Plenty District
0277a4e3-31c4-42c0-9746-8f35f410f0f0,8.8,Indigenous Forest,,Western Bay of Plenty District
0279eaa2-25f8-4d15-b9c6-57c65809afba,8.0,High Producing Exotic Grassland,,Western Bay of Plenty District
0287d26b-2613-4cc4-a279-84bbe049cfaa,8.0,High Producing Exotic Grassland,Pongakawa,Western Bay of Plenty District
0294d5b4-11f6-4c5c-a8d9-5fe2e7134c20,10.0,High Producing Exotic Grassland,,Ōpōtiki District
02b74d5b-9fa7-4d30-84ef-109293d9b7d3,8.4,Short-rotation Cropland,,Ōpōtiki District
02b936d5-de55-4eb7-bf43-2651f3e76784,8.4,High Producing Exotic Grassland,,Ōpōtiki District
02bde766-c8ed-4b80-b118-a2b914c6aaf5,10.0,High Producing Exotic Grassland,,Western Bay of Plenty District
02bdf2fa-72f3-4b62-8cae-66ea05dcb8b1,9.6,Indigenous Forest,Tauranga,Western Bay of Plenty District
02bf9476-316f-4969-978a-0b72eb5ed115,10.0,High Producing Exotic Grassland,Tauranga,Tauranga City
02c306a7-c29d-479e-a487-ccd70a3bbb33,10.0,High Producing Exotic Grassland,Tauranga,Tauranga City
02c7c124-24cf-45a7-a4ec-9c25e79c094b,10.0,High Producing Exotic Grassland,,Western Bay of Plenty District
02cafabf-3a26-4adc-9673-6da17f3187e6,10.0,High Producing Exotic Grassland,,Ōpōtiki District
02d5e337-139f-4304-b61a-63d42a436b03,10.0,High Producing Exotic Grassland,Pongakawa,Western Bay of Plenty District
02ddfb16-d32c-446f-ba1a-ba96f285aa15,8.0,High Producing Exotic Grassland,,Whakatane District
02e5331c-de6e-4018-88e5-98e121a82331,10.0,High Producing Exotic Grassland,,Western Bay of Plenty District
02e77044-cf20-4e19-a1cc-c825d82dbc72,10.0,High Producing Exotic Grassland,,Western Bay of Plenty District
02e84866-3f73-46ed-82b9-fcc3ba3c2bc8,10.0,High Producing Exotic Grassland,,Western Bay of Plenty District
02eac598-368a-47dc-92db-511557238e77,8.4,High Producing Exotic Grassland,,Ōpōtiki District
02f33a30-2031-405c-b99b-765e6b7f99da,10.0,High Producing Exotic Grassland,,Western Bay of Plenty District
02fb3e2e-138c-4ed4-a7b8-9190d997789e,10.0,Urban Parkland/Open Space,,Tauranga City
02fbefa9-a49e-40a3-803e-1a889926c157,10.0,High Producing Exotic Grassland,,Western Bay of Plenty District
02ffa316-47b7-4b68-a867-d3ed5636721c,8.0,High Producing Exotic Grassland,,Western Bay of Plenty District
030a4261-6653-4215-9b7a-986bd11635b6,10.0,High Producing Exotic Grassland,,Whakatane District
030feb14-e75e-4548-b145-f713c0b6b3bb,8.0,High Producing Exotic Grassland,,Whakatane District
03111d74-6b45-4ff5-81b1-c52f2efed31a,8.4,High Producing Exotic Grassland,,Ōpōtiki District
03187a68-b27a-408e-ba8d-03951ce92c93,10.0,High Producing Exotic Grassland,,Western Bay of Plenty District
031a3d1e-baf3-4cf7-ac56-a113a700a85e,8.4,High Producing Exotic Grassland,,Whakatane District
031e2d7a-b9bf-4586-a3dc-27fc28c3679e,10.0,High Producing Exotic Grassland,,Western Bay of Plenty District
031f3aaf-0741-4ebc-98c1-d298a3deaa7c,10.0,High Producing Exotic Grassland,,Western Bay of Plenty District
03244bbc-0a4d-46c1-aa22-e26598b5a6c0,10.0,Built-up Area (settlement),Tauranga,Tauranga City
03273f56-bebd-4473-a418-71b6dd10fa48,10.0,High Producing Exotic Grassland,Tauranga,Tauranga City
032bc739-dcb7-472a-9f24-e87b9dc4f791,10.0,Indigenous Forest,,Ōpōtiki District
0335e10e-2b2d-45f2-bb7d-fafd54ef78b6,10.0,High Producing Exotic Grassland,,Western Bay of Plenty District
0335e20d-ab02-4bf9-ab71-87962e023336,8.8,High Producing Exotic Grassland,,Western Bay of Plenty District
033a76d4-b781-4cef-bb3f-60b0c7ec49e1,10.0,High Producing Exotic Grassland,,Western Bay of Plenty District
033f2395-feaa-41c3-aad8-1950d5f4d391,10.0,High Producing Exotic Grassland,,Western Bay of Plenty District
0341bec2-ac2a-4e4a-9325-426ea718956a,10.0,High Producing Exotic Grassland,,Ōpōtiki District
034470ad-dc52-4529-a5bd-1d1748cafca3,8.0,High Producing Exotic Grassland,,Whakatane District
0349887d-d0a7-4dbb-9bd3-ab9bb942b23e,8.0,High Producing Exotic Grassland,,Whakatane District
0349a1fa-eddf-4aa8-bcd1-184918d80965,8.0,High Producing Exotic Grassland,,Western Bay of Plenty District
034c8b44-5c24-4105-b23a-74fd8ebf5bb0,10.0,High Producing Exotic Grassland,,Ōpōtiki District
034e9026-362b-48a8-ba09-13da54d66300,8.0,High Producing Exotic Grassland,,Western Bay of Plenty District
034eb8a8-fec6-4ced-bbe7-ed6419265fb6,8.0,High Producing Exotic Grassland,,Whakatane District
03503030-1513-44e8-a99d-de1b7306e80e,8.0,High Producing Exotic Grassland,,Whakatane District
03564303-3a72-4d88-9110-da4543ade47e,9.6,Broadleaved Indigenous Hardwoods,,Whakatane District
0367f17c-3e3b-450b-b5bb-8007da4eb920,8.4,High Producing Exotic Grassland,,Whakatane District
0371b487-4c3b-4f46-ae5d-bc2cf393f972,10.0,High Producing Exotic Grassland,,Western Bay of Plenty District
037fbcf2-cbc2-4ee8-af19-eba45e0b6503,10.0,High Producing Exotic Grassland,,Western Bay of Plenty District
0382e815-98ce-45ff-9725-76261ea20f8b,10.0,High Producing Exotic Grassland,,Western Bay of Plenty District
038d8b1b-2d2d-41f1-ae12-343d9b0677f0,10.0,High Producing Exotic Grassland,,Ōpōtiki District
03941efe-3ea6-4740-afe2-0c7fc5966d57,8.0,High Producing Exotic Grassland,Pongakawa,Western Bay of Plenty District
039527bc-2c8f-4416-bd98-275f4722e8bf,8.4,Manuka and/or Kanuka,,Ōpōtiki District
039a7041-90af-4bab-9e2c-3b68898ed7b0,8.0,Exotic Forest,,Western Bay of Plenty District
03a6b18a-1691-41c0-8955-594f3adea917,8.0,Short-rotation Cropland,,Whakatane District
03b52f63-9ea7-49b2-bcd6-1ee0076ac127,10.0,High Producing Exotic Grassland,,Western Bay of Plenty District
03b8bff2-f05c-4a7f-9108-56b550bf1b6f,8.0,High Producing Exotic Grassland,,Whakatane District
03cdee2e-72b5-4eb6-9f1f-fa451edc71db,8.4,Indigenous Forest,,Ōpōtiki District
03d257ca-a9f5-4da7-b23b-5a3bc26ea714,8.4,High Producing Exotic Grassland,,Ōpōtiki District
03d98b62-f30f-45ba-b2af-ad51e49ab225,10.0,Built-up Area (settlement),,Western Bay of Plenty District
03e6523f-4064-4455-be4b-d117e8b476ae,10.0,High Producing Exotic Grassland,,Western Bay of Plenty District
03e71550-3407-4d23-9d69-502b97cb5e97,8.8,High Producing Exotic Grassland,,Western Bay of Plenty District
03eadc31-dbe2-4c93-8ab6-9d245e315a79,10.0,High Producing Exotic Grassland,,Western Bay of Plenty District
03ee2a01-7fca-4d4c-8d80-3a7dd89df8f3,10.0,Indigenous Forest,,Western Bay of Plenty District
04020b4f-44a5-4d0e-8bf4-f66dad7c5e3a,8.0,High Producing Exotic Grassland,,Western Bay of Plenty District
040a6c7c-b416-4485-b5ba-c259ca5735dc,10.0,High Producing Exotic Grassland,,Western Bay of Plenty District
040db86c-5c83-44f7-90fb-8a29f92ca282,8.4,Manuka and/or Kanuka,,Ōpōtiki District
04104530-ecc0-4884-b2b6-937b6d5bbff4,8.0,High Producing Exotic Grassland,,Whakatane District
041c3431-b946-4842-a932-d251a6e33c2a,8.8,Gorse and/or Broom,,Western Bay of Plenty District
0429b283-22cb-4ff7-98d3-e80c4102777d,8.0,Short-rotation Cropland,,Whakatane District
0429f924-c608-44c6-9691-560554b8904e,10.0,High Producing Exotic Grassland,,Western Bay of Plenty District
042ff1c6-4a5b-4046-acc2-c379adff0b61,8.4,High Producing Exotic Grassland,,Ōpōtiki District
04314457-a4e5-49ea-ac7a-754d104960d8,10.0,High Producing Exotic Grassland,Tauranga,Tauranga City
04361a59-6c29-4eca-a302-74b6555603fd,8.0,Broadleaved Indigenous Hardwoods,,Whakatane District
04386133-808f-42b8-aaf4-ec46fa09955b,10.0,High Producing Exotic Grassland,,Western Bay of Plenty District
04411f7d-ed63-43c2-8d08-1c64f48dacd5,8.4,Manuka and/or Kanuka,,Ōpōtiki District
0445bc90-e32f-41cd-97ce-2d61b561c842,10.0,High Producing Exotic Grassland,,Western Bay of Plenty District
0447ebf2-6772-4b2d-9de3-ddc73f8bc5af,10.0,High Producing Exotic Grassland,,Western Bay of Plenty District
044e5f70-ec98-4a6b-83b1-c49bd4a644d2,10.0,High Producing Exotic Grassland,,Western Bay of Plenty District
044e8af9-89be-4e3b-a105-197ac8c4c39a,10.0,High Producing Exotic Grassland,Te Puke,Western Bay of Plenty District
044fa755-4eef-4b0b-9590-e7a94e0f9c0a,10.0,High Producing Exotic Grassland,,Whakatane District
046369fd-bd0e-44e3-aafe-a334362c6cd3,8.0,High Producing Exotic Grassland,,Whakatane District
046514f3-fb48-4545-a213-102172a36486,8.0,High Producing Exotic Grassland,Te Puke,Western Bay of Plenty District
046e6752-9f5d-4e79-ab83-d847154bea34,10.0,High Producing Exotic Grassland,,Western Bay of Plenty District
0474de73-f3a4-462f-a8d1-255f3fdc3a30,10.0,High Producing Exotic Grassland,Tauranga,Tauranga City
0476f085-512d-4b7a-ad52-0fe19a6510db,8.4,High Producing Exotic Grassland,,Whakatane District
0495cbb3-3f3a-43a6-9a08-510ac991c391,10.0,Short-rotation Cropland,,Western Bay of Plenty District
0496818d-22f1-4dd1-b87e-7d0b0a50bab2,8.4,High Producing Exotic Grassland,,Ōpōtiki District
04ac46c9-5c07-46e3-a89d-2cb1826bfe55,10.0,High Producing Exotic Grassland,,Western Bay of Plenty District
04b04e7c-7285-4111-afc2-64f002adb0e0,9.5,High Producing Exotic Grassland,,Western Bay of Plenty District
04b72550-58f6-4754-ad46-b0fc982488b1,10.0,High Producing Exotic Grassland,,Western Bay of Plenty District
04ba0434-4f7a-4c5f-a4a6-73deef79c3b9,10.0,High Producing Exotic Grassland,,Western Bay of Plenty District
04bbe5da-4202-4e65-9115-82dc3ce4223f,10.0,Broadleaved Indigenous Hardwoods,Tauranga,Tauranga City
04bd9c9c-302f-453b-bce1-b6b01c945b65,10.0,High Producing Exotic Grassland,,Western Bay of Plenty District
04c7e4ba-9592-4b1b-b67f-a94f08a8e251,10.0,Broadleaved Indigenous Hardwoods,Tauranga,Tauranga City
04c86fce-496f-4ddd-a8ef-6231a29f9143,10.0,High Producing Exotic Grassland,,Western Bay of Plenty District
04cd980c-eeac-487c-9cf4-1fa0b3b37b10,10.0,Built-up Area (settlement),Tauranga,Tauranga City
04d1cb13-9ee1-43e0-8437-1aa240fd01fc,8.0,High Producing Exotic Grassland,,Whakatane District
04d4f085-7a87-4a4b-85ec-5c45c2462d4e,10.0,High Producing Exotic Grassland,,Western Bay of Plenty District
04d9714f-7b41-4d21-a943-f4c53ee77770,8.0,High Producing Exotic Grassland,,Whakatane District
04dd1eaa-da13-4cc8-914b-22e829374f1f,8.4,Indigenous Forest,,Ōpōtiki District
04e25d34-52f3-47d7-bafc-8608cdf98044,8.4,Short-rotation Cropland,,Ōpōtiki District
04e33e81-113a-49f2-b18a-fe7f975486f3,10.0,High Producing Exotic Grassland,,Western Bay of Plenty District
04e41eeb-c5a8-41a6-a1eb-eca1c061e338,8.0,Manuka and/or Kanuka,,Whakatane District
04eddee4-abbf-430e-aff3-605677ef3705,8.8,Indigenous Forest,,Western Bay of Plenty District
04ef3c36-d04c-4bf2-a4aa-95beec17f025,9.6,High Producing Exotic Grassland,,Western Bay of Plenty District
04fa8307-0d7e-433a-a4f8-09a1fc3ff786,10.0,High Producing Exotic Grassland,,Whakatane District
04ff1ec8-b990-4ae4-8b0f-f425b9a27af8,10.0,High Producing Exotic Grassland,,Ōpōtiki District
0501102b-da17-4943-a0ee-0cd61d7ca72f,10.0,High Producing Exotic Grassland,,Western Bay of Plenty District
050639cb-4b0e-4bb6-a4c7-00506e704030,10.0,High Producing Exotic Grassland,,Western Bay of Plenty District
0513553e-c33a-4824-9677-9c9a70aefe71,8.0,High Producing Exotic Grassland,,Whakatane District
0528528d-f893-4c47-9527-febb198a8cea,10.0,High Producing Exotic Grassland,,Western Bay of Plenty District
052a308a-676e-44ac-97de-74e430b3df91,8.0,Exotic Forest,,Western Bay of Plenty District
0530a106-db7e-4d2f-8262-dba65ff4df6f,10.0,High Producing Exotic Grassland,,Western Bay of Plenty District
053f39e0-797c-4b36-bf15-f775b81b2498,10.0,Lake or Pond,,Western Bay of Plenty District
0543d5da-205f-40d2-882f-60b49371482c,10.0,Built-up Area (settlement),Tauranga,Tauranga City
05442fe4-4e7e-48d7-a4c0-b0e400015b12,8.4,High Producing Exotic Grassland,,Whakatane District
0548f011-7109-4ce9-a0bf-3da0c35d85d3,10.0,High Producing Exotic Grassland,Tauranga,Tauranga City
054af1ea-7346-4891-a1be-37e1e6c27aea,10.0,High Producing Exotic Grassland,,Western Bay of Plenty District
055347d9-ad52-4673-b49a-52a66e8e0f77,8.0,Indigenous Forest,,Western Bay of Plenty District
0558787e-c9bd-449a-bae1-8e7e809c52ac,8.4,High Producing Exotic Grassland,,Ōpōtiki District
05613d08-ba17-42fb-b252-2ad1354d225f,10.0,High Producing Exotic Grassland,,Western Bay of Plenty District
0564284f-8fcc-44a1-9eef-7c9401210ec2,8.4,High Producing Exotic Grassland,,Whakatane District
056663a8-f13d-459b-b1d6-bbde3b6441f2,8.0,High Producing Exotic Grassland,Te Puke,Western Bay of Plenty District
057d29a8-4aa6-4659-9a39-df118b87d37a,10.0,High Producing Exotic Grassland,,Whakatane District
0583bdce-05fd-431a-9832-ea953e7653f3,10.0,High Producing Exotic Grassland,,Tauranga City
058ffbd6-5c62-475a-a17d-44b23a397696,8.0,Short-rotation Cropland,,Whakatane District
059105b2-3652-4dc3-ada0-fed6d0da4d04,10.0,High Producing Exotic Grassland,,Western Bay of Plenty District
059e8078-8954-4382-a95a-9ad518364802,10.0,High Producing Exotic Grassland,,Western Bay of Plenty District
05a10ca7-bf03-4003-a8ba-342ec364f64d,10.0,High Producing Exotic Grassland,,Whakatane District
05a11fba-cbdb-4714-b83d-e7fcf760f4b4,10.0,Built-up Area (settlement),Tauranga,Tauranga City
05b2dba0-13bd-4900-950a-4ba4f856e6b6,8.4,Short-rotation Cropland,,Ōpōtiki District
05be71d4-7eac-46f4-8499-bec3d8a9d3d6,8.8,High Producing Exotic Grassland,,Western Bay of Plenty District
05c1d7c1-8e00-4356-a875-8e458ba4fe3e,9.5,High Producing Exotic Grassland,,Western Bay of Plenty District
05c2efed-df61-4cad-b219-6dc4c40f7c0e,8.0,High Producing Exotic Grassland,,Whakatane District
05c46b7c-5b84-4e0a-bc0b-ca96de04fc3a,8.0,Low Producing Grassland,,Western Bay of Plenty District
05cdf68c-81fd-4fab-bc04-2d5dac82cedd,8.0,Indigenous Forest,,Whakatane District
05d7203b-872c-4358-93db-bb3eeda0a591,8.0,High Producing Exotic Grassland,,Whakatane District
05de33d0-4b4f-4fb1-bcc0-d4dfd54595a1,10.0,Exotic Forest,,Western Bay of Plenty District
05e16f10-01cc-497d-bce0-bf3394e9e55e,8.4,Short-rotation Cropland,,Ōpōtiki District
05e3f521-83df-488e-9ac6-39d81e0ac0a8,10.0,High Producing Exotic Grassland,,Western Bay of Plenty District
05fd0a5a-e8e4-4642-9c4a-94a3d6f9ddd6,10.0,Indigenous Forest,,Western Bay of Plenty District
05ff8672-3ac1-4cb3-8380-00b852f74d5c,8.0,Indigenous Forest,Te Puke,Western Bay of Plenty District
06044648-d9f1-45ba-acb4-486d1555eb42,10.0,High Producing Exotic Grassland,,Western Bay of Plenty District
06045643-1cfb-4a6f-a4d3-c252c826639b,10.0,High Producing Exotic Grassland,,Western Bay of Plenty District
0608f9e3-217b-43ee-aa17-3977c9b006ca,10.0,Manuka and/or Kanuka,,Whakatane District
0614cd69-33a6-4bb8-9631-0ca1f040812f,10.0,High Producing Exotic Grassland,,Western Bay of Plenty District
061a9e7c-4018-49c2-b11f-26ae43f55000,10.0,Indigenous Forest,,Tauranga City
061c629e-dfcb-458a-a7c0-2a75f06cc098,8.0,High Producing Exotic Grassland,,Whakatane District
061f8c2c-656a-4601-b30e-a6728cbea76e,10.0,Indigenous Forest,,Western Bay of Plenty District
062095c7-55b4-43ed-b9bf-00e23380007c,10.0,High Producing Exotic Grassland,Katikati,Western Bay of Plenty District
06259d34-1277-428c-b655-1e0f78440623,10.0,High Producing Exotic Grassland,,Western Bay of Plenty District
0628c826-fe9c-4437-98ca-873ca1f5b3af,10.0,High Producing Exotic Grassland,,Ōpōtiki District
062c547f-b4aa-4d01-bd67-ba0cd27cd3ae,8.8,High Producing Exotic Grassland,,Western Bay of Plenty District
062fc9ac-f29d-42e3-acf9-3dff3b3a9e62,10.0,High Producing Exotic Grassland,,Western Bay of Plenty District
06303a83-7f01-4c69-a997-acc5ead50351,8.8,High Producing Exotic Grassland,,Western Bay of Plenty District
063a84d7-dcf9-44c4-ab5f-49dd9fbe41f0,10.0,High Producing Exotic Grassland,,Western Bay of Plenty District
0641096e-363d-4f60-8c21-960224749306,10.0,Built-up Area (settlement),Katikati,Western Bay of Plenty District
064ca6e3-df9f-4e6f-828a-34604872c49c,10.0,High Producing Exotic Grassland,,Western Bay of Plenty District
064d9d41-0100-4c1a-9ef0-3e43524a905e,8.0,High Producing Exotic Grassland,,Western Bay of Plenty District
06538da7-47f7-4ee1-bce4-0cc4968a9109,8.4,High Producing Exotic Grassland,,Whakatane District
06541d75-b156-417a-85ec-74d610b0c411,8.4,High Producing Exotic Grassland,,Whakatane District
06566ccc-2cfc-41bd-a321-dd24e88a2c0f,10.0,High Producing Exotic Grassland,Tauranga,Tauranga City
065a2d58-daca-434b-8160-a844ae4fe6d0,10.0,Built-up Area (settlement),,Western Bay of Plenty District
065fb0fb-73f5-4536-b816-8fc4f2bfd5f2,10.0,High Producing Exotic Grassland,,Ōpōtiki District
0664838a-32de-4e28-866e-40c20794c43c,10.0,High Producing Exotic Grassland,,Western Bay of Plenty District
06698ec2-8a13-4a60-a551-5ba53cd6608b,10.0,Built-up Area (settlement),Tauranga,Tauranga City
066bbde2-bf1d-4d91-8a7c-844cf5d405b5,9.6,Indigenous Forest,,Western Bay of Plenty District
066be42f-fa03-429c-b6e6-89d899049be9,10.0,High Producing Exotic Grassland,,Western Bay of Plenty District
0691ea83-21e3-43d4-8345-ea3d8c290cdf,10.0,High Producing Exotic Grassland,Tauranga,Tauranga City
069a4529-e247-4340-82e0-473872d27ad5,10.0,Exotic Forest,Tauranga,Western Bay of Plenty District
06a067e8-7e25-49ec-87f6-9c9020ada3d2,8.0,High Producing Exotic Grassland,,Western Bay of Plenty District
06aaa5ba-009e-4882-a23a-7de6acfc61c8,8.0,Urban Parkland/Open Space,,Tauranga City
06ac32ab-0441-4700-8e0d-3db2dc05907e,10.0,High Producing Exotic Grassland,,Western Bay of Plenty District
06b30f6e-bea7-4aa7-baa0-4e704f6e1620,8.0,High Producing Exotic Grassland,,Western Bay of Plenty District
06b368e8-0190-43bb-902a-75c840177250,8.0,High Producing Exotic Grassland,,Whakatane District
06b3cee0-128c-4a62-9ce3-fb67e3303ea2,10.0,Built-up Area (settlement),Tauranga,Tauranga City
06c2c951-a13b-4ef1-b8cd-1187196c01b5,10.0,High Producing Exotic Grassland,,Western Bay of Plenty District
06c9158d-e429-4f9a-b13e-8c96cad6b702,10.0,High Producing Exotic Grassland,,Western Bay of Plenty District
06d8c378-3c34-462c-b3b1-1d95761b2378,10.0,High Producing Exotic Grassland,,Western Bay of Plenty District
06db9c2e-c520-44bf-bc72-8231d7e8c1a2,10.0,High Producing Exotic Grassland,,Western Bay of Plenty District
06dbcfb3-3822-4dc7-b1d5-44f6aad2bb70,8.4,High Producing Exotic Grassland,,Ōpōtiki District
06dd8695-2862-4b71-990f-bf342a6f3956,10.0,High Producing Exotic Grassland,,Western Bay of Plenty District
06e5d21e-8dd4-4896-9838-3f77cde11a5e,10.0,High Producing Exotic Grassland,Tauranga,Western Bay of Plenty District
06e8a409-a546-4c02-9864-5a3a13bcf776,8.0,High Producing Exotic Grassland,Pongakawa,Western Bay of Plenty District
06e9f554-a7d2-4b83-90f3-3781375cffbc,10.0,High Producing Exotic Grassland,,Western Bay of Plenty District
06ea15f6-9dd1-45c5-b15f-c8a66da44c8f,8.0,Indigenous Forest,,Western Bay of Plenty District
06fad247-e904-4728-97ae-68a686ed93aa,10.0,Manuka and/or Kanuka,Tauranga,Western Bay of Plenty District
070ad927-510f-473c-8582-eaa6f6af2b67,10.0,High Producing Exotic Grassland,,Western Bay of Plenty District
07144a9a-0d60-4ece-87db-24671eeeb66e,10.0,High Producing Exotic Grassland,,Western Bay of Plenty District
07163709-959d-4a0b-af9f-19966ffaae8a,10.0,Manuka and/or Kanuka,,Ōpōtiki District
071ae6bf-4bcf-48f3-b630-f316264a71af,8.8,High Producing Exotic Grassland,,Western Bay of Plenty District
071eb218-8d4f-4786-a082-d609cb50cccc,10.0,High Producing Exotic Grassland,,Western Bay of Plenty District
07276751-4c35-4139-88db-81db223bafbf,8.0,High Producing Exotic Grassland,,Whakatane District
072dbd0e-8b86-48aa-aacf-bc1c25f80e22,8.0,High Producing Exotic Grassland,,Whakatane District
07302c78-0f79-4ca4-9845-54bea6e91d16,10.0,Indigenous Forest,,Western Bay of Plenty District
07306d43-b246-4385-9fff-6d4a259ca2fb,10.0,Broadleaved Indigenous Hardwoods,,Western Bay of Plenty District
0743305e-30df-40b6-bcbb-491c0629f807,8.8,High Producing Exotic Grassland,,Western Bay of Plenty District
0744e237-c987-4ab8-a460-85d456f4de92,10.0,High Producing Exotic Grassland,,Western Bay of Plenty District
07478901-6e15-481f-bf3b-f5b0e55544b6,10.0,High Producing Exotic Grassland,Tauranga,Western Bay of Plenty District
0751553c-12c9-4fcf-af70-eb69001d86ca,10.0,High Producing Exotic Grassland,,Western Bay of Plenty District
075f0d5b-ceb5-4818-9b46-a9a29a412882,10.0,High Producing Exotic Grassland,,Western Bay of Plenty District
07618847-0363-4071-a7ea-127c3d4fd375,10.0,High Producing Exotic Grassland,Tauranga,Western Bay of Plenty District
0762ca89-7835-4333-9d7d-eba463fdf7c3,10.0,High Producing Exotic Grassland,,Western Bay of Plenty District
07723542-fca0-45e8-84d7-f0f4b473e76b,8.0,High Producing Exotic Grassland,,Whakatane District
077b79f3-9524-4dbd-b2cb-5d37f3ae3ed7,8.0,Indigenous Forest,Pongakawa,Western Bay of Plenty District
0786dc50-fc19-413f-ac11-af111f162caf,10.0,High Producing Exotic Grassland,Tauranga,Tauranga City
078c7e3e-7337-4d96-ab9a-bd90d862e4c1,8.0,Indigenous Forest,,Western Bay of Plenty District
07906821-b6dc-423e-b3f9-42ceb9a3e3a3,10.0,High Producing Exotic Grassland,,Western Bay of Plenty District
0798cb78-8735-452c-a16c-7ab42b45b979,8.0,High Producing Exotic Grassland,,Whakatane District
07a51f84-31bf-4beb-a4a4-e06670df6f6b,10.0,High Producing Exotic Grassland,,Whakatane District
07af85c7-a213-466a-88ed-5f05f44f16f9,10.0,Indigenous Forest,Tauranga,Western Bay of Plenty District
07b14f32-71bc-44db-83c2-6fd167c0b123,10.0,High Producing Exotic Grassland,,Western Bay of Plenty District
07b1c3ee-3499-4eac-b173-595cf671fbaf,8.0,High Producing Exotic Grassland,Te Puke,Western Bay of Plenty District
07b5900b-8e11-4477-a556-894573a1f73a,8.0,Forest - Harvested,,Whakatane District
07be76e1-06cf-4661-99f5-aaeffd2616e3,8.0,High Producing Exotic Grassland,,Whakatane District
07cc4b80-55e7-4089-9d2f-1518a0391048,10.0,High Producing Exotic Grassland,Katikati,Western Bay of Plenty District
07d7fe54-e181-4514-b83a-78460247bb07,10.0,Urban Parkland/Open Space,Tauranga,Tauranga City
07dd0043-0fcb-4c6b-bb90-199423dbca81,8.0,Indigenous Forest,,Whakatane District
07e0cc83-2486-4ca1-a7c1-a6422d2a9831,10.0,High Producing Exotic Grassland,,Tauranga City
07e1abfa-20a0-4ad6-a062-5c1b775314e4,8.0,Exotic Forest,,Whakatane District
07e53c73-9845-4ac4-ad47-ef03385524a5,10.0,Manuka and/or Kanuka,,Western Bay of Plenty District
07ecd018-351f-4796-854e-5703ea25ec7c,8.8,Indigenous Forest,,Western Bay of Plenty District
07f2b453-6b02-422f-9c47-dd2e4ff22246,10.0,Low Producing Grassland,,Western Bay of Plenty District
0805cd6b-ff67-4a57-ac83-a041ac1dc8b7,8.4,High Producing Exotic Grassland,,Whakatane District
08080393-fe5a-4861-8423-79291be32c79,10.0,High Producing Exotic Grassland,,Whakatane District
080de2e7-693f-4cf4-a1c5-a04b9bba27de,10.0,High Producing Exotic Grassland,,Western Bay of Plenty District
08299ffa-eadd-4ffe-bc41-d2ac298274a2,10.0,High Producing Exotic Grassland,Opotiki,Ōpōtiki District
0829d20c-4606-4d2c-8f18-e94d3f1629e1,8.0,High Producing Exotic Grassland,,Whakatane District
082dcdc7-64f1-44bb-9408-d3b242aa2622,10.0,High Producing Exotic Grassland,,Western Bay of Plenty District
082dd45f-696e-4cb5-8f18-f885fd71b4e1,8.0,Forest - Harvested,,Western Bay of Plenty District
0834f0cb-fe3e-4a4d-9659-8187fdb44de6,10.0,Built-up Area (settlement),Tauranga,Tauranga City
083db237-99ad-461e-927e-af4458994dde,10.0,High Producing Exotic Grassland,,Western Bay of Plenty District
0853e15f-6349-490c-92a9-c0810bc87df8,8.0,High Producing Exotic Grassland,,Whakatane District
0858197d-9554-47e5-ac2e-22627e205253,10.0,High Producing Exotic Grassland,,Western Bay of Plenty District
08595e2a-72a4-40bb-a6f8-56b02e67a23b,8.0,High Producing Exotic Grassland,,Western Bay of Plenty District
0860e67c-ae50-4cc6-8625-3be23098b132,10.0,Urban Parkland/Open Space,,Western Bay of Plenty District
0875c2ed-20c3-4d3f-9bcb-1ee3ec7a9a7d,10.0,High Producing Exotic Grassland,,Western Bay of Plenty District
087aa16f-1859-49a0-ac2b-f7793bc9115c,10.0,High Producing Exotic Grassland,,Western Bay of Plenty District
087e0f5f-9680-47c5-b242-73f5914a314e,10.0,Built-up Area (settlement),Tauranga,Tauranga City
0881c6c4-2f89-4e45-8286-3bb5336bedd9,10.0,High Producing Exotic Grassland,,Ōpōtiki District
08843564-bee1-4736-9fed-a4edae88e9e0,10.0,High Producing Exotic Grassland,Tauranga,Western Bay of Plenty District
088aaf6d-0d32-4520-97d0-d1d5af0fc97e,10.0,High Producing Exotic Grassland,,Western Bay of Plenty District
0890d4d6-2d92-4493-b807-3f73c586b0aa,8.0,Built-up Area (settlement),,Tauranga City
08995830-1657-4c49-8c1e-1fd19979282b,10.0,High Producing Exotic Grassland,Tauranga,Tauranga City
08a39581-0e1d-4a35-a321-bde167bf4f86,10.0,High Producing Exotic Grassland,,Western Bay of Plenty District
08aa2037-1025-4009-84f5-2ddf2ce21573,10.0,Built-up Area (settlement),,Western Bay of Plenty District
08aa4777-807b-4071-8624-51f6a51e7522,10.0,High Producing Exotic Grassland,,Western Bay of Plenty District
08af16c4-5b37-4d3a-b69e-0acc662d2ba6,10.0,High Producing Exotic Grassland,,Western Bay of Plenty District
08ba5e5e-9d5d-438d-ad46-2a54a80e4a08,8.0,High Producing Exotic Grassland,,Whakatane District
08ca12fb-8c7d-45ed-a574-da5998f3bcb5,10.0,Broadleaved Indigenous Hardwoods,,Western Bay of Plenty District
08cb91e1-b50b-4b69-b6f8-6624ff4d1588,10.0,High Producing Exotic Grassland,,Western Bay of Plenty District
08d28fb9-8b79-4972-8c3a-3f84c45e8b81,10.0,High Producing Exotic Grassland,Te Puke,Western Bay of Plenty District
08d99d75-1687-48e5-b308-9055fabec828,10.0,Built-up Area (settlement),,Western Bay of Plenty District
090cfee1-3fa5-4e68-af71-d9aa968f5a47,10.0,High Producing Exotic Grassland,,Western Bay of Plenty District
090d4070-c9f0-4d52-8b07-ab7f5e9a6282,10.0,High Producing Exotic Grassland,,Western Bay of Plenty District
0928db6d-4a9c-49d6-bdf4-e98a411c4caf,10.0,High Producing Exotic Grassland,,Whakatane District
0929d840-fd5b-483e-b111-6da4924053b2,10.0,Urban Parkland/Open Space,,Western Bay of Plenty District
092cd7f5-16c6-461c-89ed-d57749aa4071,10.0,High Producing Exotic Grassland,,Whakatane District
09360f5e-b342-4a6b-8528-bb512745860a,10.0,High Producing Exotic Grassland,,Western Bay of Plenty District
0936a2ec-18ed-421f-9f20-772de6adecab,10.0,Short-rotation Cropland,,Ōpōtiki District
0945c67f-5048-4413-82a9-8b5ff73ce24c,8.0,Urban Parkland/Open Space,Te Puke,Western Bay of Plenty District
09467b96-f294-4ba8-a44c-9307c46803c7,10.0,High Producing Exotic Grassland,,Ōpōtiki District
094a7072-c20b-423c-b442-f13ee4e1a466,10.0,Built-up Area (settlement),,Tauranga City
094dd75e-58ff-4b0b-ad7f-8f12d3d5b9bc,8.4,High Producing Exotic Grassland,,Ōpōtiki District
095a38b1-c039-4791-9805-2aaaa090b535,10.0,High Producing Exotic Grassland,,Western Bay of Plenty District
096154a4-9b3d-49b4-8062-83dbcf9027fb,10.0,Low Producing Grassland,,Western Bay of Plenty District
09619550-aa6e-45e3-ab92-6a03b2a0209a,8.4,High Producing Exotic Grassland,,Whakatane District
0964204e-7161-44f5-b2ba-346d371f1b5d,8.0,High Producing Exotic Grassland,Te Puke,Western Bay of Plenty District
096f6dab-a1b8-4e53-8c45-78a0203793da,10.0,Built-up Area (settlement),Tauranga,Tauranga City
09795c78-17c0-46e9-aea8-3d078b9cb2ff,8.0,Manuka and/or Kanuka,,Whakatane District
098bc52a-60cb-4e23-87b0-c397e388e7ae,9.6,Indigenous Forest,,Western Bay of Plenty District
098e92aa-7828-4d74-ad0c-7965045d3ea6,10.0,Urban Parkland/Open Space,Tauranga,Tauranga City
099ac569-0f4c-4b97-a3fe-da3e5f98e7ea,8.0,Urban Parkland/Open Space,,Whakatane District
09aca48d-f64c-4e76-8ef4-6563a62c22a5,10.0,High Producing Exotic Grassland,,Western Bay of Plenty District
09b8b905-8b28-495c-b2df-bc34c9b7e619,10.0,Indigenous Forest,Tauranga,Western Bay of Plenty District
09bf0be2-93d7-4ea1-90f9-06ed912e62cf,8.0,High Producing Exotic Grassland,,Whakatane District
09c2ef61-e44f-4bbf-ba57-851eeb0e31de,10.0,High Producing Exotic Grassland,,Western Bay of Plenty District
09cf35b8-f887-4731-8692-b6bd7fbd35e0,8.8,Indigenous Forest,,Western Bay of Plenty District
09daf730-02cf-4adc-855f-3e6b39d364c0,8.0,High Producing Exotic Grassland,,Western Bay of Plenty District
09e2c2fb-3e22-4669-9c5e-b3cf60783e86,10.0,High Producing Exotic Grassland,,Ōpōtiki District
09e51c04-6811-4814-9736-0a8d55f7b050,8.8,High Producing Exotic Grassland,,Western Bay of Plenty District
09e8e926-5726-49db-9328-7367168ea860,10.0,Forest - Harvested,,Western Bay of Plenty District
09edb910-e9a8-4d4f-8d95-06f014b39833,8.0,High Producing Exotic Grassland,,Western Bay of Plenty District
09f0fec9-4051-4108-924c-47e4cb5d4a51,10.0,High Producing Exotic Grassland,,Western Bay of Plenty District
09f40e09-1d90-427f-b8d3-504c0190652c,8.0,High Producing Exotic Grassland,Te Puke,Western Bay of Plenty District
09f7bb4c-d8e3-4e8e-86f7-d4c20af33637,8.0,Indigenous Forest,Te Puke,Western Bay of Plenty District
09ff33e1-c4e9-4444-b093-8eefdf441203,10.0,Indigenous Forest,,Western Bay of Plenty District
0a065033-2a89-46a2-9f0d-16572453f927,10.0,Urban Parkland/Open Space,Tauranga,Tauranga City
0a1355e9-7af2-4182-88fa-f6202d34f872,8.8,High Producing Exotic Grassland,,Western Bay of Plenty District
0a20e0a6-37ee-4aaa-8a0b-38b45e2f36dc,8.4,Short-rotation Cropland,,Whakatane District
0a2f4987-6361-4c9d-a647-3c1da76df9ce,10.0,Indigenous Forest,,Western Bay of Plenty District
0a30358a-e03e-45fd-8186-e1efdd83bfa8,10.0,High Producing Exotic Grassland,Tauranga,Western Bay of Plenty District
0a377008-5e1a-4592-9b3e-47d15ff1afac,8.0,High Producing Exotic Grassland,,Western Bay of Plenty District
0a3a85c8-c609-4e6a-864e-c187c4735db6,10.0,Exotic Forest,Tauranga,Western Bay of Plenty District
0a3b3708-f7c6-42b8-a7ca-e55820cc17c4,10.0,High Producing Exotic Grassland,,Western Bay of Plenty District
0a412b96-1609-44ee-af5a-15bb0b080da1,10.0,High Producing Exotic Grassland,,Western Bay of Plenty District
0a48a68a-3c86-484c-ac93-ea0e8ef91896,10.0,Broadleaved Indigenous Hardwoods,,Western Bay of Plenty District
0a4ab802-0a90-441a-aefe-1430b55dd7da,10.0,High Producing Exotic Grassland,,Western Bay of Plenty District
0a4c7d48-2a8f-4935-b977-d0d8cbf5de97,10.0,Urban Parkland/Open Space,Tauranga,Tauranga City
0a50282d-f7be-4a87-837b-39746ea30b77,8.0,High Producing Exotic Grassland,Pongakawa,Western Bay of Plenty District
0a527abd-0b61-4e7c-b6ba-a6b7cf9fda72,10.0,High Producing Exotic Grassland,,Western Bay of Plenty District
0a53db63-6f76-4fce-b09b-e8c905571643,10.0,High Producing Exotic Grassland,,Western Bay of Plenty District
0a626945-89f4-47ee-a1df-a04afa780a04,10.0,High Producing Exotic Grassland,,Ōpōtiki District
0a6e58a2-edfb-4b8e-9892-569889e65065,10.0,High Producing Exotic Grassland,,Ōpōtiki District
0a76cbe5-18b6-4d24-b33f-26228af99819,8.0,Mixed Exotic Shrubland,Te Puke,Western Bay of Plenty District
0a7a873b-e641-428b-b4f1-3f1ca43c6e71,8.0,High Producing Exotic Grassland,,Whakatane District
0a7b421a-e51d-4a89-a116-09fcef59f1eb,10.0,High Producing Exotic Grassland,,Western Bay of Plenty District
0a7e5faf-7516-4abc-959e-947f5eb9b95d,8.4,High Producing Exotic Grassland,,Whakatane District
0a8c8bda-8ec1-4ced-a27f-72fc7d21b6cb,10.0,High Producing Exotic Grassland,,Western Bay of Plenty District
0a933b6a-a0d8-4c9a-b5ac-0315fb3f7537,10.0,Built-up Area (settlement),Tauranga,Tauranga City
0a9db597-f5bf-4f86-8fe4-540e9aa8c3f5,10.0,High Producing Exotic Grassland,,Western Bay of Plenty District
0a9e9ced-f662-4797-a637-0980928f164f,10.0,High Producing Exotic Grassland,Te Puke,Western Bay of Plenty District
0a9fa92d-f24d-45ae-877e-95cb91b9db43,10.0,High Producing Exotic Grassland,,Western Bay of Plenty District
0aa98811-2ca5-4de4-8de9-36a5b1838f32,8.0,High Producing Exotic Grassland,,Whakatane District
0ab179da-51dc-447f-a4d1-68b647ea307d,8.0,High Producing Exotic Grassland,,Whakatane District
0abf2a8f-3781-4f62-9b1f-af0c6e51d17c,10.0,High Producing Exotic Grassland,,Western Bay of Plenty District
0ac05481-4361-47e3-8347-b3a05a5f897d,10.0,Indigenous Forest,Tauranga,Western Bay of Plenty District
0ac45403-4bc4-43ab-99ae-89c86e44f535,8.0,High Producing Exotic Grassland,Pongakawa,Western Bay of Plenty District
0acaff98-9c2b-4df1-b880-657dd1396da3,10.0,High Producing Exotic Grassland,,Western Bay of Plenty District
0ad240b7-7c8b-4692-8017-0677f5f98975,8.0,High Producing Exotic Grassland,,Whakatane District
0ad4378d-6a37-478f-aa02-0a32531d9697,8.0,High Producing Exotic Grassland,,Western Bay of Plenty District
0ada7ae0-c42c-4b9f-aa81-5840a86f1d24,10.0,Indigenous Forest,Te Puke,Western Bay of Plenty District
0aecf0a5-3fa2-4a19-8cc6-96ab4f383f22,8.0,High Producing Exotic Grassland,,Whakatane District
0b02c2bd-2768-4982-9a9d-a8f7229308f2,10.0,Built-up Area (settlement),Tauranga,Tauranga City
0b0579b8-f70a-4e66-bcf9-14f0252327f1,10.0,High Producing Exotic Grassland,,Western Bay of Plenty District
0b0aaea4-d139-49fc-95f5-0b89b7da999d,10.0,Indigenous Forest,Tauranga,Western Bay of Plenty District
0b21d3df-d972-4d4a-904a-1506dae261b0,10.0,High Producing Exotic Grassland,,Western Bay of Plenty District
0b21d638-0c3d-4cfc-83ee-4d58456f8a8d,10.0,High Producing Exotic Grassland,,Western Bay of Plenty District
0b25f7f7-15ad-423c-9b1c-fcd68b689e95,8.0,Exotic Forest,,Whakatane District
0b3b0cda-b4ba-4bd9-9a0a-a69b4345fcef,8.0,High Producing Exotic Grassland,,Whakatane District
0b41cb03-dff3-4520-ab9c-7b85f314990c,10.0,Indigenous Forest,,Western Bay of Plenty District
0b4cf48c-315e-45c5-bc2b-b736aadd14e9,10.0,High Producing Exotic Grassland,,Western Bay of Plenty District
0b6431bf-e6c3-4bd2-9b05-f49d6dcc1fb0,8.0,High Producing Exotic Grassland,,Whakatane District
0b6c2163-03ae-4c32-8122-b1b33a550fb9,8.8,High Producing Exotic Grassland,,Western Bay of Plenty District
0b784791-d31f-4ae8-9715-07a32f20058c,10.0,High Producing Exotic Grassland,,Western Bay of Plenty District
0b830fc2-6d83-4762-a87f-ad906e600afd,8.0,High Producing Exotic Grassland,,Whakatane District
0b83b8da-5160-4a73-8194-b4ef0d0c129b,9.6,Broadleaved Indigenous Hardwoods,,Western Bay of Plenty District
0b87f125-2faa-4961-8257-e15314c96e12,8.8,High Producing Exotic Grassland,,Western Bay of Plenty District
0b8b52fc-e392-4fc9-936e-76c77b71c22e,8.4,High Producing Exotic Grassland,,Ōpōtiki District
0b908f45-a55c-4b5b-82e1-0612c45eb711,10.0,High Producing Exotic Grassland,,Western Bay of Plenty District
0b91884c-064a-44d0-ae9c-abece54351b0,8.0,High Producing Exotic Grassland,Te Puke,Western Bay of Plenty District
0ba22b49-bf27-4daf-994b-eae56661f1b9,10.0,Broadleaved Indigenous Hardwoods,Tauranga,Tauranga City
0bbbfafc-fa84-432e-8547-11c74556645b,10.0,High Producing Exotic Grassland,Tauranga,Tauranga City
0bbd9508-c71f-4294-9bbe-e4d77745515a,8.0,Indigenous Forest,,Whakatane District
0bbe7f93-7e43-4e62-be3b-4849a619d85d,10.0,High Producing Exotic Grassland,,Western Bay of Plenty District
0bc78be7-7c41-44e5-bff2-0c4660440902,10.0,High Producing Exotic Grassland,,Ōpōtiki District
0bd395f0-7df9-40b3-a34b-d80bd44e13c1,9.6,High Producing Exotic Grassland,,Western Bay of Plenty District
0bd65fa4-9cf4-4e87-a8ad-81ef3f5736e0,10.0,High Producing Exotic Grassland,,Western Bay of Plenty District
0bda14be-0ff5-477f-87ce-0dcfe426f2cd,8.4,Mixed Exotic Shrubland,,Whakatane District
0bdb2504-82f5-430b-b75f-5f8d84eed1df,8.0,High Producing Exotic Grassland,,Western Bay of Plenty District
0bdb51fc-4797-4357-bd09-18d11f5c5473,10.0,High Producing Exotic Grassland,,Western Bay of Plenty District
0bde9990-4477-471b-abdd-f031e23a0c3d,10.0,High Producing Exotic Grassland,Tauranga,Tauranga City
0be1581b-da73-43ef-a26c-12bc7fa06d08,8.0,High Producing Exotic Grassland,,Whakatane District
0bf2171e-e3f1-4086-b445-c4a12641fdd6,8.4,High Producing Exotic Grassland,,Whakatane District
0bf6035b-3339-490d-8d0f-adeb6077bd8b,10.0,High Producing Exotic Grassland,,Western Bay of Plenty District
0bfc8484-ead3-4681-bdbe-07922d35a208,10.0,Urban Parkland/Open Space,Tauranga,Tauranga City
0c02ad14-b235-4c12-8ca6-2346c9c503bb,8.0,Indigenous Forest,,Ōpōtiki District
0c0329e1-df66-499e-b539-ad0d72f35155,10.0,High Producing Exotic Grassland,,Ōpōtiki District
0c05d54b-4586-4872-9f16-126a33314a7f,10.0,High Producing Exotic Grassland,,Western Bay of Plenty District
0c0d2b69-38cd-4f8f-b89a-fe99decc896f,10.0,High Producing Exotic Grassland,,Western Bay of Plenty District
0c0ea1dd-c71d-48fe-a84b-7dca7f153929,10.0,Urban Parkland/Open Space,Tauranga,Tauranga City
0c131973-b8ab-4f30-9bba-15548793b0a6,10.0,High Producing Exotic Grassland,Tauranga,Tauranga City
0c2aab74-8644-4d5d-93c4-213a72067c04,8.0,High Producing Exotic Grassland,Pongakawa,Western Bay of Plenty District
0c402cfb-b37b-488c-9328-bd7ee11cbb04,8.0,High Producing Exotic Grassland,Te Puke,Western Bay of Plenty District
0c405e29-d738-4db9-905a-df9f7917bf30,8.0,Indigenous Forest,,Whakatane District
0c42f387-d825-4e43-a0ae-e1132cabf57f,8.4,Low Producing Grassland,,Ōpōtiki District
0c4a30f4-0f4a-4aff-8da6-eb3235ffb601,10.0,Manuka and/or Kanuka,,Ōpōtiki District
0c4c3d0d-35a8-4cc4-b9f4-939953616ffe,8.4,Short-rotation Cropland,,Ōpōtiki District
0c4ee3bf-7fdd-4499-b099-9aff0f328c36,8.0,High Producing Exotic Grassland,Te Puke,Western Bay of Plenty District
0c4fdce0-f3e3-4984-bfbb-cfc4baabffbc,10.0,High Producing Exotic Grassland,,Western Bay of Plenty District
0c51cb40-1c7b-4b3d-81bf-73c8dd8f602e,10.0,High Producing Exotic Grassland,,Western Bay of Plenty District
0c55ca9f-9d01-4b59-ae4c-cc760df05593,10.0,High Producing Exotic Grassland,,Ōpōtiki District
0c6bc063-ad3d-4daf-af62-918a4e08810b,8.0,High Producing Exotic Grassland,,Western Bay of Plenty District
0c7104e2-388b-4204-8b6a-24331b98dee0,8.0,High Producing Exotic Grassland,Pongakawa,Western Bay of Plenty District
0c7b8c08-254f-44dc-bd74-ca964f945195,8.0,High Producing Exotic Grassland,,Whakatane District
0c7c23ea-972b-4ee3-a483-617533af05e1,10.0,High Producing Exotic Grassland,,Western Bay of Plenty District
0c7e57b9-f422-40e1-8535-875cdfad0446,8.0,Deciduous Hardwoods,,Whakatane District
0c8b805e-7fb3-45b8-8a17-d24e9cc6b81b,10.0,Sand and Gravel,,Tauranga City
0c92be07-0bdc-420b-9e60-b4708ce52e45,10.0,Broadleaved Indigenous Hardwoods,,Whakatane District
0c9de7d5-82fd-4db8-89c8-bcc2a145ee8e,10.0,Built-up Area (settlement),,Tauranga City
0cac0e21-9cad-4f54-801e-589b0af7a2c4,10.0,High Producing Exotic Grassland,,Western Bay of Plenty District
0cb19218-14f9-4da1-bf12-84fe9b09b331,10.0,Indigenous Forest,,Western Bay of Plenty District
0cbe6bf6-1ce9-49f6-aaa9-be5712232790,10.0,High Producing Exotic Grassland,,Western Bay of Plenty District
0cc4450d-0fa6-4fd9-bd53-19470a6deb85,10.0,High Producing Exotic Grassland,,Western Bay of Plenty District
0ccae5d3-3a2f-42e8-a76f-76e03103a624,10.0,Broadleaved Indigenous Hardwoods,,Ōpōtiki District
0cd5e3ad-dd98-42fb-ad9d-d7f51c5871fc,8.0,High Producing Exotic Grassland,,Whakatane District
0cef5760-e659-4c8c-8105-70df6d7078eb,10.0,High Producing Exotic Grassland,,Western Bay of Plenty District
0cf4bfa4-2ed5-4952-8628-b46017f26e77,10.0,High Producing Exotic Grassland,,Ōpōtiki District
0cf7c17e-1c5e-4bd6-b3c5-bb41d3dd380f,10.0,High Producing Exotic Grassland,,Western Bay of Plenty District
0cffa568-b2fc-4a37-a04a-c522e7a7f061,10.0,High Producing Exotic Grassland,,Ōpōtiki District
0d0f8cef-4a89-49c2-ac3d-4aaf183a7238,10.0,Broadleaved Indigenous Hardwoods,,Western Bay of Plenty District
0d2803d5-3915-45da-9c10-3375e640381b,10.0,High Producing Exotic Grassland,,Western Bay of Plenty District
0d2b6eb0-49b1-4667-a93b-f50edc2c0336,10.0,High Producing Exotic Grassland,Opotiki,Ōpōtiki District
0d305b46-a1c8-46f7-8fa0-996d2d8d5e46,8.4,High Producing Exotic Grassland,,Whakatane District
0d3d3e4e-94a3-4a28-89a5-19616fa77d92,10.0,High Producing Exotic Grassland,,Ōpōtiki District
0d42e242-2945-4952-9f92-38010b8e7767,10.0,High Producing Exotic Grassland,,Western Bay of Plenty District
0d492e58-36a2-4188-88e2-c2456b4fbbe8,10.0,High Producing Exotic Grassland,Tauranga,Tauranga City
0d4fd147-8a02-491e-a517-eb08a60e1e82,10.0,Indigenous Forest,Tauranga,Western Bay of Plenty District
0d56edbc-5af6-4031-adb8-3539ecbda768,8.0,High Producing Exotic Grassland,,Western Bay of Plenty District
0d5afdb4-87c8-4738-9694-8f029b010393,9.6,Broadleaved Indigenous Hardwoods,,Tauranga City
0d5eb519-4ad9-450f-9608-0307f881298d,10.0,Indigenous Forest,,Ōpōtiki District
0d66462e-fe85-4591-b7c3-8c7b1836aa5c,10.0,High Producing Exotic Grassland,,Whakatane District
0d6fda59-b7b4-456e-8d75-2b1f50be372e,8.0,High Producing Exotic Grassland,Pongakawa,Western Bay of Plenty District
0d79d2f5-fd43-469e-888c-3f73354a3322,10.0,High Producing Exotic Grassland,,Whakatane District
0d7a8f1a-4e76-4d4f-a1f1-31d02d017cad,8.4,Short-rotation Cropland,,Ōpōtiki District
0d8be644-3971-4994-9786-8d50a11848c9,8.4,Exotic Forest,,Ōpōtiki District
0d8f1d94-e84f-42ba-abb9-ffa84f6a01f6,10.0,Forest - Harvested,,Western Bay of Plenty District
0d9b9b34-47b9-44ae-b1d1-8004f6c1288d,9.6,High Producing Exotic Grassland,,Western Bay of Plenty District
0da66336-2352-4e53-b4b9-409d31465f25,10.0,High Producing Exotic Grassland,,Western Bay of Plenty District
0dad688f-d65a-453d-9490-eb03d3e86d23,10.0,High Producing Exotic Grassland,,Western Bay of Plenty District
0db53a83-4b23-4653-8fb5-219755dbba93,8.0,Indigenous Forest,,Whakatane District
0db99490-c81f-4905-a784-f31ae75f26ed,10.0,High Producing Exotic Grassland,,Western Bay of Plenty District
0dc01605-c632-4ceb-9709-237364dabb44,8.0,Built-up Area (settlement),,Tauranga City
0dcaa077-e24e-43ed-a3d0-b91006d7db86,10.0,High Producing Exotic Grassland,,Western Bay of Plenty District
0dd2260b-69f7-4553-a32a-e6e1a5ec51c9,10.0,High Producing Exotic Grassland,,Western Bay of Plenty District
0ddc1f23-e9a1-4fa6-aa88-62dbd169af58,10.0,High Producing Exotic Grassland,,Western Bay of Plenty District
0de9bcbb-6dd5-4564-a402-5e02f8866894,10.0,High Producing Exotic Grassland,,Whakatane District
0def5abf-feb9-4390-ba04-0daa310b858c,10.0,High Producing Exotic Grassland,Tauranga,Western Bay of Plenty District
0df66212-4ed0-4801-b175-09729d41b51c,9.6,High Producing Exotic Grassland,,Western Bay of Plenty District
0e0c0ed3-ad1c-4670-ae4b-a1bd6b50b5c4,10.0,High Producing Exotic Grassland,,Tauranga City
0e0e2e3f-faab-4af8-9be1-6fa705bb4f76,8.0,High Producing Exotic Grassland,,Western Bay of Plenty District
0e0f80c6-f250-46d6-a178-6f1a0d1f2d72,8.0,High Producing Exotic Grassland,,Whakatane District
0e1f3486-a4f5-4623-a23e-bd6691774956,10.0,High Producing Exotic Grassland,,Ōpōtiki District
0e240d84-b7dd-4269-9877-fafbce8593c3,10.0,High Producing Exotic Grassland,,Western Bay of Plenty District
0e240e58-f590-41c8-b01f-c0d79de31274,8.0,Exotic Forest,,Ōpōtiki District
0e28f9e7-d0ba-461e-abcd-7d614153826e,8.8,High Producing Exotic Grassland,,Western Bay of Plenty District
0e2c189e-045e-406b-b880-7ee837191261,10.0,High Producing Exotic Grassland,,Western Bay of Plenty District
0e2cfac0-4e32-4757-b07a-8b62bbfa2b90,10.0,High Producing Exotic Grassland,,Western Bay of Plenty District
0e3695fb-8ba6-4882-8b73-cf664665903c,8.0,High Producing Exotic Grassland,,Western Bay of Plenty District
0e37d1c8-465b-4cce-84a5-e597a936baea,10.0,Gorse and/or Broom,,Western Bay of Plenty District
0e38bff7-4dff-4291-9ad0-fa636dd2ea41,10.0,High Producing Exotic Grassland,,Western Bay of Plenty District
0e4955f8-bfdf-404b-ad69-999a44bdae80,10.0,Gorse and/or Broom,,Whakatane District
0e522acb-fdc9-46f0-8614-b67e9f9ab269,8.4,High Producing Exotic Grassland,,Whakatane District
0e54c4e3-53f1-4e75-bbe5-9a0b4057024d,10.0,High Producing Exotic Grassland,,Western Bay of Plenty District
0e5bd33c-45ea-4275-8061-7e0ab2c4ed6e,8.8,Indigenous Forest,,Western Bay of Plenty District
0e5cb74e-ae70-44b8-83ff-3a4288173a7b,8.4,High Producing Exotic Grassland,,Whakatane District
0e6605bf-3b88-4aeb-9266-dee7e78662ea,10.0,Indigenous Forest,,Whakatane District
0e80a49e-bad3-48ec-a93c-467c4751c436,10.0,High Producing Exotic Grassland,,Western Bay of Plenty District
0e8398be-7589-4125-9ecb-9fdbf0233c0f,10.0,High Producing Exotic Grassland,,Ōpōtiki District
0e83e792-f501-47e8-95da-7b1a15250dbe,9.6,High Producing Exotic Grassland,,Western Bay of Plenty District
0e8c33b8-4b29-4320-ab2b-ad9932d3039b,10.0,High Producing Exotic Grassland,Tauranga,Western Bay of Plenty District
0e93188a-e640-490c-89bd-e6b3ce15ffa7,10.0,High Producing Exotic Grassland,Tauranga,Western Bay of Plenty District
0e9c94f1-be99-4abf-9e68-6cbc62fddcca,10.0,High Producing Exotic Grassland,,Western Bay of Plenty District
0ea961ab-9a7f-40ae-92b2-aaacc3f7b530,10.0,Indigenous Forest,,Western Bay of Plenty District
0ea967cb-4b7d-4f3c-8959-bba7db499eb3,8.8,Indigenous Forest,,Western Bay of Plenty District
0eb69331-5a74-4048-8f25-a7213e218b57,10.0,Indigenous Forest,,Ōpōtiki District
0eb6f319-aa74-4a88-9994-5644448c266d,8.4,Short-rotation Cropland,,Ōpōtiki District
0eb7b1df-101d-4cc6-b641-5e28e2df5583,8.0,High Producing Exotic Grassland,,Whakatane District
0eb9aeae-5dc6-4ba8-90b8-cd33f24073e2,8.0,High Producing Exotic Grassland,,Whakatane District
0ebf6b68-6c3a-47ee-b786-be075b595f0d,8.0,High Producing Exotic Grassland,,Whakatane District
0ecdfc5d-9a1a-4101-8fb7-4ebdbce9f216,8.0,High Producing Exotic Grassland,,Whakatane District
0ed093eb-8307-42bd-b854-7188b214eeb1,8.4,High Producing Exotic Grassland,,Whakatane District
0edb24ee-00b0-4ab3-871e-21315ab856cb,10.0,High Producing Exotic Grassland,,Western Bay of Plenty District
0edc8612-1fc4-4dd9-acbb-13595e9ca6df,10.0,High Producing Exotic Grassland,,Western Bay of Plenty District
0ee0963e-121c-45be-bad7-27e63996e326,10.0,High Producing Exotic Grassland,,Western Bay of Plenty District
0ee13f8c-e207-48d3-a998-731895c6b2e5,10.0,High Producing Exotic Grassland,,Ōpōtiki District
0ee695e8-b42f-4b8d-afa5-c84651317668,8.4,High Producing Exotic Grassland,,Whakatane District
0ee94f57-97d4-4435-b442-12166d478187,9.6,High Producing Exotic Grassland,Tauranga,Western Bay of Plenty District
0eed1977-a020-47d4-ab5e-8a69b491b86b,10.0,High Producing Exotic Grassland,,Western Bay of Plenty District
0eee80dd-1ccd-48b8-8d01-6e46f01935e7,8.0,High Producing Exotic Grassland,,Whakatane District
0ef21bc0-cf03-4c9d-8278-79597e19669a,10.0,High Producing Exotic Grassland,,Western Bay of Plenty District
0f10a11c-30a9-41fb-987f-b0d8227ee364,10.0,High Producing Exotic Grassland,,Western Bay of Plenty District
0f11eba6-6c2f-4932-a010-a7c7745006ef,10.0,High Producing Exotic Grassland,Tauranga,Tauranga City
0f14c976-3e89-41ae-996a-cbb7cf0385ce,9.6,Indigenous Forest,,Western Bay of Plenty District
0f1ddb81-61cf-439a-b493-6bcf5aa11aad,10.0,Built-up Area (settlement),Tauranga,Tauranga City
0f21f508-7393-4367-9eda-92bf6328dfa9,10.0,Gorse and/or Broom,Tauranga,Tauranga City
0f230c19-e9bd-4885-a544-344cd3216d63,8.0,High Producing Exotic Grassland,,Western Bay of Plenty District
0f27cb08-78d9-4ce6-aa18-6560af0b812d,8.4,Short-rotation Cropland,,Ōpōtiki District
0f2a3460-5d83-4ae7-9163-23e810e3f803,10.0,High Producing Exotic Grassland,Tauranga,Western Bay of Plenty District
0f2ae1ef-0386-40a6-8098-35fec6d99195,8.8,Low Producing Grassland,,Western Bay of Plenty District
0f2badaf-4026-4b09-ad82-ae4b84e4f86c,10.0,High Producing Exotic Grassland,,Western Bay of Plenty District
0f3452a6-a3d8-46d9-bae0-d692cd163ab5,8.0,Manuka and/or Kanuka,,Whakatane District
0f37e0a2-f5ea-4632-bae7-ed36f37fa41f,10.0,High Producing Exotic Grassland,,Western Bay of Plenty District
0f38850e-d6d6-4d8d-8057-69098042ee8b,10.0,High Producing Exotic Grassland,,Western Bay of Plenty District
0f39ca62-a0fd-40b9-a929-78feaad4ffe6,10.0,High Producing Exotic Grassland,,Western Bay of Plenty District
0f3a4bb8-c249-477a-b2ee-8430a5ff016e,8.0,High Producing Exotic Grassland,,Whakatane District
0f3b58f2-9438-4b53-a5b9-8ec629d9b40a,8.4,High Producing Exotic Grassland,,Ōpōtiki District
0f3d7622-65e6-4952-84db-ed61d040f4aa,8.4,High Producing Exotic Grassland,Opotiki,Ōpōtiki District
0f3dc3f8-7542-42d6-b703-f04e53b85b3b,8.0,High Producing Exotic Grassland,,Whakatane District
0f496351-ba7b-410a-a3c0-f94fa39ad8f7,8.4,Short-rotation Cropland,,Whakatane District
0f5e9cf9-60f7-4e09-bf9d-7e7057e4bfcd,10.0,High Producing Exotic Grassland,,Western Bay of Plenty District
0f60858d-172e-46b3-98f6-a884db7ab90b,10.0,High Producing Exotic Grassland,Tauranga,Western Bay of Plenty District
0f6249b3-9a2f-445c-aee5-b5d33b80ca64,10.0,Indigenous Forest,,Western Bay of Plenty District
0f650ca3-d561-40e8-99db-1a1a4509e4e6,10.0,High Producing Exotic Grassland,,Western Bay of Plenty District
0f678223-54f0-45d7-82a5-80141c62f038,10.0,Indigenous Forest,,Whakatane District
0f734c92-9927-44fe-be99-42df3ff316b6,8.0,Gorse and/or Broom,,Whakatane District
0f764b81-5704-491e-8b7b-6df33d4ab106,8.4,High Producing Exotic Grassland,,Whakatane District
0f7bfb9a-e6a2-4de8-8630-4e42646b3014,10.0,Broadleaved Indigenous Hardwoods,Tauranga,Tauranga City
0f7c4a33-8bfb-4bb9-9160-3ca2fb67c371,8.0,High Producing Exotic Grassland,,Whakatane District
0f7f902a-f1a5-4e7d-9d82-dc57824f9d6e,10.0,Indigenous Forest,,Western Bay of Plenty District
0f81c74b-393f-4d4a-83c8-52ae8ac4260a,9.6,Indigenous Forest,,Whakatane District
0f829e22-ae1c-4f0b-a20f-aa845cac4c72,10.0,High Producing Exotic Grassland,,Western Bay of Plenty District
0f849288-d8b1-4e96-bb39-c2ed7379c297,8.0,Exotic Forest,,Western Bay of Plenty District
0f868cd3-72c9-4894-aad0-2a2d2b0c3a4e,8.8,High Producing Exotic Grassland,,Western Bay of Plenty District
0f86f5ae-810e-432a-b20e-021f13a5d08f,10.0,High Producing Exotic Grassland,,Western Bay of Plenty District
0f8f95c1-460f-429b-9505-54d0b43070e1,10.0,Indigenous Forest,,Western Bay of Plenty District
0fa0d6c6-e8bd-43c8-b75a-94fe3c690993,10.0,High Producing Exotic Grassland,,Western Bay of Plenty District
0fa4d91d-d33f-4260-b242-1d0e7783dbfc,10.0,High Producing Exotic Grassland,,Western Bay of Plenty District
0fb11db1-eb86-4c8f-9494-8fa783bb2dee,9.6,Indigenous Forest,,Western Bay of Plenty District
0fba82dc-a72f-4919-bef4-63759284e675,10.0,High Producing Exotic Grassland,,Ōpōtiki District
0fcfa30c-4f8e-4b6d-b461-655f256d854b,8.0,High Producing Exotic Grassland,,Whakatane District
0fd02b7a-ca61-485f-bcf8-996e24bfdf4c,10.0,High Producing Exotic Grassland,,Western Bay of Plenty District
0fd3fdd8-4786-45a4-8caa-b59a3dcfc9b0,10.0,Urban Parkland/Open Space,Tauranga,Tauranga City
0fd46842-1b63-436e-9ed3-700becc03364,8.0,High Producing Exotic Grassland,,Whakatane District
0fdc0025-6b14-4a68-a087-c508aa7dcd80,10.0,High Producing Exotic Grassland,,Western Bay of Plenty District
0fdc67fd-9228-493e-b125-100ec8793e99,10.0,Indigenous Forest,,Ōpōtiki District
0ffd3feb-26a4-4ec8-84ac-73d8ac5b3ddc,9.6,Indigenous Forest,,Western Bay of Plenty District
10141f09-0f3f-4da7-8db3-4d6aaac55ab7,8.4,High Producing Exotic Grassland,,Whakatane District
1016c2f2-b93f-40c4-90cc-56fafa582b54,10.0,Indigenous Forest,,Western Bay of Plenty District
1017edf1-e8b7-42b2-a8f5-9418ec7ec681,8.4,Short-rotation Cropland,,Ōpōtiki District
101d4450-b820-468e-81c8-503de2f7503d,10.0,High Producing Exotic Grassland,,Western Bay of Plenty District
101e87e9-241e-447c-b3bf-25c7c7dd8aa7,8.8,Indigenous Forest,,Western Bay of Plenty District
10243e13-05d5-4581-87d8-6a187fac81ed,10.0,Indigenous Forest,,Western Bay of Plenty District
10302e69-3f41-4e36-a8ba-e4a9fc2e2250,8.8,High Producing Exotic Grassland,,Western Bay of Plenty District
10359c7c-0704-4201-a3d6-29c56e5a7ac6,8.0,High Producing Exotic Grassland,,Whakatane District
1037db0b-142d-473d-b5c7-3c8b5f6710fa,8.0,High Producing Exotic Grassland,,Whakatane District
10383174-3b91-4a40-b8d2-b9cf79f0e005,10.0,High Producing Exotic Grassland,,Western Bay of Plenty District
1042d257-09aa-4457-a33b-d6f610074097,10.0,Indigenous Forest,,Ōpōtiki District
1048525c-9d0c-4a22-9304-6a240025d14f,9.6,Indigenous Forest,,Western Bay of Plenty District
105a5d96-5afc-4464-b50f-8d908e5fc8a3,10.0,Indigenous Forest,,Western Bay of Plenty District
105b0817-f0f9-4fe1-8f74-83f67457d0ab,8.8,High Producing Exotic Grassland,,Western Bay of Plenty District
105c7341-6f0f-49c7-bd47-90a22a9d0930,10.0,High Producing Exotic Grassland,,Western Bay of Plenty District
105cbfa7-31dc-47bf-b87f-2ad793136d06,10.0,Indigenous Forest,,Ōpōtiki District
1066edba-e8a1-4eb0-94e2-8228fd9e548a,8.0,Indigenous Forest,,Whakatane District
106de721-043b-4461-97dd-7dfbb837ea75,10.0,High Producing Exotic Grassland,Tauranga,Tauranga City
1072f109-7514-4320-b644-e0d3574136b1,10.0,Manuka and/or Kanuka,,Ōpōtiki District
10737496-2ffe-4067-bffd-e7ae9a056acd,8.4,High Producing Exotic Grassland,,Whakatane District
107a5bb1-9980-4d2f-ab2f-6b435034f4cb,10.0,High Producing Exotic Grassland,Tauranga,Western Bay of Plenty District
107f2e67-0dcf-44fc-995b-c65976b7ffbf,10.0,High Producing Exotic Grassland,,Western Bay of Plenty District
108077ac-fc3b-4746-a28c-79682bbe8c26,10.0,High Producing Exotic Grassland,,Whakatane District
1098770,10.0,Indigenous Forest,,Whakatane District
109986c3-e3f0-4bcf-91af-16880410eda3,10.0,High Producing Exotic Grassland,Tauranga,Tauranga City
109a3ac6-ec47-4add-98e0-7a2970a19e66,9.5,High Producing Exotic Grassland,,Western Bay of Plenty District
10aa1ba2-3ab3-445c-8184-e6e02c3260c6,8.0,High Producing Exotic Grassland,,Whakatane District
10ab8cf7-5924-4bcf-8342-ca2a64f49dda,8.4,Lake or Pond,,Whakatane District
10aee040-0414-4309-8b07-55678c46a9d9,10.0,High Producing Exotic Grassland,,Western Bay of Plenty District
10aee9d9-9582-4fb6-9532-135f217232db,8.0,Built-up Area (settlement),Te Puke,Western Bay of Plenty District
10aeef57-e591-4c02-9e02-4f38b9cda6b6,10.0,High Producing Exotic Grassland,,Western Bay of Plenty District
10b4e46e-641b-432c-95f5-8ead96394306,8.8,High Producing Exotic Grassland,,Western Bay of Plenty District
10b802eb-6fd3-45da-a0f1-62edd3fea9ec,10.0,Exotic Forest,Tauranga,Tauranga City
10bc6ec9-d02b-47e6-88e7-46e6e5039278,10.0,High Producing Exotic Grassland,,Western Bay of Plenty District
10c2ca91-f5be-4479-932b-3b796f844a91,10.0,Manuka and/or Kanuka,,Ōpōtiki District
10cae9eb-2043-4ce8-a152-f0cf228c4eae,10.0,Exotic Forest,,Western Bay of Plenty District
10d3798a-d331-49c3-9ae4-70ba2100c81b,8.4,High Producing Exotic Grassland,,Whakatane District
10d99e4f-9356-4d6c-b803-f52cceb33228,10.0,High Producing Exotic Grassland,,Western Bay of Plenty District
10da3796-d692-45a8-8855-5618b796fefa,8.4,Short-rotation Cropland,,Ōpōtiki District
10e0ce00-fe44-4351-b291-3a89ca362328,10.0,High Producing Exotic Grassland,,Western Bay of Plenty District
10edee34-edf0-4a84-8f79-fef0cd1c9221,10.0,High Producing Exotic Grassland,Tauranga,Western Bay of Plenty District
10f94ca0-ed31-45c4-9bfc-db0e2035015d,10.0,High Producing Exotic Grassland,,Western Bay of Plenty District
10fe7e16-70cb-4330-aa8f-d58c96317700,10.0,High Producing Exotic Grassland,Tauranga,Tauranga City
110550aa-e730-42c4-839c-ef23c5399aaa,8.0,High Producing Exotic Grassland,Pongakawa,Western Bay of Plenty District
110b77fc-1827-473a-a861-0f66650b0c97,8.4,High Producing Exotic Grassland,,Whakatane District
110fabb1-0c9c-4293-99d0-98c9f4c448b5,8.0,High Producing Exotic Grassland,,Whakatane District
11117613-9e58-4b1f-816e-d07a4db11086,10.0,High Producing Exotic Grassland,,Western Bay of Plenty District
1132634d-acb1-456a-b5b2-84f7d5749123,8.0,High Producing Exotic Grassland,Te Puke,Western Bay of Plenty District
114aaa46-d56d-480c-9fb0-0d2c8f809736,10.0,High Producing Exotic Grassland,,Western Bay of Plenty District
114ff0f7-285f-4b62-beb8-d48245377258,8.4,High Producing Exotic Grassland,,Ōpōtiki District
1165a490-df89-4166-b7e5-677f007b8796,10.0,High Producing Exotic Grassland,,Western Bay of Plenty District
117270cc-b2c1-408b-943e-26b86603dd1a,10.0,High Producing Exotic Grassland,,Western Bay of Plenty District
1176f03e-1198-4697-808c-42bcc7e778ec,10.0,Indigenous Forest,,Western Bay of Plenty District
117b1991-4f77-463b-8128-8adb26a4b86f,10.0,High Producing Exotic Grassland,,Western Bay of Plenty District
117c5e4b-e244-4d5e-9b5b-e6c76d27d772,8.0,Exotic Forest,,Whakatane District
1184dc7e-7222-4c78-bed9-e80cae0a9578,10.0,Built-up Area (settlement),,Western Bay of Plenty District
118bfdac-25ef-4f4f-98f6-cf3f51f195ae,8.4,High Producing Exotic Grassland,,Ōpōtiki District
1196941,10.0,Exotic Forest,,Western Bay of Plenty District
119713be-4739-4a17-977b-2def8da14f6e,8.0,Indigenous Forest,,Whakatane District
11984016-0567-40a7-8a7f-cb5ed7099d35,10.0,High Producing Exotic Grassland,,Western Bay of Plenty District
119ea856-03f7-4f0d-9769-5c0faa11be9f,10.0,Built-up Area (settlement),Katikati,Western Bay of Plenty District
11a6b539-afbf-459a-91c5-61df18ab5df6,9.6,Exotic Forest,,Western Bay of Plenty District
11b21758-c183-46f8-98ad-d98938fdf0d6,8.0,High Producing Exotic Grassland,,Whakatane District
11ba3293-b70f-4708-896a-554923dc0103,9.6,Low Producing Grassland,Tauranga,Western Bay of Plenty District
11c5ced3-2318-4b0b-a2e1-2e4135424174,10.0,Short-rotation Cropland,,Ōpōtiki District
11c8e825-2c2a-4c79-ba31-4972d946d225,10.0,Manuka and/or Kanuka,,Ōpōtiki District
11cb541b-a121-42d5-a322-85d7a0817f19,8.4,Short-rotation Cropland,,Ōpōtiki District
11cf715c-6373-43bf-b320-372596dbe63e,8.0,High Producing Exotic Grassland,,Western Bay of Plenty District
11d05cec-840b-423a-84a6-bfc5aa09ed85,10.0,Broadleaved Indigenous Hardwoods,,Western Bay of Plenty District
11da465e-02b7-42d6-867c-7fc24693a9bf,10.0,High Producing Exotic Grassland,,Ōpōtiki District
11db16a4-bccf-44c3-8960-c2cee813bc9b,10.0,High Producing Exotic Grassland,Tauranga,Tauranga City
11e18d38-d89a-4f61-9245-0cbd326bc393,10.0,High Producing Exotic Grassland,,Western Bay of Plenty District
11e2ef84-8710-4348-87d0-82f450ef9b62,10.0,High Producing Exotic Grassland,Pongakawa,Western Bay of Plenty District
11e6a3ac-6235-47c0-b3fe-cba5dd6c252d,10.0,Built-up Area (settlement),Tauranga,Tauranga City
11e704af-9483-4d92-9d4b-cc62c88585ba,10.0,High Producing Exotic Grassland,,Western Bay of Plenty District
11e7bafd-9538-4d95-9c44-73371ef6d50c,10.0,High Producing Exotic Grassland,,Western Bay of Plenty District
11f03251-b92e-4dac-aca6-d5c056701d19,10.0,High Producing Exotic Grassland,,Ōpōtiki District
11f66fac-8b86-4bf4-a7c1-25ff7f024f76,10.0,High Producing Exotic Grassland,,Western Bay of Plenty District
11f81935-9f77-44d9-a734-44abaeafe5d4,10.0,Indigenous Forest,,Western Bay of Plenty District
11fb622f-039a-4701-ae4b-9007c350f434,10.0,Indigenous Forest,Te Puke,Western Bay of Plenty District
11ffe65b-8f5c-4a54-9b5d-8a88ea8b68a4,8.4,River,,Ōpōtiki District
120186b5-ed3f-4616-8eb7-5a0d4dbcbc6f,8.0,High Producing Exotic Grassland,,Whakatane District
120aa02e-088c-4ab9-895c-304414517e69,10.0,Built-up Area (settlement),,Western Bay of Plenty District
120c60db-d097-49ab-a821-b9995acd9c28,10.0,High Producing Exotic Grassland,,Western Bay of Plenty District
1229760,8.0,Urban Parkland/Open Space,Tauranga,Tauranga City
1233032,10.0,Built-up Area (settlement),,Tauranga City
1233033,10.0,Built-up Area (settlement),,Tauranga City
123413a8-ea66-4aeb-bb32-f12761e1fabf,10.0,High Producing Exotic Grassland,,Western Bay of Plenty District
123a67a8-1e90-4655-a266-207411163ad9,10.0,High Producing Exotic Grassland,,Western Bay of Plenty District
1242040,10.0,High Producing Exotic Grassland,,Western Bay of Plenty District
1246676,8.0,High Producing Exotic Grassland,,Western Bay of Plenty District
1246677,10.0,Indigenous Forest,,Western Bay of Plenty District
1249d6a3-e52d-4fb1-84cb-05691f6dc426,10.0,High Producing Exotic Grassland,Tauranga,Tauranga City
1249f116-bf0e-4b20-9a3b-74e603084953,10.0,High Producing Exotic Grassland,,Western Bay of Plenty District
124b54e5-7d7d-4c7e-89e1-808244d61360,10.0,Indigenous Forest,,Western Bay of Plenty District
1251326,10.0,High Producing Exotic Grassland,,Western Bay of Plenty District
1251cf4a-635d-49c9-a268-912f19a746ba,10.0,High Producing Exotic Grassland,,Western Bay of Plenty District
1253715,10.0,High Producing Exotic Grassland,,Western Bay of Plenty District
1253716,10.0,Herbaceous Freshwater Vegetation,,Western Bay of Plenty District
1258531,10.0,High Producing Exotic Grassland,Tauranga,Tauranga City
1258532,10.0,Low Producing Grassland,Tauranga,Tauranga City
1262237,10.0,Built-up Area (settlement),,Tauranga City
12657c9d-4f0d-4be4-b7c7-b45e92993651,10.0,Broadleaved Indigenous Hardwoods,Tauranga,Tauranga City
1268644,8.4,Urban Parkland/Open Space,Opotiki,Ōpōtiki District
1269880,10.0,High Producing Exotic Grassland,,Western Bay of Plenty District
1269882,10.0,High Producing Exotic Grassland,,Western Bay of Plenty District
126e7526-78ea-4f18-b1a3-d717766fcd1c,10.0,High Producing Exotic Grassland,,Western Bay of Plenty District
1270206,10.0,Urban Parkland/Open Space,Tauranga,Tauranga City
1270207,10.0,Urban Parkland/Open Space,Tauranga,Tauranga City
1270748f-e019-42b3-a465-694f12fb1126,10.0,High Producing Exotic Grassland,,Western Bay of Plenty District
1273508,10.0,Urban Parkland/Open Space,,Ōpōtiki District
1273b63b-b325-4199-8e21-f23d4a8eca04,9.6,Indigenous Forest,,Whakatane District
1274060,10.0,High Producing Exotic Grassland,,Western Bay of Plenty District
1274a7c3-64bf-407f-b715-82f240a3daf4,10.0,High Producing Exotic Grassland,Pongakawa,Western Bay of Plenty District
1279da0a-dafd-4320-a6a1-02a89ed38af2,8.0,High Producing Exotic Grassland,Pongakawa,Western Bay of Plenty District
127bb443-c6df-4ed2-82b6-9975afecf6ce,10.0,High Producing Exotic Grassland,,Ōpōtiki District
127ed470-5221-4bc9-a73b-bb11f3929a43,8.0,High Producing Exotic Grassland,,Whakatane District
127f5bce-7c27-44b8-b872-520e23bcc30d,10.0,Exotic Forest,Tauranga,Tauranga City
1285563,8.4,High Producing Exotic Grassland,,Ōpōtiki District
1288867b-4992-4100-899e-8e186789de9d,10.0,Forest - Harvested,Tauranga,Western Bay of Plenty District
1289243,9.6,Manuka and/or Kanuka,,Whakatane District
1289244,9.6,Manuka and/or Kanuka,,Whakatane District
1291936,8.0,Short-rotation Cropland,,Western Bay of Plenty District
1291937,8.0,High Producing Exotic Grassland,,Western Bay of Plenty District
1298835,10.0,Exotic Forest,,Western Bay of Plenty District
129991b7-6215-42ae-a5f9-727ba8a432e1,10.0,Exotic Forest,Tauranga,Tauranga City
12a4030b-3380-4ef5-852b-03144ab58ed9,8.4,High Producing Exotic Grassland,,Whakatane District
12b1ed94-49d6-420b-885e-772b61b64036,10.0,High Producing Exotic Grassland,,Western Bay of Plenty District
12b58b9e-da2f-4746-b958-ec4d18aa86bf,10.0,High Producing Exotic Grassland,Tauranga,Western Bay of Plenty District
12b71e1e-5794-40b9-9db0-ebe75ce0018f,10.0,Indigenous Forest,,Ōpōtiki District
12b95b98-71e8-49bb-95ab-a499292276a3,10.0,Forest - Harvested,,Western Bay of Plenty District
12be4ce6-eab0-4836-a8dc-bb2dd5213760,10.0,High Producing Exotic Grassland,,Western Bay of Plenty District
12beb4a3-3346-4de2-a8d6-9657d401d21d,10.0,High Producing Exotic Grassland,Tauranga,Tauranga City
12c056e8-4423-44bf-9dd8-1c5342c4bbb6,10.0,High Producing Exotic Grassland,Tauranga,Tauranga City
12c9d13c-6a6d-46d0-ad79-ae59f24a7ac0,10.0,High Producing Exotic Grassland,,Western Bay of Plenty District
12cb54ce-8e6f-4d3b-b5f4-334cae552958,10.0,High Producing Exotic Grassland,,Western Bay of Plenty District
12d3b70f-a12e-4a61-95b1-dd66141a6774,10.0,High Producing Exotic Grassland,,Western Bay of Plenty District
12e07822-0184-47b3-9ee4-bcb90194a312,10.0,High Producing Exotic Grassland,,Ōpōtiki District
12e2a00e-c1ff-4dc2-90a7-0afcc29dff8b,8.0,High Producing Exotic Grassland,,Whakatane District
12e4c01d-ac7c-45d7-9023-18b6418fb081,10.0,High Producing Exotic Grassland,,Western Bay of Plenty District
12ea9de9-797c-4fde-9db0-f813c4a8ef38,8.8,High Producing Exotic Grassland,,Western Bay of Plenty District
12f4a6ee-fa18-49a0-b621-ede5a203d1f7,8.0,Indigenous Forest,,Whakatane District
13072482-6363-4f7e-8108-8f568b5a0dec,10.0,High Producing Exotic Grassland,,Whakatane District
130af3b5-b2f0-4599-ad3b-d245192564a3,8.0,High Producing Exotic Grassland,,Western Bay of Plenty District
130e5e35-2030-4d5a-847c-c301c3424517,8.4,High Producing Exotic Grassland,,Ōpōtiki District
13106b33-a47d-4713-85a8-2c3af000a677,8.4,High Producing Exotic Grassland,,Ōpōtiki District
1314143a-4f91-4c67-8801-da79e70a20ab,10.0,Exotic Forest,,Western Bay of Plenty District
131455b7-88a6-46b0-b44d-2071221234ef,8.0,High Producing Exotic Grassland,,Whakatane District
1315dba8-4a77-4474-a5b3-cc64cbc1931f,10.0,Exotic Forest,,Western Bay of Plenty District
131bf590-543b-4f0e-ab1b-e86cf8814242,10.0,High Producing Exotic Grassland,,Western Bay of Plenty District
131d4c1e-9b18-4792-b364-d5e57762d4a0,8.0,High Producing Exotic Grassland,,Western Bay of Plenty District
131da6e8-9d2f-4ebc-9c23-ddc2cb625ad1,8.0,High Producing Exotic Grassland,,Whakatane District
131ecd4f-a015-4414-a5a2-76eb3aa11800,8.0,High Producing Exotic Grassland,,Western Bay of Plenty District
1320e493-5493-49a0-93e2-b36e03a24b65,10.0,Low Producing Grassland,Tauranga,Tauranga City
132264,10.0,High Producing Exotic Grassland,,Western Bay of Plenty District
13227894-daf2-4a80-98c4-40751356bddb,8.0,High Producing Exotic Grassland,,Ōpōtiki District
13244b31-a2b6-4d4d-abfe-2344f4adfeaf,8.0,Short-rotation Cropland,,Whakatane District
133700be-440b-4a32-9b20-d6c89f06dd26,8.0,High Producing Exotic Grassland,Pongakawa,Western Bay of Plenty District
13429346-49e1-4bee-84ae-6ce694334d8f,8.4,High Producing Exotic Grassland,,Whakatane District
1343c873-9449-4cbb-9615-93beeeb67b04,10.0,High Producing Exotic Grassland,Tauranga,Western Bay of Plenty District
1347a664-74c6-407e-b94c-cba10e5321d9,10.0,High Producing Exotic Grassland,,Ōpōtiki District
1348d490-bc92-44f4-a616-60bf0784ac48,10.0,High Producing Exotic Grassland,,Western Bay of Plenty District
134b3f21-5af7-480f-b3eb-872f9e049663,8.0,High Producing Exotic Grassland,,Whakatane District
13584de3-ca5b-415b-80b7-e266df11cd48,10.0,High Producing Exotic Grassland,,Western Bay of Plenty District
135c6893-9a86-45f2-888d-a397c985135a,10.0,High Producing Exotic Grassland,,Western Bay of Plenty District
135df248-efb0-47e2-82da-3ab1e456f3da,10.0,High Producing Exotic Grassland,,Western Bay of Plenty District
135e54e2-41bd-4c60-9860-44895d990490,9.5,High Producing Exotic Grassland,,Western Bay of Plenty District
1361c5a3-9eb1-4a46-bba8-ebfcd962aee0,8.4,Short-rotation Cropland,,Whakatane District
13651095-051d-4561-bff6-7946129d4924,10.0,High Producing Exotic Grassland,,Tauranga City
13716846-00f3-43f8-ae72-4c5a506c0144,10.0,High Producing Exotic Grassland,,Western Bay of Plenty District
137c7871-39d1-4d7c-9fd8-a12fd916b96b,10.0,Low Producing Grassland,Tauranga,Tauranga City
13826c0e-911f-4f57-acfc-ee8ca2c7b521,10.0,High Producing Exotic Grassland,,Western Bay of Plenty District
13854a2b-3b31-45a1-a647-5d5909f194fc,10.0,High Producing Exotic Grassland,Pongakawa,Western Bay of Plenty District
1390ee21-5d03-4d93-9ba3-400eeda9d82f,10.0,High Producing Exotic Grassland,,Ōpōtiki District
139277bb-ed0f-4731-b584-038a1925d95d,10.0,High Producing Exotic Grassland,,Western Bay of Plenty District
1398f0f7-0c0b-4824-b73a-d247114d82ce,10.0,Indigenous Forest,,Ōpōtiki District
139ceb26-24b5-41b0-afbf-716eb492cfbb,10.0,High Producing Exotic Grassland,,Tauranga City
139e54a2-e942-444d-9bf3-7e6108dc293c,10.0,High Producing Exotic Grassland,,Western Bay of Plenty District
13b6067e-f8c0-4002-8cc6-f2fc1c069878,10.0,High Producing Exotic Grassland,,Western Bay of Plenty District
13b8f67e-6d7d-4315-b14d-d94708fb22ec,8.4,Manuka and/or Kanuka,,Ōpōtiki District
13bad3d1-8b0a-4a29-a1f9-1bfab6ac27fe,10.0,High Producing Exotic Grassland,,Western Bay of Plenty District
13bd29a4-c865-489f-afd0-42f22bd36af6,8.0,Short-rotation Cropland,,Whakatane District
13c1f6a2-7b08-436c-be57-c999bbdebb2d,8.0,High Producing Exotic Grassland,,Whakatane District
13c655b6-ee09-4241-8f80-965694dbbb5a,8.0,High Producing Exotic Grassland,,Whakatane District
13cbdfa0-4812-4c31-a6c5-b7d1d221eaf4,10.0,Built-up Area (settlement),Tauranga,Tauranga City
13e3d165-2864-45af-9f2a-b869bfc4a052,8.0,High Producing Exotic Grassland,,Whakatane District
13ed75f7-941e-4e83-aad5-bb674536b1a3,10.0,Exotic Forest,,Western Bay of Plenty District
14090f2c-dbdc-4b64-81d3-77e231a23b10,10.0,High Producing Exotic Grassland,Tauranga,Tauranga City
14125bcb-efaf-4e8e-83c2-bfa1494c0dae,10.0,Herbaceous Freshwater Vegetation,Tauranga,Tauranga City
14139b9c-3f69-4f69-b92a-88a28ac2d83b,8.0,High Producing Exotic Grassland,Pongakawa,Western Bay of Plenty District
14294518-2508-4ee3-8143-6ae979838874,8.4,High Producing Exotic Grassland,,Whakatane District
142d59ed-9383-44a2-8439-2583ac8e2466,8.0,High Producing Exotic Grassland,,Whakatane District
142dd3d8-0dc8-4099-b53d-432d11670dc3,8.0,High Producing Exotic Grassland,,Whakatane District
142f1c07-8a47-4d94-923b-89d9911880ea,10.0,High Producing Exotic Grassland,,Western Bay of Plenty District
14355eaf-7496-4fb8-9b7f-5d18d232db88,8.4,High Producing Exotic Grassland,,Whakatane District
1438e4e6-ca72-439a-ae21-b4cb562fb82f,10.0,High Producing Exotic Grassland,,Western Bay of Plenty District
14432cbd-901c-4f8a-ac40-3ace04346815,8.0,High Producing Exotic Grassland,Pongakawa,Western Bay of Plenty District
144ce71f-8aa7-4e56-b754-fdfd0695c00d,10.0,High Producing Exotic Grassland,,Ōpōtiki District
1459e828-a240-402d-86df-50cee87df73b,10.0,High Producing Exotic Grassland,,Western Bay of Plenty District
145b9af6-9c0d-45d9-b6fc-d8714dcbac62,8.0,Deciduous Hardwoods,,Whakatane District
145e1ad2-aeac-4e7e-aff7-766820bfbbdf,9.6,High Producing Exotic Grassland,,Western Bay of Plenty District
1468df54-bc73-4fb9-8d10-c655a04ec3c2,10.0,High Producing Exotic Grassland,,Western Bay of Plenty District
146deb2c-7179-4161-a169-37ede8db2203,8.8,High Producing Exotic Grassland,,Western Bay of Plenty District
14710005-906f-43bf-a1f3-5696af8805d3,8.0,High Producing Exotic Grassland,,Whakatane District
147e7f4d-85c2-4db0-8e7d-4f57fcc7f4bc,8.4,High Producing Exotic Grassland,,Ōpōtiki District
1480a1db-0c38-4878-83a5-6b4ef8217f7e,10.0,Built-up Area (settlement),Tauranga,Tauranga City
14862b59-280b-4989-963c-1a58fc64b8c0,10.0,Built-up Area (settlement),,Tauranga City
1489fe62-564f-40f3-a9e1-9c1130dfd3f0,10.0,High Producing Exotic Grassland,,Western Bay of Plenty District
148b1ebf-5652-4881-8f24-1fab31424074,9.6,Indigenous Forest,,Western Bay of Plenty District
14952042-385e-43ef-a315-bb7d4d3d83a7,10.0,High Producing Exotic Grassland,,Western Bay of Plenty District
149b80b4-d802-4ce8-aac6-2fb5a9fd7075,10.0,Indigenous Forest,Tauranga,Western Bay of Plenty District
149d932b-b4bb-409c-a59a-4bcd3455522e,10.0,High Producing Exotic Grassland,,Western Bay of Plenty District
14a46c8c-b27a-47de-a75d-d76b5b17770b,10.0,High Producing Exotic Grassland,,Western Bay of Plenty District
14a8d164-d792-405d-8a8a-32ed0a6eedce,8.0,High Producing Exotic Grassland,,Western Bay of Plenty District
14ac2ce7-670b-42a2-be2b-bd2a76ccf07f,10.0,High Producing Exotic Grassland,,Western Bay of Plenty District
14ae5ee1-5fac-4ebe-a408-5056f8baf4d0,8.4,High Producing Exotic Grassland,,Ōpōtiki District
14af1fd1-a427-439f-a122-a629bcf6f7b6,8.0,Short-rotation Cropland,,Whakatane District
14bdb0d4-d8dd-4878-bfec-a07a21eda0e4,8.0,High Producing Exotic Grassland,,Whakatane District
14bf1b0c-d8e8-4aa0-a402-a1f688249573,10.0,High Producing Exotic Grassland,,Western Bay of Plenty District
14cacda4-27d1-4d12-91c2-9d83ea498762,10.0,High Producing Exotic Grassland,,Western Bay of Plenty District
14cf23e5-6fac-4eaa-808d-a916876620b5,8.0,High Producing Exotic Grassland,,Western Bay of Plenty District
14d4022c-8382-4b91-a989-e5fa2c829715,10.0,High Producing Exotic Grassland,,Western Bay of Plenty District
14d547b2-7d29-4e39-b74e-6d4d999f393b,10.0,High Producing Exotic Grassland,,Western Bay of Plenty District
14d73782-30e4-4774-b8de-e076a97a2944,8.0,High Producing Exotic Grassland,,Whakatane District
14e14586-0985-44c6-8a80-e1230a784596,10.0,High Producing Exotic Grassland,,Western Bay of Plenty District
14e433d5-a705-40c2-a6d6-90c446834023,10.0,High Producing Exotic Grassland,,Western Bay of Plenty District
14f5dd0a-c7e9-4471-8d25-1155c14fc865,10.0,High Producing Exotic Grassland,,Ōpōtiki District
14f8f761-35ec-4791-b92c-fad467c5569f,10.0,High Producing Exotic Grassland,Tauranga,Western Bay of Plenty District
14fef62e-29e9-43ab-8eac-6c1fc9e813ad,10.0,High Producing Exotic Grassland,,Western Bay of Plenty District
1500ec5c-733d-44e1-8439-ef469101265d,8.0,Manuka and/or Kanuka,,Whakatane District
15050f2b-d3e9-41b6-a5f5-0856820cea6b,8.0,High Producing Exotic Grassland,,Whakatane District
15148ce8-2f9a-472a-8cb2-722bc6a093d0,10.0,Indigenous Forest,,Whakatane District
151595e2-a96d-4f5b-bf8e-1ea333fcf550,10.0,Built-up Area (settlement),Tauranga,Tauranga City
151a3c71-6eb0-4c43-8be3-5757b797d2b5,10.0,High Producing Exotic Grassland,Tauranga,Western Bay of Plenty District
151b9deb-67a0-480d-a6d5-f58339f17296,10.0,Broadleaved Indigenous Hardwoods,,Western Bay of Plenty District
15288c3d-726d-4d22-8bad-53aa2458f686,10.0,Built-up Area (settlement),Tauranga,Tauranga City
15298b02-dbc2-4ef2-ac79-0ce71d04c04b,10.0,High Producing Exotic Grassland,Tauranga,Western Bay of Plenty District
1535f63a-8dea-4be4-b23a-14e8161715d5,10.0,High Producing Exotic Grassland,,Western Bay of Plenty District
1538a5ed-7753-472d-ad76-f95527df6172,10.0,Built-up Area (settlement),Tauranga,Tauranga City
153b4cc3-8d85-4064-83ea-055b86f8e1dc,10.0,High Producing Exotic Grassland,,Western Bay of Plenty District
15406275-bd1c-4ec5-bbf6-db39c0208d11,10.0,High Producing Exotic Grassland,,Tauranga City
154706d5-297d-4ec4-8d13-872d777c13a5,10.0,High Producing Exotic Grassland,,Western Bay of Plenty District
1547419e-32b7-4d74-9d27-d72cf0d2fc21,10.0,High Producing Exotic Grassland,,Western Bay of Plenty District
155c9d03-bf40-4b1c-a875-bf8a254cacdf,8.0,High Producing Exotic Grassland,,Western Bay of Plenty District
155d4400-c713-4a2c-af08-9eebb2f8c8d9,10.0,High Producing Exotic Grassland,,Western Bay of Plenty District
15639039-5731-4378-a3eb-cff1160152fb,8.2,High Producing Exotic Grassland,,Whakatane District
1572264a-f4d4-4fc0-8549-f9176e962a0e,8.0,Low Producing Grassland,,Whakatane District
157e6cda-1e28-410e-93e8-311fcb47a352,10.0,Manuka and/or Kanuka,,Ōpōtiki District
1599efa7-ee70-4457-855f-fea3e6280a1d,8.0,High Producing Exotic Grassland,,Whakatane District
159cdada-65e9-4d71-9ab3-389c36eac31d,10.0,High Producing Exotic Grassland,,Western Bay of Plenty District
159dd6a5-4acf-48be-95fe-f8beb9bed59a,8.0,High Producing Exotic Grassland,,Whakatane District
15a1aae9-b450-4709-831c-45011a39e0b0,8.0,Urban Parkland/Open Space,Te Puke,Western Bay of Plenty District
15a43a07-8971-4244-b545-8706b381d9ac,10.0,High Producing Exotic Grassland,,Whakatane District
15a44af2-a0b4-42a1-877c-6e14f11670b8,8.4,High Producing Exotic Grassland,,Ōpōtiki District
15a86101-2af5-405b-a596-5a5191aa8e36,10.0,High Producing Exotic Grassland,Tauranga,Western Bay of Plenty District
15aa3aa3-d979-4c4c-ae10-6304ab04d26a,8.0,High Producing Exotic Grassland,,Whakatane District
15abb059-22e4-49a6-9059-63b900284e63,10.0,High Producing Exotic Grassland,,Western Bay of Plenty District
15c89a8b-e0ea-47ba-9689-359661186594,10.0,Deciduous Hardwoods,,Western Bay of Plenty District
15cce7a2-755b-4f00-8032-17c897d8a078,8.4,High Producing Exotic Grassland,,Ōpōtiki District
15d44faf-879e-42bc-97f0-7ef7796a54c3,8.0,High Producing Exotic Grassland,,Western Bay of Plenty District
15d8337b-4d61-494f-94ad-c462c7c6ebff,10.0,High Producing Exotic Grassland,Te Puke,Western Bay of Plenty District
15da169d-9b86-4d5b-8060-dfd7177dd924,8.0,Indigenous Forest,Pongakawa,Western Bay of Plenty District
15def53b-6f87-498d-86a0-b8952bc839fa,8.0,Indigenous Forest,,Whakatane District
15f45281-7145-4731-8a5d-5ac662b15d18,10.0,High Producing Exotic Grassland,Tauranga,Tauranga City
160094cb-dc4e-4a75-a2ee-d75fa1da53d6,10.0,High Producing Exotic Grassland,,Whakatane District
160b479d-8a1e-4ef2-98dd-78a087a1543b,9.5,High Producing Exotic Grassland,,Ōpōtiki District
160e523b-173f-473c-b016-f0a034602cb9,10.0,Urban Parkland/Open Space,Tauranga,Tauranga City
160f2b03-c692-4a18-96da-01fd3a18c644,10.0,High Producing Exotic Grassland,,Western Bay of Plenty District
16172fb8-4d22-4709-be9e-89f4864d1e8e,10.0,High Producing Exotic Grassland,,Western Bay of Plenty District
16192095-ab2b-493e-8ae1-f25ca36402f8,10.0,Exotic Forest,,Western Bay of Plenty District
16292ce8-dfd7-416d-b1d4-853017c177ab,10.0,Exotic Forest,,Western Bay of Plenty District
162e44fd-4998-4541-8dc2-d5eeefc5d49f,10.0,High Producing Exotic Grassland,,Western Bay of Plenty District
16325ddd-a81b-4147-b483-f0f728e95513,10.0,High Producing Exotic Grassland,,Western Bay of Plenty District
1635fb03-55c4-4eff-bc23-ad5dee26758a,10.0,Urban Parkland/Open Space,Tauranga,Tauranga City
163c5c1e-e297-4dba-a7fa-e5da885d920b,10.0,High Producing Exotic Grassland,,Western Bay of Plenty District
16428d04-8221-468f-8228-067ed4d3dc02,10.0,High Producing Exotic Grassland,,Whakatane District
164a34e8-7884-4f4d-bf1a-fadc971d42d1,10.0,Indigenous Forest,Tauranga,Western Bay of Plenty District
1656fb1a-6a9b-42b5-adc6-8ddae05870fe,10.0,Indigenous Forest,,Ōpōtiki District
16593ec9-768d-4ebc-b35d-dbc5d4725140,8.0,High Producing Exotic Grassland,,Whakatane District
166149db-ae7a-49c4-a56c-fa0fdb5bf68a,10.0,High Producing Exotic Grassland,,Western Bay of Plenty District
166b5419-8183-414d-aab5-4e384db12d7e,10.0,Built-up Area (settlement),Tauranga,Tauranga City
1670587c-92e6-4cb0-8fb6-bdfa1c2ae879,8.0,High Producing Exotic Grassland,Te Puke,Western Bay of Plenty District
1673d649-0ecd-4bb8-bc23-cddefd9e8c91,10.0,High Producing Exotic Grassland,,Western Bay of Plenty District
167a485e-eb0e-4c52-8946-25a2999aa53e,8.0,High Producing Exotic Grassland,,Whakatane District
167bbcbf-6325-4626-916a-49afad260ecb,10.0,Indigenous Forest,,Western Bay of Plenty District
167bd1df-b753-4a71-9abe-193dd5d71892,10.0,High Producing Exotic Grassland,,Whakatane District
167dbd9d-29c5-4d51-9d75-b3427e49cc00,10.0,High Producing Exotic Grassland,,Tauranga City
1680be34-fdcc-4efa-bd3d-467e6da4ec33,8.4,High Producing Exotic Grassland,,Ōpōtiki District
16812a42-62fe-44f6-8f19-af8b51785a8c,10.0,High Producing Exotic Grassland,,Western Bay of Plenty District
168e2878-a48a-4f68-b2b6-30b7f277bc7f,8.4,Short-rotation Cropland,,Ōpōtiki District
169384b3-bf38-4d38-a295-66f403be0c9e,10.0,High Producing Exotic Grassland,,Tauranga City
16944245-5f6d-431c-9ee6-5be9ca5b4ce9,8.0,High Producing Exotic Grassland,Te Puke,Western Bay of Plenty District
16945909-7233-4a8f-9475-65b0baad3f50,10.0,High Producing Exotic Grassland,,Western Bay of Plenty District
1698a09e-3215-4f3d-ba4e-dd9ea7d4866a,10.0,High Producing Exotic Grassland,,Western Bay of Plenty District
16a3a078-8d67-4c2f-a09c-68f201e4699d,10.0,High Producing Exotic Grassland,,Ōpōtiki District
16aab78f-c320-4cd2-8cea-1d290a2b68e1,10.0,Indigenous Forest,,Western Bay of Plenty District
16b1f3fd-3d4a-400d-8854-50ce9ccb719a,10.0,High Producing Exotic Grassland,,Western Bay of Plenty District
16b821c6-72dc-4d28-9086-508e5f93c62e,8.0,High Producing Exotic Grassland,Te Puke,Western Bay of Plenty District
16b9e547-2376-4043-bae3-1d3b2a577280,8.0,High Producing Exotic Grassland,,Western Bay of Plenty District
16bece2a-3394-4e4a-9e35-8f5a1c66d5d0,10.0,Exotic Forest,,Whakatane District
16c15649-1c7f-4c36-be5a-8e279907abb2,8.0,High Producing Exotic Grassland,,Ōpōtiki District
16c77b9d-2e33-478b-9bb6-fc85c50e8b4a,10.0,High Producing Exotic Grassland,,Western Bay of Plenty District
16ce3f79-331e-4718-9b05-ac78269a3894,8.0,Exotic Forest,,Whakatane District
16d1427f-7cd4-4320-a2cf-2cf442b54ade,10.0,Indigenous Forest,,Western Bay of Plenty District
16d2f2b8-893d-4c98-98e7-18149b2ccf3f,10.0,High Producing Exotic Grassland,,Western Bay of Plenty District
16d9d634-6457-4134-9122-82f1d082d6c6,10.0,High Producing Exotic Grassland,,Western Bay of Plenty District
16ddc16d-e61f-4b19-a1a4-f8c403aa7ec6,8.0,High Producing Exotic Grassland,,Western Bay of Plenty District
16e48b0e-493b-41cb-9a76-9896ca8674b6,10.0,Herbaceous Freshwater Vegetation,Tauranga,Tauranga City
16f1276d-d152-4c2d-bb0b-e5a60dc930ca,10.0,High Producing Exotic Grassland,,Western Bay of Plenty District
16f3e2fd-73ac-4e0c-a82c-abac8e469e90,8.0,Indigenous Forest,,Whakatane District
16f41ed5-145e-4130-ae37-ad30d68f8f74,10.0,High Producing Exotic Grassland,,Western Bay of Plenty District
17008546-b0f5-4f8b-87ac-ce0bc72e7a65,10.0,High Producing Exotic Grassland,,Western Bay of Plenty District
17032f0f-f647-4701-9c90-1c0c63649b14,10.0,Indigenous Forest,,Western Bay of Plenty District
1710a96a-9424-40e8-9bbd-7159d28b54f6,8.0,High Producing Exotic Grassland,,Western Bay of Plenty District
1719a0b0-cd0e-4f22-8a72-ddacb90435e9,8.4,High Producing Exotic Grassland,,Ōpōtiki District
171d2d72-e5ee-498f-bd28-9b91e49330ac,8.8,High Producing Exotic Grassland,,Western Bay of Plenty District
1729a422-fc06-4351-ba91-46be00a11672,9.5,High Producing Exotic Grassland,,Western Bay of Plenty District
173839b9-4827-41f2-ab96-288c018a9945,10.0,High Producing Exotic Grassland,,Western Bay of Plenty District
173e1b51-581c-4ffd-b835-ec24443275b3,10.0,High Producing Exotic Grassland,,Western Bay of Plenty District
1742c68b-c169-44e3-aad3-69942ac827f6,10.0,High Producing Exotic Grassland,Tauranga,Western Bay of Plenty District
1751ad00-051c-4c10-9a30-ac8ddfc3aa95,10.0,Low Producing Grassland,,Western Bay of Plenty District
17533cb8-1d2c-4962-af6e-53e37bcd0837,8.0,High Producing Exotic Grassland,,Whakatane District
17541a78-e25b-4e80-939a-a13ea861b40a,10.0,High Producing Exotic Grassland,Te Puke,Western Bay of Plenty District
176d91ef-62ea-448b-8b9b-93fc8e5605f2,8.0,High Producing Exotic Grassland,,Whakatane District
177baea8-22ab-42d8-8183-c3e3fbe26dab,10.0,Short-rotation Cropland,,Western Bay of Plenty District
1780e43c-a10f-4340-bf2c-692ab166f543,8.0,Exotic Forest,Pongakawa,Western Bay of Plenty District
178317b0-ef97-4bd1-9fb0-01f29ba9f506,10.0,Gorse and/or Broom,,Ōpōtiki District
179b78bc-88e7-4647-9bd2-cb3cdf7efbcf,10.0,Indigenous Forest,,Ōpōtiki District
17a401b9-bd03-4129-9dbc-8abd2809aa62,9.6,High Producing Exotic Grassland,,Western Bay of Plenty District
17adb326-944d-4f69-9cc3-8ff5485d92a4,10.0,High Producing Exotic Grassland,,Whakatane District
17afcec9-1ba9-4bd6-8aad-ba2c8bf40af7,8.0,High Producing Exotic Grassland,,Whakatane District
17b016aa-7b21-4748-85cc-3adb110249aa,8.4,High Producing Exotic Grassland,,Ōpōtiki District
17ba966b-087e-423e-bd4b-7e56538b7140,10.0,High Producing Exotic Grassland,,Western Bay of Plenty District
17bd1533-3691-4070-a44e-d68cf9ee886c,8.8,High Producing Exotic Grassland,,Western Bay of Plenty District
17d1f4ba-243e-4e35-9a1e-620be53fdc91,10.0,High Producing Exotic Grassland,,Western Bay of Plenty District
17dbae2d-e926-4c78-9775-651b3b293125,10.0,High Producing Exotic Grassland,,Western Bay of Plenty District
17e1a132-9e9d-442e-88ad-5267efe8259d,10.0,High Producing Exotic Grassland,,Western Bay of Plenty District
17e3557c-079d-4a72-b1c0-cea7363251fa,10.0,Indigenous Forest,,Ōpōtiki District
17e480e8-8b77-4254-9967-cffa65c53b83,10.0,High Producing Exotic Grassland,,Western Bay of Plenty District
17ec9429-f881-44d2-8772-2ce41405d897,8.0,Deciduous Hardwoods,Te Puke,Western Bay of Plenty District
17f0cc38-6914-4c89-b9f3-55e9c2b1407a,10.0,Built-up Area (settlement),Tauranga,Tauranga City
17fa45fa-68de-47ae-84ed-71e4ade5f613,10.0,High Producing Exotic Grassland,,Western Bay of Plenty District
18121494-102b-4765-a3a0-de844bdcf6ce,9.6,High Producing Exotic Grassland,Tauranga,Western Bay of Plenty District
18153ef8-7648-40c8-9c96-2aa72fe3111e,10.0,Exotic Forest,Tauranga,Western Bay of Plenty District
181b5162-9aad-4d07-a93c-996ac625cca1,9.6,Broadleaved Indigenous Hardwoods,,Western Bay of Plenty District
181d6c7a-e080-43f3-a662-285619ebf37f,8.0,Broadleaved Indigenous Hardwoods,,Whakatane District
1825a3aa-ce5e-4502-b4cf-eb3a7cd4c280,10.0,High Producing Exotic Grassland,,Western Bay of Plenty District
1827a11e-314c-4f1a-aaf8-a70fb3c35afd,10.0,High Producing Exotic Grassland,,Western Bay of Plenty District
183e65ec-e1f3-48d1-a909-f32d07934783,8.0,High Producing Exotic Grassland,,Whakatane District
185394f5-f124-4522-8b47-de1b5e8fc374,10.0,High Producing Exotic Grassland,,Western Bay of Plenty District
1856303a-096a-4070-b317-bdacc27fd187,8.0,High Producing Exotic Grassland,,Whakatane District
1858523b-ba74-45e5-b989-004a70d67cd2,8.0,High Producing Exotic Grassland,,Western Bay of Plenty District
185bea7b-b6e4-40d5-8803-f2d0f4c20730,8.0,High Producing Exotic Grassland,,Western Bay of Plenty District
185f558d-ea7b-46cd-9e1f-f5e6fb05b5a6,10.0,Indigenous Forest,,Whakatane District
18627dca-eb96-497d-884f-74d41e78c571,8.0,Exotic Forest,,Whakatane District
18647468-f47a-4916-b565-8bcde8eb710b,10.0,High Producing Exotic Grassland,,Western Bay of Plenty District
186e4a02-74df-48ff-a138-bf62d125ccb1,10.0,High Producing Exotic Grassland,Tauranga,Western Bay of Plenty District
187142bb-deaf-4642-bac8-82eeb590abe8,8.0,High Producing Exotic Grassland,,Whakatane District
18785502-b393-4b16-91c7-42b71d22eac3,8.8,High Producing Exotic Grassland,,Western Bay of Plenty District
18785b43-815e-4585-94ce-cbe2e92a641a,8.0,High Producing Exotic Grassland,,Whakatane District
187b996f-c54a-455f-9b2d-a96b4592024b,10.0,High Producing Exotic Grassland,Tauranga,Tauranga City
1881c369-0b8e-4e41-9865-2dd1936f447b,8.0,Indigenous Forest,,Western Bay of Plenty District
188ec524-60f9-45ae-aeb0-a4f35a7fb8d7,8.0,Short-rotation Cropland,Te Puke,Western Bay of Plenty District
1897a74d-11d1-4bcd-9815-b45eabb9b480,9.6,Indigenous Forest,,Western Bay of Plenty District
1897beb8-0765-4cd5-ae19-551f520ebc60,8.0,Manuka and/or Kanuka,,Ōpōtiki District
18ae11e4-a089-4304-a082-59bdeeb115ba,10.0,Indigenous Forest,,Ōpōtiki District
18b60033-c939-46b1-80d1-175f4cab9fb2,8.0,High Producing Exotic Grassland,,Western Bay of Plenty District
18b9cb49-1283-4166-a2dd-5d1fafc5524c,10.0,Built-up Area (settlement),Tauranga,Tauranga City
18bb37cd-9f9b-4dcd-ba24-f8063d2b7dc2,8.0,High Producing Exotic Grassland,,Whakatane District
18c6694e-ce8b-4fa0-a140-24c8d6a5eca2,10.0,High Producing Exotic Grassland,,Western Bay of Plenty District
18ca4489-b571-4fe0-8672-1fa5145e00b8,8.0,High Producing Exotic Grassland,,Whakatane District
18d106cb-b140-4a61-87b0-2f20382d3cdf,10.0,High Producing Exotic Grassland,,Ōpōtiki District
18d798d6-867a-4c42-a5d4-e00434280e87,9.6,Exotic Forest,,Whakatane District
18dae65d-8053-40ee-b223-c6ecf33db8f3,10.0,High Producing Exotic Grassland,,Ōpōtiki District
18e582a6-1cff-4a16-bfb4-5e187647d65a,8.0,High Producing Exotic Grassland,,Whakatane District
18f9e16b-d0ce-4a8d-82ac-1f3334d0135f,10.0,High Producing Exotic Grassland,Tauranga,Western Bay of Plenty District
18fb3507-3768-43f4-be75-3d97c5b757cf,10.0,High Producing Exotic Grassland,,Western Bay of Plenty District
18fcb0c5-0916-4c59-a55f-f3314c1c052b,10.0,High Producing Exotic Grassland,,Western Bay of Plenty District
1905c5a3-7435-4ab4-bed7-e67f024bc999,10.0,High Producing Exotic Grassland,,Western Bay of Plenty District
19101111-7379-4170-9ce0-6f35f103a792,10.0,High Producing Exotic Grassland,,Western Bay of Plenty District
1914abe0-aefb-4f04-bfe3-c46cc745f5bb,8.8,High Producing Exotic Grassland,,Western Bay of Plenty District
191cc241-697d-4449-aab5-27eb2cea9195,10.0,High Producing Exotic Grassland,,Western Bay of Plenty District
191dbf06-c87e-4156-b63b-671383fa4f21,8.4,Indigenous Forest,,Ōpōtiki District
1920178c-79e1-4798-b780-c799ab336375,8.0,Broadleaved Indigenous Hardwoods,,Whakatane District
192237d9-094e-4e6d-b044-cb915db392eb,10.0,Broadleaved Indigenous Hardwoods,,Whakatane District
1930597a-e29f-4c7e-91f1-57dead9b0af4,8.8,Exotic Forest,,Western Bay of Plenty District
19324389-e804-42e4-9236-c8d34fe8be07,8.0,Indigenous Forest,,Whakatane District
19352979-f34b-493f-a390-f7941b775c1e,10.0,High Producing Exotic Grassland,,Western Bay of Plenty District
194a1c05-66c9-4951-90fb-cce4c245be81,10.0,Indigenous Forest,,Western Bay of Plenty District
194d5b5a-f016-44ea-a596-41f38a831369,10.0,Indigenous Forest,Te Puke,Western Bay of Plenty District
1954b705-b42b-4f13-b03a-a0b66307187e,10.0,Built-up Area (settlement),Tauranga,Tauranga City
196591b8-42dd-405c-a85a-102d888d194e,8.0,Gorse and/or Broom,,Whakatane District
19773b95-69be-4300-863e-12a54db0ce8d,10.0,High Producing Exotic Grassland,Tauranga,Western Bay of Plenty District
197833a9-25a0-40ac-8b8d-a02c3f221c97,8.0,High Producing Exotic Grassland,,Whakatane District
197d118c-9567-4367-87cf-6d1d98a63919,8.0,Forest - Harvested,,Whakatane District
197fd671-fe26-4be7-a430-9987b458d898,10.0,High Producing Exotic Grassland,,Western Bay of Plenty District
198433cf-d197-4f9b-9a14-978e4a83c555,8.4,High Producing Exotic Grassland,,Ōpōtiki District
19876c82-78a4-44a0-92f3-54f74134f5da,10.0,High Producing Exotic Grassland,,Western Bay of Plenty District
198793f1-80fa-47c5-ab74-02c12c10bc3a,10.0,Broadleaved Indigenous Hardwoods,,Whakatane District
19893290-5879-4feb-9fb4-dfec15f2d0b6,8.4,Indigenous Forest,,Western Bay of Plenty District
198b63d4-888e-4842-b6f5-51e80d7337d8,8.0,Short-rotation Cropland,,Whakatane District
198d6801-783e-4365-8958-f45bf183b781,10.0,Built-up Area (settlement),,Tauranga City
19930c2a-1154-469a-8199-d18dd883956a,10.0,Broadleaved Indigenous Hardwoods,,Western Bay of Plenty District
1998f0ae-6019-470d-b3f0-009164535b7c,8.0,High Producing Exotic Grassland,,Whakatane District
19a32c9e-5299-4ed1-b994-85cd42109694,10.0,High Producing Exotic Grassland,,Western Bay of Plenty District
19aa92c8-d41d-4fcb-abd4-a73405538b8a,8.0,High Producing Exotic Grassland,,Whakatane District
19ab10db-45f9-40e8-a929-436c7fe9ac45,8.0,High Producing Exotic Grassland,,Whakatane District
19acb41e-8406-4dbd-8103-f5b393feb631,10.0,High Producing Exotic Grassland,,Western Bay of Plenty District
19b96173-e233-454d-839d-5eaf1bb4cff8,10.0,High Producing Exotic Grassland,,Western Bay of Plenty District
19c3522b-7c01-4ed6-9d5c-fcefc214f1f7,8.0,Broadleaved Indigenous Hardwoods,,Western Bay of Plenty District
19c53450-f35f-4eed-9c20-aaebaa9320fd,10.0,High Producing Exotic Grassland,,Whakatane District
19c5dde0-17fa-4b5d-9ac6-37f96b8c6175,10.0,High Producing Exotic Grassland,,Western Bay of Plenty District
19cb705b-332c-45dc-abb2-800e9d07d109,8.0,High Producing Exotic Grassland,,Whakatane District
19dbd5a3-1703-4e57-8987-c95eed1bd3a6,8.0,High Producing Exotic Grassland,,Whakatane District
19eaa37e-65c6-42c3-b518-ea270c107757,10.0,Indigenous Forest,,Whakatane District
19f8081c-9628-472c-b583-181203c5b6a2,10.0,Exotic Forest,Tauranga,Western Bay of Plenty District
19f8aac5-f4d4-401a-908c-c4f3769bc17a,8.0,Broadleaved Indigenous Hardwoods,,Whakatane District
1a0045ef-be1f-4d02-9ee3-9ab3c294b5fc,10.0,Indigenous Forest,Tauranga,Western Bay of Plenty District
1a016246-521f-47a3-a0f1-a58fbbe81809,10.0,Broadleaved Indigenous Hardwoods,Tauranga,Western Bay of Plenty District
1a04e2b9-71b4-408c-af35-5e900983b58b,10.0,High Producing Exotic Grassland,,Ōpōtiki District
1a07cce1-2d4e-4b00-82d2-eb59dfed87fc,10.0,High Producing Exotic Grassland,,Western Bay of Plenty District
1a082cc6-7893-4734-80ce-6a9c73386627,8.0,Exotic Forest,Te Puke,Western Bay of Plenty District
1a08d88b-35f7-4e89-a050-138d2f3bd94c,10.0,High Producing Exotic Grassland,,Whakatane District
1a198abf-5813-4d88-bb51-ccdfd0e7ff02,8.4,High Producing Exotic Grassland,,Whakatane District
1a1f8ed0-af3b-455a-b0e3-618e05be619d,10.0,High Producing Exotic Grassland,,Ōpōtiki District
1a2c8062-84b4-45ed-bfc8-99e9a1c32ec7,8.0,High Producing Exotic Grassland,,Western Bay of Plenty District
1a2db1df-857f-4593-8d3a-8069597905d6,10.0,High Producing Exotic Grassland,,Western Bay of Plenty District
1a31fdd2-c712-4a39-b7e5-304e5ba217cd,10.0,High Producing Exotic Grassland,,Ōpōtiki District
1a3455e9-9de2-4311-b0f9-1bfc8905c269,10.0,High Producing Exotic Grassland,Tauranga,Western Bay of Plenty District
1a3aa771-b080-41d4-ac46-123c1e67abff,8.4,High Producing Exotic Grassland,,Ōpōtiki District
1a45057a-9432-4782-a94e-90539554564b,10.0,High Producing Exotic Grassland,,Western Bay of Plenty District
1a46707a-5a2d-422e-a7fd-8b8f15ce7124,8.4,High Producing Exotic Grassland,,Whakatane District
1a476c68-9ac0-4cb7-812e-09f37f379217,10.0,High Producing Exotic Grassland,,Western Bay of Plenty District
1a4a28c3-d5ef-434b-823c-da2702f5a477,10.0,High Producing Exotic Grassland,,Western Bay of Plenty District
1a53fc98-08ee-4444-9a53-697023d61735,10.0,High Producing Exotic Grassland,,Ōpōtiki District
1a5c0875-1a98-4a77-b7b7-c005b71add5b,10.0,Manuka and/or Kanuka,,Ōpōtiki District
1a5f38f7-b3f2-4c41-8bea-60940d91161a,10.0,High Producing Exotic Grassland,,Western Bay of Plenty District
1a6090e4-59c1-46a8-9690-9db148b27aa0,10.0,Indigenous Forest,,Western Bay of Plenty District
1a632d03-2695-4305-a42b-60448c45be1e,10.0,High Producing Exotic Grassland,,Western Bay of Plenty District
1a68cd45-ec5a-44cb-bc42-c3705054eae8,10.0,High Producing Exotic Grassland,,Western Bay of Plenty District
1a796400-7567-49d5-a8d5-3aff0eedab00,10.0,High Producing Exotic Grassland,,Western Bay of Plenty District
1a8e9024-5051-4a63-89a8-eaa1f8bdac1a,10.0,High Producing Exotic Grassland,,Western Bay of Plenty District
1a8ef1d8-3a9c-4e72-b624-48df6ac56f1a,10.0,Deciduous Hardwoods,,Western Bay of Plenty District
1a95289e-c3d4-422e-a00b-290d3298124e,8.4,High Producing Exotic Grassland,,Whakatane District
1a95ecbc-b996-450b-9642-ba8d9a0c7c9c,10.0,High Producing Exotic Grassland,Tauranga,Tauranga City
1a9a681b-f86b-4a67-9898-b90abd05f283,10.0,High Producing Exotic Grassland,,Ōpōtiki District
1aa2c220-1df5-4f5b-9905-f9c5bceb2f84,10.0,High Producing Exotic Grassland,,Ōpōtiki District
1aa8ecaf-10b1-45d8-a05d-b311aaa7bdc8,8.0,High Producing Exotic Grassland,,Whakatane District
1aae31aa-10f1-4673-a2ba-abca241f7f05,10.0,Indigenous Forest,,Ōpōtiki District
1ab4473d-274b-4964-bbed-0f5232b8d65d,10.0,High Producing Exotic Grassland,,Western Bay of Plenty District
1ab4f75d-2e09-4589-80e5-51e25187e5a3,8.0,High Producing Exotic Grassland,,Whakatane District
1abbbb05-94d5-4488-82a1-e374d2067ceb,8.4,High Producing Exotic Grassland,,Ōpōtiki District
1ac789ea-fdbb-4813-95f0-8df2b8ad5c96,10.0,High Producing Exotic Grassland,,Ōpōtiki District
1ac7ba4d-4145-436c-886a-848da37177a3,10.0,High Producing Exotic Grassland,,Western Bay of Plenty District
1ad6ca9d-9010-40c5-8da1-da60d6fbbc54,10.0,High Producing Exotic Grassland,,Western Bay of Plenty District
1ad8bc7a-3f3c-4a1b-92d7-8e5a4a511840,10.0,High Producing Exotic Grassland,,Ōpōtiki District
1ae11e5c-95da-40ac-8b54-03faf1b15c63,10.0,High Producing Exotic Grassland,,Western Bay of Plenty District
1ae4f3c7-9ff2-4b11-a733-2911c25d9d71,10.0,Manuka and/or Kanuka,,Ōpōtiki District
1ae65757-95fb-47a5-a331-69a4fc60edd9,9.6,Manuka and/or Kanuka,,Western Bay of Plenty District
1aed1707-3d67-4f5c-84b2-a62d926266ae,8.0,Exotic Forest,,Whakatane District
1b0415a1-8586-4f08-bfad-606eff493a08,8.4,High Producing Exotic Grassland,,Whakatane District
1b04da1c-420e-462b-a19b-1baa33920eef,8.0,High Producing Exotic Grassland,,Whakatane District
1b119bda-e275-470a-a771-69914ff3bbed,10.0,High Producing Exotic Grassland,,Western Bay of Plenty District
1b209ab9-59f9-4d8f-bbad-93112d2d65c9,8.0,High Producing Exotic Grassland,,Western Bay of Plenty District
1b231f9f-fe9f-438f-a802-d903027d4cef,10.0,Indigenous Forest,,Western Bay of Plenty District
1b4640b4-8ba4-461c-825f-a4a0c2f73851,8.0,Exotic Forest,,Whakatane District
1b48488c-8651-49d5-b003-46fce5a7791f,8.0,High Producing Exotic Grassland,,Whakatane District
1b4b98fa-a35d-48c4-b482-79a14add4ff9,10.0,Built-up Area (settlement),,Western Bay of Plenty District
1b4c9a66-aa1d-4909-945e-a215415e33fa,10.0,High Producing Exotic Grassland,,Western Bay of Plenty District
1b4cc40a-a53e-48c7-83ca-b960c3de87f3,10.0,High Producing Exotic Grassland,,Tauranga City
1b53c6e6-c995-42f3-90e7-67be5dc5df1b,8.0,Forest - Harvested,,Whakatane District
1b6136f7-5eca-4754-b0ad-9d08dfdaff38,10.0,High Producing Exotic Grassland,,Ōpōtiki District
1b64c519-67ab-49d4-8381-99217aeee55a,10.0,High Producing Exotic Grassland,,Ōpōtiki District
1b8a6f4b-6ebc-4c95-b282-5111957af8db,8.0,High Producing Exotic Grassland,,Western Bay of Plenty District
1b8d88b7-185a-4938-995f-e94ab9f3397d,10.0,High Producing Exotic Grassland,,Western Bay of Plenty District
1b972a52-8e62-4d5b-919a-c5d3445e787e,10.0,High Producing Exotic Grassland,,Western Bay of Plenty District
1b99193e-3cba-46b2-9345-2473e7393440,10.0,Manuka and/or Kanuka,,Western Bay of Plenty District
1b99ba0d-8a60-4260-b498-174fdfd05b54,10.0,High Producing Exotic Grassland,,Western Bay of Plenty District
1ba618ec-c77c-4b86-958b-7f245ad6f79e,10.0,High Producing Exotic Grassland,,Western Bay of Plenty District
1ba6420f-8fac-479b-b36d-d694b1f8aacf,10.0,High Producing Exotic Grassland,,Tauranga City
1bb2b02c-02fe-46be-a53c-7ba65d1f65a4,10.0,High Producing Exotic Grassland,,Western Bay of Plenty District
1bb98780-70f0-459a-9fc2-fd359c243ac1,10.0,High Producing Exotic Grassland,,Western Bay of Plenty District
1bbb2c08-56e8-444e-a706-5704e9010902,10.0,High Producing Exotic Grassland,,Western Bay of Plenty District
1bbe4e95-a8d2-458a-8846-dc3142d9d46c,10.0,High Producing Exotic Grassland,Tauranga,Tauranga City
1bc420df-acdd-4569-97d2-1c25c9df7ebf,8.0,High Producing Exotic Grassland,,Western Bay of Plenty District
1bcacc14-554b-4a45-83c4-add6cf942eeb,10.0,High Producing Exotic Grassland,,Western Bay of Plenty District
1bd1d2aa-b07f-47a6-89b8-630b7cd6f1b6,10.0,High Producing Exotic Grassland,,Western Bay of Plenty District
1be24716-b1a8-4a3d-9556-6a2da770e630,8.0,Broadleaved Indigenous Hardwoods,,Whakatane District
1be6f227-1cad-402b-a0bc-503da16e5404,8.4,Manuka and/or Kanuka,,Ōpōtiki District
1bef751a-cf94-42bd-be07-78f7071c534f,8.0,Indigenous Forest,Te Puke,Western Bay of Plenty District
1bf224c3-66ae-4deb-8c8c-6410f2cabf72,8.4,Short-rotation Cropland,,Whakatane District
1bf90230-ff88-4c14-999e-96baafb3afaa,10.0,Built-up Area (settlement),Tauranga,Tauranga City
1bfbb41d-8292-4815-9890-e5a357d1eb95,10.0,High Producing Exotic Grassland,,Ōpōtiki District
1bfddcb8-978b-4026-9c82-d30cf3b49bcf,10.0,Indigenous Forest,,Western Bay of Plenty District
1c09da46-0cb7-4ad9-841d-ccad6eeddc5d,8.4,High Producing Exotic Grassland,,Ōpōtiki District
1c0b4287-855a-4c2a-badf-242473dd4d96,10.0,High Producing Exotic Grassland,,Western Bay of Plenty District
1c1ba932-e526-4ed3-aba1-f266a61f6822,8.4,High Producing Exotic Grassland,,Whakatane District
1c243e0d-c9be-4792-8d54-c48c1108137c,10.0,High Producing Exotic Grassland,,Ōpōtiki District
1c2cae15-bcb6-4434-b469-d92651539249,10.0,High Producing Exotic Grassland,,Western Bay of Plenty District
1c2cc80a-3481-4455-bc0c-4de4ef1c1294,8.0,High Producing Exotic Grassland,,Western Bay of Plenty District
1c301d16-f6c4-42b6-9c00-fef1cc957375,8.0,High Producing Exotic Grassland,,Whakatane District
1c32a542-6d44-4bdc-aebc-e36be5974e98,8.0,Exotic Forest,Pongakawa,Western Bay of Plenty District
1c4673ae-c054-46fa-bcb1-1e86b5d0688d,10.0,High Producing Exotic Grassland,Te Puke,Western Bay of Plenty District
1c5c7b10-c560-4d42-b026-1dc18bd0ffe3,10.0,High Producing Exotic Grassland,,Western Bay of Plenty District
1c5e4ccc-886c-482e-b94a-e1e85751f94c,10.0,Indigenous Forest,,Western Bay of Plenty District
1c5fe3d6-f08e-41ea-a7eb-0654ca6ee3d1,8.4,Short-rotation Cropland,,Ōpōtiki District
1c61ffd4-bb41-4ccf-90a3-3ee48cabb629,8.0,Indigenous Forest,Te Puke,Western Bay of Plenty District
1c626086-53bd-4ef4-b4fa-268a67e203ca,10.0,High Producing Exotic Grassland,Tauranga,Western Bay of Plenty District
1c677422-3bab-4e94-8d36-3f2979d2aa2d,10.0,High Producing Exotic Grassland,,Whakatane District
1c6892de-b361-4fd9-8eec-2168f7a298f8,10.0,Built-up Area (settlement),,Tauranga City
1c73ebdd-34a0-4a5d-b009-26b53e9db454,10.0,High Producing Exotic Grassland,,Western Bay of Plenty District
1c7ef651-198e-476e-bbda-0ff82f1670be,8.0,High Producing Exotic Grassland,,Western Bay of Plenty District
1c851d79-8bbe-4380-a0fe-bdf2640efff5,10.0,High Producing Exotic Grassland,,Western Bay of Plenty District
1c8f6789-0154-48d9-baae-ddcddb371463,8.4,Built-up Area (settlement),,Whakatane District
1c8fd0e4-8e85-4fad-ab8a-0215ed675cd3,9.5,High Producing Exotic Grassland,,Western Bay of Plenty District
1c95db9b-fd65-40e3-9bc6-298286566bfa,8.0,Built-up Area (settlement),,Tauranga City
1c972e27-53d1-4e13-bbd5-e6d8cf042581,8.4,High Producing Exotic Grassland,,Whakatane District
1c994147-3bbd-4626-895e-803a349a8cc8,8.8,Indigenous Forest,,Western Bay of Plenty District
1c9fd577-23da-4234-9886-630415aba588,8.0,High Producing Exotic Grassland,,Western Bay of Plenty District
1ca805b1-5cbb-41a2-8e28-964eab1b9b44,8.2,Urban Parkland/Open Space,Opotiki,Ōpōtiki District
1cb44b9b-eff5-4ed6-a9ef-0c22eb1bd9df,10.0,Indigenous Forest,Tauranga,Western Bay of Plenty District
1cbeff88-7b25-4e28-9510-bed97d632f4b,10.0,High Producing Exotic Grassland,,Western Bay of Plenty District
1cc0012c-71b3-40c8-b801-3cd63374b1de,8.0,High Producing Exotic Grassland,,Whakatane District
1cc00907-a1a0-4ef7-b4e4-6760b05b4f38,10.0,High Producing Exotic Grassland,,Western Bay of Plenty District
1cc3ddde-1b12-455f-844e-2e72efd32483,10.0,High Producing Exotic Grassland,,Western Bay of Plenty District
1ccd4711-633e-4e3d-ab6b-885fd12ae833,8.4,High Producing Exotic Grassland,,Whakatane District
1cd0b916-be77-44d8-a217-b9d96a4d20c4,10.0,High Producing Exotic Grassland,,Western Bay of Plenty District
1cd11ada-7b10-45cb-841d-cacaea21619c,10.0,High Producing Exotic Grassland,Tauranga,Western Bay of Plenty District
1cdad1e5-f859-4e81-ab63-d434a52097a1,8.0,High Producing Exotic Grassland,,Western Bay of Plenty District
1cdb0051-aea6-4ae8-bfd3-52bb3ca2d6e7,10.0,Short-rotation Cropland,,Western Bay of Plenty District
1ce337ed-1881-4bcd-82c1-fa1d1d9db996,8.0,High Producing Exotic Grassland,,Whakatane District
1ce9296d-e1d5-400f-96aa-a8ade92510f4,10.0,Deciduous Hardwoods,Tauranga,Tauranga City
1cea0041-c8b4-4ed0-b9aa-2e76f0a0212d,10.0,High Producing Exotic Grassland,,Ōpōtiki District
1cea14fa-4ed5-47be-aff9-0515d9c59059,10.0,High Producing Exotic Grassland,Pongakawa,Western Bay of Plenty District
1cea498b-7f88-4a6a-91dc-738da254209b,8.8,High Producing Exotic Grassland,,Western Bay of Plenty District
1d0270b3-f17a-45ea-a668-c9f0a5fc7626,8.0,High Producing Exotic Grassland,,Whakatane District
1d039e88-1f81-44a2-8b64-0e650f57fe9b,10.0,High Producing Exotic Grassland,,Western Bay of Plenty District
1d0d9bfd-1f5e-4ec8-adc6-afa5131732c3,8.0,High Producing Exotic Grassland,,Western Bay of Plenty District
1d1070d8-7f38-41a2-96ab-adafef1e4974,10.0,Manuka and/or Kanuka,,Ōpōtiki District
1d124db4-1adf-405a-afda-d554d6034c0c,10.0,High Producing Exotic Grassland,,Western Bay of Plenty District
1d1675c6-8206-4b27-8e42-ea2fc314cb64,10.0,High Producing Exotic Grassland,,Western Bay of Plenty District
1d1894c1-1855-457f-8a88-de9892d7fb78,10.0,Exotic Forest,Tauranga,Tauranga City
1d4124e5-d836-4a6c-9b7e-e64bc51899e4,8.8,Indigenous Forest,,Western Bay of Plenty District
1d47ba94-1ac1-40e7-bce7-7b66a4cfa5a5,10.0,High Producing Exotic Grassland,,Tauranga City
1d51b13c-d12e-49d9-acc0-3f8a7f657c99,10.0,High Producing Exotic Grassland,,Western Bay of Plenty District
1d632518-301c-4021-a30a-c312141204a8,8.4,High Producing Exotic Grassland,,Whakatane District
1d69eb63-1c4b-48e7-85cb-64c14ced3921,10.0,High Producing Exotic Grassland,,Whakatane District
1d789967-d012-485f-84a3-cdadb378594c,8.0,High Producing Exotic Grassland,,Whakatane District
1d850fa4-1508-447a-aac5-65ffeb4639da,8.0,High Producing Exotic Grassland,,Whakatane District
1d90ca9e-4892-4cab-86dd-f6356e54eda8,8.0,High Producing Exotic Grassland,,Whakatane District
1d9c17c7-9b92-4cba-a125-78fce36c5796,10.0,High Producing Exotic Grassland,,Western Bay of Plenty District
1da4e2a7-e0be-435f-94e7-8d3de9c227ab,10.0,High Producing Exotic Grassland,,Whakatane District
1da63710-30c9-4c94-830d-c2a27772b595,8.2,Short-rotation Cropland,,Ōpōtiki District
1da8375c-c54a-4c21-af45-d29a29a9e028,10.0,High Producing Exotic Grassland,,Western Bay of Plenty District
1db20edd-9b40-44c9-bffd-38b8046a80cb,10.0,High Producing Exotic Grassland,,Western Bay of Plenty District
1db3ed4a-1a93-4da5-ad53-33f64900347d,8.0,High Producing Exotic Grassland,,Western Bay of Plenty District
1db59952-d545-468e-887b-91249569bffe,10.0,Indigenous Forest,,Western Bay of Plenty District
1db87de3-fa18-475a-9bad-916040b6b97c,10.0,Gorse and/or Broom,,Western Bay of Plenty District
1dbae23f-0ae0-4455-be69-ce2ac51a16aa,8.4,High Producing Exotic Grassland,,Whakatane District
1dc27874-da91-41d0-afc1-717d868ea8a2,8.0,Indigenous Forest,,Whakatane District
1dcb9dcf-1f79-44ea-a381-ffa429c289d7,8.0,High Producing Exotic Grassland,,Western Bay of Plenty District
1dcd03ee-ef16-444a-aeb4-8f900a0bf99a,8.4,High Producing Exotic Grassland,,Ōpōtiki District
1dce37fc-5d04-4d02-88ee-af21fbfe0c02,10.0,High Producing Exotic Grassland,,Western Bay of Plenty District
1dda3b51-408f-4f44-bccd-9453353da3b3,10.0,High Producing Exotic Grassland,,Western Bay of Plenty District
1ddccfbd-a8fb-474e-86ac-d50a8cf39969,10.0,Built-up Area (settlement),,Western Bay of Plenty District
1de1079d-f96a-41ca-9c56-4a403a7f1434,10.0,Indigenous Forest,Te Puke,Western Bay of Plenty District
1dee8281-b3a6-4727-a859-2a5cc197da71,8.8,Indigenous Forest,,Western Bay of Plenty District
1e00ecb1-39bc-4136-b043-b69490ffe228,10.0,High Producing Exotic Grassland,,Western Bay of Plenty District
1e041811-d2e5-4327-b5fb-7e6682d2f087,10.0,High Producing Exotic Grassland,,Western Bay of Plenty District
1e066f8b-c916-4d3d-87ef-5ca54843f7c4,8.4,High Producing Exotic Grassland,,Western Bay of Plenty District
1e166b8b-101e-4db8-a77b-7df7f12f0f4d,10.0,High Producing Exotic Grassland,Te Puke,Western Bay of Plenty District
1e168ee7-da12-4974-bb13-7a369102b7de,8.0,Manuka and/or Kanuka,,Whakatane District
1e19f943-bd39-4048-b693-59b87ec71cc8,8.0,Broadleaved Indigenous Hardwoods,,Western Bay of Plenty District
1e1a2729-de79-4f2b-b192-a427e07bb38c,10.0,Built-up Area (settlement),,Tauranga City
1e23e970-0b36-4405-b92b-c8242f0bf5cd,10.0,Built-up Area (settlement),Tauranga,Tauranga City
1e28164e-c976-4d38-a6a2-43e32c2bb7ab,10.0,Indigenous Forest,,Western Bay of Plenty District
1e2b68e2-575a-4117-bf66-0e3b3304e655,10.0,High Producing Exotic Grassland,,Western Bay of Plenty District
1e2da905-e7f9-4422-b604-cb5d33d53c16,8.0,High Producing Exotic Grassland,,Western Bay of Plenty District
1e309f4a-471c-4a89-b847-6ab2bb302706,10.0,High Producing Exotic Grassland,,Ōpōtiki District
1e32e978-6007-4e44-b873-9d3368377904,10.0,Broadleaved Indigenous Hardwoods,,Western Bay of Plenty District
1e3808b7-241a-43b2-8ed2-d78a0c8ea38e,10.0,High Producing Exotic Grassland,,Western Bay of Plenty District
1e41f5bb-6f56-4580-9cf5-cb535915ba27,10.0,High Producing Exotic Grassland,,Whakatane District
1e5f78e9-d70e-4f41-86b1-3f4eed8c1a2b,10.0,High Producing Exotic Grassland,,Western Bay of Plenty District
1e6216c1-7202-4460-ba46-9a21de774966,10.0,High Producing Exotic Grassland,Tauranga,Western Bay of Plenty District
1e6af89e-e0bb-434c-9646-a3961fc0e119,10.0,High Producing Exotic Grassland,,Western Bay of Plenty District
1e72aea5-7e58-4085-b66b-30278d07f96b,10.0,High Producing Exotic Grassland,,Western Bay of Plenty District
1e8bfd17-4366-4676-af3a-c0f9aa671fab,10.0,Built-up Area (settlement),,Western Bay of Plenty District
1e9b4f84-c03c-483b-ab12-5f252811a454,8.0,High Producing Exotic Grassland,,Whakatane District
1ec38249-bd7f-4128-b2be-b90c05ab24dd,10.0,Indigenous Forest,Te Puke,Western Bay of Plenty District
1ecb2169-5d5b-47fd-b1e0-333cd8002ccf,10.0,High Producing Exotic Grassland,,Western Bay of Plenty District
1ed22d65-578e-4932-a95f-e535826ee5eb,10.0,High Producing Exotic Grassland,,Western Bay of Plenty District
1ed2c200-fee0-404e-b292-ee80b8c1fd00,8.0,Forest - Harvested,,Whakatane District
1edb043b-e1f1-4a84-aa5b-b8bca62f1f0d,10.0,High Producing Exotic Grassland,,Western Bay of Plenty District
1edeb3a8-8080-4c07-a24e-d3eab6b4d6cc,10.0,High Producing Exotic Grassland,,Western Bay of Plenty District
1edfcd21-ea73-4782-b425-d94cc9f58708,10.0,Forest - Harvested,,Western Bay of Plenty District
1ef4eed9-2447-4908-bc6b-c3743f2b89e4,10.0,High Producing Exotic Grassland,Tauranga,Tauranga City
1efa9284-8bc1-4977-80b3-d9bf8e8f82bb,8.8,High Producing Exotic Grassland,,Western Bay of Plenty District
1f1e7cc4-c385-4cf2-95ca-34e23d845ad1,10.0,High Producing Exotic Grassland,,Western Bay of Plenty District
1f254fc2-ee37-4b36-8141-f7caff18159d,10.0,High Producing Exotic Grassland,,Western Bay of Plenty District
1f2a5c09-e59b-4205-be97-6c6512a7c6c7,10.0,High Producing Exotic Grassland,Tauranga,Western Bay of Plenty District
1f2f7937-1ed7-4ed5-b9c3-538108313f26,8.0,High Producing Exotic Grassland,,Western Bay of Plenty District
1f3b37fa-f86b-4d26-a0d4-7bb57be9ecf0,8.0,High Producing Exotic Grassland,,Whakatane District
1f3da74d-adc7-474a-b6a4-a8997be196d0,10.0,High Producing Exotic Grassland,,Western Bay of Plenty District
1f3e31cd-0462-4559-91eb-d3dcf4fb2abd,10.0,High Producing Exotic Grassland,,Western Bay of Plenty District
1f413a2f-d31c-481e-a9d6-0b2b3528d6a8,8.0,High Producing Exotic Grassland,Pongakawa,Western Bay of Plenty District
1f47622a-8412-491f-9bf9-ad8261b2dc3e,10.0,Manuka and/or Kanuka,,Ōpōtiki District
1f4ea0d9-2fa1-45d6-a196-c607cb529d31,8.4,High Producing Exotic Grassland,,Ōpōtiki District
1f600b75-a049-4588-afb4-b2fb6947d745,10.0,High Producing Exotic Grassland,,Western Bay of Plenty District
1f7f8da0-374b-49a6-b14c-8437c2ca8f01,10.0,High Producing Exotic Grassland,,Western Bay of Plenty District
1f8193fa-b99a-48ef-a38e-749201f8ce36,8.0,Manuka and/or Kanuka,,Whakatane District
1f9668ea-9faa-49b8-aca6-a49a20d5856c,10.0,High Producing Exotic Grassland,,Western Bay of Plenty District
1f98e011-9207-4ed8-8bcd-097d8405d302,8.0,High Producing Exotic Grassland,,Whakatane District
1fa2ad4f-c487-4e82-aa3f-1a7e42c5688a,8.0,High Producing Exotic Grassland,,Whakatane District
1fb0fa1e-bf10-4686-a32a-ba3f5ace7572,8.4,High Producing Exotic Grassland,,Ōpōtiki District
1fb3428f-ffa9-4d9f-abb1-458cb9e62284,10.0,High Producing Exotic Grassland,,Western Bay of Plenty District
1fbcec0e-7d47-4064-9d47-231c7f9cc8bf,9.6,Exotic Forest,,Western Bay of Plenty District
1fc8e6f9-2ac6-48da-ac17-6bb5abc1a68f,8.0,Mixed Exotic Shrubland,,Western Bay of Plenty District
1fd9b6d0-ee80-4618-bf65-1a45826d05c1,10.0,High Producing Exotic Grassland,,Western Bay of Plenty District
1fdfaa3e-41c7-4cce-b092-089506e38d8b,10.0,Exotic Forest,,Ōpōtiki District
1fe2fb94-0a10-4f9c-817c-1e006d267a4a,8.0,High Producing Exotic Grassland,,Whakatane District
1ff17818-a6c3-4783-b9d2-20075fafbd97,10.0,Indigenous Forest,,Western Bay of Plenty District
1ff4127a-6ac0-482c-a2c1-1fe544c8f766,8.0,Manuka and/or Kanuka,,Whakatane District
1ffbc0ca-4925-43e5-989d-2c85e0ad546a,10.0,Forest - Harvested,,Western Bay of Plenty District
1fffdd74-ce0a-4565-aada-b7315934e638,10.0,Exotic Forest,,Western Bay of Plenty District
20007429-075f-4759-83f1-a897bea1ffd2,8.4,High Producing Exotic Grassland,,Ōpōtiki District
2000fb79-3aac-4e8f-b531-8442eb0c30b6,8.0,High Producing Exotic Grassland,Te Puke,Western Bay of Plenty District
200f9773-f838-40ed-b906-0632f2c3d228,10.0,High Producing Exotic Grassland,Te Puke,Western Bay of Plenty District
200fe3a0-10e2-4462-8ff9-a5afbf36b8ff,10.0,Built-up Area (settlement),Te Puke,Western Bay of Plenty District
201006fe-5388-47f7-814b-ef4144620454,8.0,Gorse and/or Broom,,Whakatane District
201e8c57-f012-4c2d-afa1-64d2c1a57e28,10.0,High Producing Exotic Grassland,,Ōpōtiki District
202bc345-f223-45a9-a92c-ed516138834e,10.0,Manuka and/or Kanuka,,Ōpōtiki District
202c9c9a-eeaa-4cbb-89fc-ce377932eeb5,10.0,High Producing Exotic Grassland,Tauranga,Western Bay of Plenty District
2032b802-e495-4a25-b60b-d865d45a076d,10.0,High Producing Exotic Grassland,,Western Bay of Plenty District
2042efe2-5485-45f1-b990-514aa47e76e5,10.0,Indigenous Forest,,Western Bay of Plenty District
2044a5eb-84a6-48ce-8f91-4e4e6c1d1792,8.8,High Producing Exotic Grassland,,Western Bay of Plenty District
2046e862-cc75-41e0-b0d0-0965e33341c1,8.4,High Producing Exotic Grassland,,Western Bay of Plenty District
204b7225-01f1-4ab5-b321-8dbdfaba56f0,10.0,High Producing Exotic Grassland,,Western Bay of Plenty District
204c0ccc-17ef-4266-ba94-531821f0cc58,9.6,Indigenous Forest,,Western Bay of Plenty District
204e797e-69cc-4ab1-a450-eb52b5c0e03a,8.0,High Producing Exotic Grassland,Te Puke,Western Bay of Plenty District
205d42a3-44f4-47c9-a24e-81b0da202d4b,10.0,High Producing Exotic Grassland,,Western Bay of Plenty District
206ecbb0-40fd-481e-aed1-89bf98a3ae02,10.0,High Producing Exotic Grassland,Tauranga,Western Bay of Plenty District
20766b1b-2db0-4188-9fb4-b53ac69fe158,10.0,High Producing Exotic Grassland,,Western Bay of Plenty District
20790c8a-3622-4a59-8745-1b600a964b3c,10.0,High Producing Exotic Grassland,,Tauranga City
208bb1a5-6b3b-4b8b-846b-af7fe0869502,10.0,High Producing Exotic Grassland,,Western Bay of Plenty District
209afbe8-fa91-4be2-9ee4-477b03d8f765,8.0,High Producing Exotic Grassland,,Whakatane District
209dcfcc-05d3-47df-b490-61c5720ba509,8.0,High Producing Exotic Grassland,,Whakatane District
20a78128-e904-4781-8aee-1fab96660c33,8.4,High Producing Exotic Grassland,,Whakatane District
20ae3130-c70f-4bd3-9535-40e68b293cc8,8.0,High Producing Exotic Grassland,,Whakatane District
20b14451-a740-454f-8883-6b276f09d8ad,8.4,High Producing Exotic Grassland,,Whakatane District
20b6b3f8-4e61-4233-b43f-46b7ef22775b,8.0,High Producing Exotic Grassland,Pongakawa,Western Bay of Plenty District
20b8ddb3-4452-4783-8830-b12ec749e40a,10.0,High Producing Exotic Grassland,,Western Bay of Plenty District
20c21073-537f-4ee5-b505-f8ca217e6b3a,8.0,High Producing Exotic Grassland,Te Puke,Western Bay of Plenty District
20c2be4b-a720-4acb-ac2a-df44baf7316a,10.0,High Producing Exotic Grassland,,Western Bay of Plenty District
20c83321-4ef2-4afd-a640-003c5461cd36,10.0,Indigenous Forest,Te Puke,Western Bay of Plenty District
20d0041f-e88a-4a5d-9b8c-4a352fc950d7,8.4,Short-rotation Cropland,,Whakatane District
20d00765-05d8-4495-909f-01c48494bb50,8.0,High Producing Exotic Grassland,,Whakatane District
20d986ea-8a55-4b14-b585-9b41cbe5dc65,10.0,High Producing Exotic Grassland,,Western Bay of Plenty District
20dd997b-addc-4be8-bea6-3e91e04261f1,10.0,High Producing Exotic Grassland,,Whakatane District
20e3579a-2811-40c9-aca6-8ad47d227f7f,8.0,High Producing Exotic Grassland,,Whakatane District
20ff758d-0e56-464b-ad15-910017ea9832,10.0,Indigenous Forest,,Ōpōtiki District
210090fe-ecc4-4429-a3a4-9563c6254a98,8.4,High Producing Exotic Grassland,,Ōpōtiki District
21036ac6-a117-454f-bfea-f7c9dc36fa5e,8.0,High Producing Exotic Grassland,,Western Bay of Plenty District
2110264e-bad4-4efc-b1d4-a21317c29c22,10.0,High Producing Exotic Grassland,,Western Bay of Plenty District
2116f691-0d4e-4d56-b17a-8dde68efc361,10.0,Broadleaved Indigenous Hardwoods,,Western Bay of Plenty District
211b829b-558c-4c94-8c63-c88a4f4ed206,10.0,High Producing Exotic Grassland,,Western Bay of Plenty District
212312ee-088c-41aa-84c0-33a3687d05b0,10.0,Indigenous Forest,,Whakatane District
214176d6-faa5-45fa-b679-042afd1cd82b,8.0,High Producing Exotic Grassland,,Whakatane District
214c03ff-8e99-41f4-ad38-426b74d9dc81,10.0,Broadleaved Indigenous Hardwoods,,Western Bay of Plenty District
2151d002-3822-4865-aa87-173996cdf324,10.0,High Producing Exotic Grassland,,Whakatane District
2156640f-da66-4815-a882-5f3470d8b268,10.0,High Producing Exotic Grassland,,Western Bay of Plenty District
216a8928-6d85-4825-a656-80b674f5b06f,8.0,Forest - Harvested,,Whakatane District
21825a48-374c-4980-8f97-71d2315ab6ff,10.0,Broadleaved Indigenous Hardwoods,Tauranga,Tauranga City
218f4788-f829-445e-9644-33ae32db3448,10.0,Gorse and/or Broom,,Western Bay of Plenty District
21937eca-9d8b-4381-8617-4343a34dd4ff,10.0,High Producing Exotic Grassland,,Western Bay of Plenty District
2195bd61-2b76-4a12-8c3c-6b28d1545fc4,8.0,High Producing Exotic Grassland,,Whakatane District
21a12bba-b78c-4e9b-92ac-3ed339b23a32,10.0,High Producing Exotic Grassland,,Western Bay of Plenty District
21b1efa6-935c-4d8a-b4b5-9ac22cabda84,10.0,Gorse and/or Broom,,Western Bay of Plenty District
21bdc50e-cba8-4e1d-b2d8-24d54ea54932,10.0,High Producing Exotic Grassland,,Western Bay of Plenty District
21c371aa-85f0-4921-bf0f-35891f1b4af7,8.0,Manuka and/or Kanuka,,Whakatane District
21c6d020-afa8-4802-ace2-0abbb6627d3e,8.0,Built-up Area (settlement),,Whakatane District
21d73bd5-d2df-40c6-9da2-218402de829a,10.0,High Producing Exotic Grassland,,Western Bay of Plenty District
21db4ea1-a05c-49ab-864d-960e89a3b750,10.0,Built-up Area (settlement),,Western Bay of Plenty District
21dcb37b-f3b4-4e4e-90ae-83c3152b10c0,10.0,High Producing Exotic Grassland,,Western Bay of Plenty District
21df5473-90b0-4584-88cf-ec51d35afe3d,10.0,Urban Parkland/Open Space,Tauranga,Tauranga City
21e3eba8-c506-4710-a27d-b16a391ea113,10.0,Indigenous Forest,,Western Bay of Plenty District
21e49669-06ca-478c-a257-35ac2f1eccf2,10.0,High Producing Exotic Grassland,,Tauranga City
21e93156-f5d7-4cd0-b858-6e71054ce51b,8.0,Exotic Forest,,Western Bay of Plenty District
21ecb7ef-8b78-47c8-bd53-3190bb7c6487,10.0,High Producing Exotic Grassland,,Western Bay of Plenty District
21f5d199-ae21-427e-873b-e58c0048d6cc,8.0,High Producing Exotic Grassland,,Western Bay of Plenty District
21fb9e81-47ef-47f4-81f3-d7e061989ec7,10.0,Short-rotation Cropland,,Western Bay of Plenty District
220529,8.0,Indigenous Forest,,Whakatane District
2211ebdf-33fe-43fe-b028-4e5cb0c68649,10.0,Indigenous Forest,Tauranga,Tauranga City
22128459-2dc2-4da6-bd39-5804ad76c8c9,8.4,High Producing Exotic Grassland,,Whakatane District
22137b3e-df8b-44f4-a388-25f21acea245,10.0,High Producing Exotic Grassland,,Western Bay of Plenty District
2216641f-b357-4930-af70-b0274ca2c73b,10.0,High Producing Exotic Grassland,,Ōpōtiki District
221cb42e-604a-4061-8b7d-ab792b4a8b59,10.0,High Producing Exotic Grassland,,Western Bay of Plenty District
221d39b1-dad4-4c7c-a63f-e985043e25c1,10.0,Manuka and/or Kanuka,,Western Bay of Plenty District
221f1973-7b2b-4cbd-94bb-f962a044a936,8.4,Forest - Harvested,,Ōpōtiki District
22227795-6774-42ef-b9a2-7bffc0ebb35c,8.0,High Producing Exotic Grassland,,Whakatane District
2228b95e-8c8c-4bc3-b0e2-ebfe7c518e9c,10.0,High Producing Exotic Grassland,,Tauranga City
2232fd4a-923b-4d1c-9aa8-78b6cec6c2de,10.0,High Producing Exotic Grassland,,Ōpōtiki District
2233f2dc-4872-4e52-80ad-5bf2747fd79b,10.0,High Producing Exotic Grassland,,Western Bay of Plenty District
2238f654-19f5-4fcf-b1ca-bfb899e84df0,8.0,High Producing Exotic Grassland,,Western Bay of Plenty District
224d192e-0203-4bdb-b53f-b6f3917fc1f6,8.8,High Producing Exotic Grassland,,Western Bay of Plenty District
224f21c5-f998-401b-ae2a-7e0ff8dcf30d,9.6,High Producing Exotic Grassland,,Western Bay of Plenty District
224f637c-00f2-47cc-b9e5-52716eb1d424,10.0,High Producing Exotic Grassland,,Western Bay of Plenty District
225d32cc-8b12-4536-bc7b-7cae67daf3c4,10.0,High Producing Exotic Grassland,,Western Bay of Plenty District
22605033-af88-431c-a2f2-c57114935afb,8.4,High Producing Exotic Grassland,,Ōpōtiki District
226b729f-4a7b-4bb5-8334-9a1ca4e19fcb,9.6,Manuka and/or Kanuka,,Whakatane District
226db089-812c-460b-99b0-3dd12a473754,10.0,High Producing Exotic Grassland,,Tauranga City
2273cab6-d537-4eee-9272-08feab6329ae,10.0,High Producing Exotic Grassland,,Western Bay of Plenty District
227481b7-bc33-431e-81ef-81d6199c1916,8.0,Manuka and/or Kanuka,,Whakatane District
227d7ad4-6b03-4a25-8358-41de816ef3b6,10.0,High Producing Exotic Grassland,,Western Bay of Plenty District
2287b370-2062-452f-bf52-2a42eaa69186,10.0,Herbaceous Freshwater Vegetation,,Ōpōtiki District
22884525-60ca-43b4-bbdc-6e56ad8e1220,8.0,High Producing Exotic Grassland,Pongakawa,Western Bay of Plenty District
229356,8.0,Indigenous Forest,,Whakatane District
22937850-0cea-482d-bc43-ef92fc41ef05,8.0,High Producing Exotic Grassland,,Western Bay of Plenty District
229eb616-99fe-4031-a865-2379d395c1eb,10.0,High Producing Exotic Grassland,,Western Bay of Plenty District
22b47a77-3e75-4333-970f-10d4cdcb00a3,10.0,High Producing Exotic Grassland,,Western Bay of Plenty District
22b534a9-bd6f-44a3-8c1e-c7f0d93e2ada,10.0,Broadleaved Indigenous Hardwoods,,Western Bay of Plenty District
22b9a137-cdc6-442a-bd9a-e0969aa5e4bc,8.4,High Producing Exotic Grassland,,Ōpōtiki District
22bccd2d-eb00-4b9f-ba1f-d471fe83f1f5,8.0,High Producing Exotic Grassland,,Western Bay of Plenty District
22bd3ca3-2b56-471c-99b9-315353697c99,8.4,High Producing Exotic Grassland,,Ōpōtiki District
22c016f1-e6a3-452b-bfdc-6d18fd723a67,10.0,Indigenous Forest,Te Puke,Western Bay of Plenty District
22c27253-76e1-4553-905b-f6691ac42443,10.0,High Producing Exotic Grassland,,Tauranga City
22c9c850-a6f0-4bc3-a311-d41094ee18f9,10.0,High Producing Exotic Grassland,,Western Bay of Plenty District
22d20db2-6940-4873-8f3f-7bd4e1e21a8d,10.0,High Producing Exotic Grassland,,Western Bay of Plenty District
22d3cba9-ff3a-479c-bfb3-ea23b4456ed4,10.0,High Producing Exotic Grassland,Tauranga,Western Bay of Plenty District
22d5bf63-ce63-4fea-badc-3e09fbf57529,10.0,High Producing Exotic Grassland,Tauranga,Western Bay of Plenty District
22db24fc-1bd1-4fee-8d0e-2b144ada7182,8.0,Broadleaved Indigenous Hardwoods,Te Puke,Western Bay of Plenty District
22e3a18d-e30a-4faf-bb10-1c650ac6e89a,8.0,High Producing Exotic Grassland,,Whakatane District
22e5db5c-e032-4975-8926-de1b91ec2165,8.0,High Producing Exotic Grassland,,Western Bay of Plenty District
22f50513-1620-4b2a-88a8-2c46d1668ecd,9.5,Short-rotation Cropland,,Western Bay of Plenty District
22f6dd7e-12a6-493d-ab5f-57ec4d5e9274,10.0,High Producing Exotic Grassland,,Western Bay of Plenty District
22f77173-2fd1-4d52-8a44-ac8cd58680c0,9.6,Exotic Forest,,Whakatane District
22fbd403-5ffd-46c5-abbb-bd6dabe214e0,10.0,High Producing Exotic Grassland,,Western Bay of Plenty District
22fe1fb1-f7ad-4f95-bd2c-1117dfe24722,10.0,Indigenous Forest,Tauranga,Western Bay of Plenty District
23056260-5a1d-4d46-8b54-345d672fe206,10.0,Built-up Area (settlement),Tauranga,Tauranga City
23065e82-b29d-4033-9d2a-1f2a5c35a439,10.0,High Producing Exotic Grassland,,Western Bay of Plenty District
230e5e3c-cb05-4dae-93f6-76940c9abf60,8.4,High Producing Exotic Grassland,,Ōpōtiki District
230f86ac-d88b-4584-b3e7-09b77244a8f3,8.0,High Producing Exotic Grassland,,Whakatane District
2310b7c3-5775-4c32-95dc-668217a88abb,10.0,Exotic Forest,,Western Bay of Plenty District
2311d315-89d1-44ab-b6ba-546526bdc135,8.0,High Producing Exotic Grassland,,Whakatane District
231a201c-4845-4799-a31b-43ecb024fe60,10.0,High Producing Exotic Grassland,,Western Bay of Plenty District
231b3fdc-8e82-4db1-b510-fc54acae6268,8.0,Built-up Area (settlement),Te Puke,Western Bay of Plenty District
23226c86-baa0-4218-8d6b-ac8a42943a77,10.0,High Producing Exotic Grassland,,Western Bay of Plenty District
232537d4-3ce9-4518-abd4-5ffcfa6a99f5,10.0,High Producing Exotic Grassland,Katikati,Western Bay of Plenty District
232784df-3309-444c-ad3e-97df1ad2bca7,10.0,High Producing Exotic Grassland,,Western Bay of Plenty District
2338a135-509d-4fea-9872-af1cdcdcdbaf,10.0,Exotic Forest,Tauranga,Western Bay of Plenty District
2338f520-6f9d-4ed6-b535-f02c18d60316,8.0,High Producing Exotic Grassland,,Whakatane District
2340acc5-2fb5-4c2b-b602-d9866b243ff6,8.0,High Producing Exotic Grassland,,Western Bay of Plenty District
234285fd-27dc-4ad3-a45d-0a4e576c9a7d,10.0,Low Producing Grassland,,Western Bay of Plenty District
2345cb9c-c1e4-4600-b40e-e8fcf612bbc1,8.0,Low Producing Grassland,,Whakatane District
2348173a-e397-4097-bdac-46574e298b50,10.0,High Producing Exotic Grassland,,Western Bay of Plenty District
23506c51-8af3-4abb-a41b-945cc3ab8a08,10.0,High Producing Exotic Grassland,,Western Bay of Plenty District
236a6b0a-defa-48f9-876a-d9beed066c92,9.6,Exotic Forest,,Western Bay of Plenty District
236fe7cd-9325-4e07-b96c-1a3714010dd1,8.0,High Producing Exotic Grassland,,Whakatane District
237114d2-ab3a-4d5f-b102-13ccbcdd49c7,10.0,High Producing Exotic Grassland,,Western Bay of Plenty District
237edc53-d898-4b6f-b5f9-661cb5ebd4c8,8.0,High Producing Exotic Grassland,,Whakatane District
238b5a6b-f656-4612-91ae-6037eb3c8d87,8.0,High Producing Exotic Grassland,,Western Bay of Plenty District
23969439-f74b-40cb-a744-e85cafb68426,10.0,High Producing Exotic Grassland,,Western Bay of Plenty District
23969481-f6cf-4f25-8cb1-b9e9d5d66b81,8.0,High Producing Exotic Grassland,Pongakawa,Western Bay of Plenty District
23985faf-5407-47b4-9c4c-474ce4082d96,10.0,Indigenous Forest,,Ōpōtiki District
23a43989-b378-4cdd-9df0-660a639d3feb,10.0,Indigenous Forest,,Ōpōtiki District
23a99490-bcb4-4bbe-97c0-479f31ee2db8,10.0,High Producing Exotic Grassland,,Ōpōtiki District
23ab98f1-5e3a-43c8-9aa8-32f6e096592f,9.6,Indigenous Forest,,Western Bay of Plenty District
23ad6a88-255e-4158-a90e-f89a2341e7c9,10.0,High Producing Exotic Grassland,,Western Bay of Plenty District
23af329a-1090-4b79-a416-efdabbf73849,9.6,Manuka and/or Kanuka,Tauranga,Western Bay of Plenty District
23b31fe8-2670-4d51-b891-4b74e6cc57d5,8.0,Urban Parkland/Open Space,Tauranga,Tauranga City
23b38c62-dd6a-462d-89cb-f7db230caa23,8.4,High Producing Exotic Grassland,,Whakatane District
23c980ae-97a9-43f9-adbe-91f5df758944,8.4,Short-rotation Cropland,,Ōpōtiki District
23cd73c1-abcc-4363-8212-88bb4b65e34a,10.0,Deciduous Hardwoods,,Western Bay of Plenty District
23cf9c56-7d02-4a6b-8c05-6877624d0b41,8.8,Indigenous Forest,,Western Bay of Plenty District
23d55938-4b01-4d27-9af7-826b983ff31a,10.0,High Producing Exotic Grassland,,Western Bay of Plenty District
23d57cf1-d1de-44f3-885d-268563b478cf,8.0,High Producing Exotic Grassland,,Whakatane District
23da6a6e-211d-4e32-88cf-481790337a0d,10.0,Exotic Forest,,Western Bay of Plenty District
23e20e52-619b-48e3-be9d-6d7a58264864,10.0,Built-up Area (settlement),Tauranga,Tauranga City
23e739e3-6765-497f-86c1-3c48878c1a11,10.0,High Producing Exotic Grassland,,Western Bay of Plenty District
23e89f3c-e6ca-422f-bb2b-923a2924d8a8,10.0,High Producing Exotic Grassland,,Western Bay of Plenty District
23f23935-38d3-466d-9ef0-9e3c423b1f1f,8.0,Deciduous Hardwoods,Te Puke,Western Bay of Plenty District
23f584e7-301d-413f-b7d5-37da1b524eab,8.0,High Producing Exotic Grassland,,Western Bay of Plenty District
240e007b-856e-4942-8103-a229193288db,10.0,High Producing Exotic Grassland,,Western Bay of Plenty District
240feb7c-adec-4861-ba82-0088004183ab,8.8,High Producing Exotic Grassland,,Western Bay of Plenty District
24140ecb-9541-4e19-a536-5e14b33ec7b3,10.0,High Producing Exotic Grassland,,Western Bay of Plenty District
2417851c-6b94-460e-a771-1148373a220f,10.0,Built-up Area (settlement),Tauranga,Tauranga City
241934,8.0,Indigenous Forest,,Whakatane District
2425efb2-8ff0-4064-8b62-3c3c5ff04f29,8.0,Built-up Area (settlement),,Whakatane District
242de241-8d35-4f19-bc83-dc8dad9e65c7,10.0,Indigenous Forest,Tauranga,Tauranga City
243006e4-9f6a-4f87-9cd9-4d86224ced05,8.0,High Producing Exotic Grassland,,Whakatane District
24316db9-6dcc-41bd-82fa-502cabefdb9b,10.0,High Producing Exotic Grassland,,Western Bay of Plenty District
243cb7e8-32d2-4a6d-b955-90e506bd5c7d,8.0,High Producing Exotic Grassland,,Western Bay of Plenty District
2440860f-cb8b-470b-94c5-416412d96252,9.6,High Producing Exotic Grassland,,Western Bay of Plenty District
24433eb7-674c-4512-b492-a768ec5f872e,8.8,High Producing Exotic Grassland,,Western Bay of Plenty District
244bf7d3-9c9e-4548-8f6a-003db30c604e,10.0,High Producing Exotic Grassland,,Western Bay of Plenty District
24571897-6b68-4ff4-9f32-ec5ab5348cb0,10.0,Built-up Area (settlement),Tauranga,Tauranga City
245bbfd4-60fa-4d44-bf2e-03406b6bc596,8.0,Broadleaved Indigenous Hardwoods,,Whakatane District
246e863c-853c-4a1a-a976-08de1274e5ea,10.0,Exotic Forest,,Western Bay of Plenty District
246f5c62-0025-424a-9118-38d871c8693b,10.0,High Producing Exotic Grassland,,Ōpōtiki District
24700f30-7617-4f21-9622-4fb89ca6ecd2,8.0,High Producing Exotic Grassland,,Whakatane District
247b997c-3a7d-485c-9422-8f372a1b185d,10.0,High Producing Exotic Grassland,,Western Bay of Plenty District
247be388-c554-4243-85b5-258c972853de,10.0,High Producing Exotic Grassland,,Western Bay of Plenty District
247cfa22-ecd1-4b13-91bf-c681b0f98308,10.0,High Producing Exotic Grassland,,Ōpōtiki District
247e1798-f6c4-4b2c-97e7-1ca4c5cf0812,8.4,Short-rotation Cropland,,Ōpōtiki District
248408e7-5a46-409a-a530-a92b550a54ac,10.0,High Producing Exotic Grassland,,Whakatane District
24909adf-f6eb-4755-9638-5102d5fba5ee,9.6,High Producing Exotic Grassland,,Western Bay of Plenty District
249474bb-11ec-4538-b7a7-bdb73ae52cdf,8.2,High Producing Exotic Grassland,Opotiki,Ōpōtiki District
24a4cbd9-3700-4d31-bd90-d2c662a54ba3,8.0,Exotic Forest,,Western Bay of Plenty District
24a6974b-42aa-4426-b32a-cf13a41ed406,10.0,Indigenous Forest,,Western Bay of Plenty District
24a87a78-4010-4b5f-bb03-8796ef7aaf95,10.0,Broadleaved Indigenous Hardwoods,,Western Bay of Plenty District
24ae49b9-eefb-4e9b-8672-00ce26ce9b4f,10.0,High Producing Exotic Grassland,Tauranga,Tauranga City
24b10f79-a8fe-4edc-bfce-44e612d8c4c9,9.6,Indigenous Forest,,Western Bay of Plenty District
24b30f02-81a6-492a-b4e8-d77c82dd8baa,8.0,High Producing Exotic Grassland,,Whakatane District
24bd7643-23bb-48d7-93bb-121485dffab3,8.0,Indigenous Forest,,Whakatane District
24bf942d-ba94-450f-8818-5562d51f384f,10.0,High Producing Exotic Grassland,,Western Bay of Plenty District
24d10b91-6248-44e0-a793-0e465596044c,10.0,High Producing Exotic Grassland,,Western Bay of Plenty District
24d4af87-bfa6-4053-a4de-bf0272f353d2,10.0,High Producing Exotic Grassland,,Ōpōtiki District
24d77a91-436a-4a80-ae8c-d763170082b7,9.5,High Producing Exotic Grassland,,Western Bay of Plenty District
24d89178-bf59-4241-8001-8a599308c5c8,8.0,Indigenous Forest,Pongakawa,Western Bay of Plenty District
24d8ba55-ba5d-445f-9298-719cb6b88ab0,10.0,Manuka and/or Kanuka,,Ōpōtiki District
24d929a3-21db-4e09-a9cf-7ecc2d1f0960,10.0,High Producing Exotic Grassland,Tauranga,Tauranga City
24da18ca-b284-4563-af5b-1c3fef20ab29,8.0,Exotic Forest,,Whakatane District
24dfaefa-4bff-444f-9707-300cc5c6b23e,10.0,High Producing Exotic Grassland,,Western Bay of Plenty District
24e451bc-b6f3-48d6-9d42-acad8350b7ee,8.0,High Producing Exotic Grassland,,Whakatane District
24eb8339-71f0-493a-be20-3a9db6b94806,8.4,High Producing Exotic Grassland,,Whakatane District
24ed067d-96f9-4af2-a343-b4a06a1e823a,10.0,High Producing Exotic Grassland,,Western Bay of Plenty District
24f45f8e-fa8a-4485-af84-9036a704ed06,10.0,High Producing Exotic Grassland,,Ōpōtiki District
24f4bf8b-f24c-4b1a-819f-833f4f4e1df4,9.6,Indigenous Forest,Tauranga,Western Bay of Plenty District
24f824e7-a92d-49fb-921b-d8238bb9d866,8.8,High Producing Exotic Grassland,,Western Bay of Plenty District
2500c811-4eef-4108-9ccd-4110ce012ee5,8.0,High Producing Exotic Grassland,,Western Bay of Plenty District
2506e7d6-0d4a-4ac4-9465-db62692b6086,8.0,High Producing Exotic Grassland,Pongakawa,Western Bay of Plenty District
2514e154-35f5-4b88-bc0f-b9d999f314fe,10.0,Gorse and/or Broom,,Western Bay of Plenty District
25191f55-9ed9-4286-bb09-991ecabb6740,8.4,High Producing Exotic Grassland,,Whakatane District
251db811-66e5-4b33-85f9-e42ee3c1e80e,8.4,Gorse and/or Broom,,Ōpōtiki District
25273de0-cd26-40c7-9b06-d2ec43d22271,10.0,High Producing Exotic Grassland,,Western Bay of Plenty District
252d3c0d-c661-4b94-9f08-e6a1bbd2057d,10.0,High Producing Exotic Grassland,,Western Bay of Plenty District
252f8079-ee17-470a-bcf5-aa58cb2268b0,10.0,High Producing Exotic Grassland,,Western Bay of Plenty District
253e2aaf-bbbc-4806-9126-0a1a02a6cea8,10.0,High Producing Exotic Grassland,,Ōpōtiki District
254a914b-e3f9-481e-adeb-e2cf49398e48,8.0,High Producing Exotic Grassland,,Whakatane District
255968,10.0,High Producing Exotic Grassland,,Ōpōtiki District
255f54c7-2286-4abc-b278-d47822120cf5,10.0,High Producing Exotic Grassland,,Ōpōtiki District
256017e7-89b7-48ea-85f5-e19f72e2c5af,10.0,High Producing Exotic Grassland,,Ōpōtiki District
25646377-aae1-45a0-9c38-3d010036bf79,8.4,High Producing Exotic Grassland,,Whakatane District
256793d5-3ba4-4f4f-a184-779458a84a30,10.0,High Producing Exotic Grassland,Tauranga,Western Bay of Plenty District
2569a049-f5e9-4ec2-8324-7e2a11f82bc7,10.0,Built-up Area (settlement),,Western Bay of Plenty District
2569c34e-6ea1-4547-97fe-853431022c14,8.4,High Producing Exotic Grassland,,Ōpōtiki District
2572ca73-0805-486a-a49f-60bea5f062a4,9.6,Exotic Forest,,Whakatane District
257e9b0d-401b-4a37-93c5-fe63e78b4d7b,10.0,Indigenous Forest,Tauranga,Western Bay of Plenty District
257eb7bb-e690-4e67-ae52-291a90beaff3,10.0,Indigenous Forest,Tauranga,Western Bay of Plenty District
25919be9-9b21-475c-a4cc-413eb182c90a,10.0,High Producing Exotic Grassland,,Ōpōtiki District
25955ebd-9347-4aa8-9840-eab584f427ca,10.0,High Producing Exotic Grassland,Tauranga,Western Bay of Plenty District
25969d08-fa21-43e2-8624-5340aa40dad4,9.6,Indigenous Forest,Tauranga,Western Bay of Plenty District
259c02f1-2d8b-485c-a8b6-c474df6614c6,9.6,High Producing Exotic Grassland,,Western Bay of Plenty District
25a38622-1003-4093-ad5f-817e49b4be98,10.0,High Producing Exotic Grassland,,Western Bay of Plenty District
25a39fd6-1f33-45de-9d85-4b377b25cdea,10.0,Indigenous Forest,,Western Bay of Plenty District
25ac057b-4553-4583-9af3-bd413e3edbac,10.0,Built-up Area (settlement),,Western Bay of Plenty District
25aee0ca-b0f6-40ec-a9d4-4aac9e6a9265,10.0,High Producing Exotic Grassland,,Western Bay of Plenty District
25af7549-ac3a-4067-859c-bee62ba9520b,10.0,High Producing Exotic Grassland,,Whakatane District
25c38480-fc4f-4571-ba74-b2acb3fd50d1,9.6,Indigenous Forest,,Western Bay of Plenty District
25c82ec3-931b-42d2-a7be-c8b90f5f898b,10.0,Exotic Forest,Tauranga,Tauranga City
25cd0f6c-0153-4447-aa0f-88c07ef639da,10.0,High Producing Exotic Grassland,,Ōpōtiki District
25cdaf6e-5c7e-482d-8a3f-e7980f0ea74a,10.0,High Producing Exotic Grassland,,Whakatane District
25d27bac-af0f-4e17-b444-c3e706cc0071,10.0,Built-up Area (settlement),Tauranga,Tauranga City
25f2c6ca-a2a0-464b-b753-24e161907887,10.0,Indigenous Forest,,Western Bay of Plenty District
260426a4-58e8-46ac-9ac2-37f4da501bc0,10.0,High Producing Exotic Grassland,,Western Bay of Plenty District
2606ff46-0d1f-4c72-b23a-e23254cb2136,10.0,Exotic Forest,,Western Bay of Plenty District
260ac897-15e1-4fb1-b478-6bada2c1fa19,10.0,Built-up Area (settlement),,Western Bay of Plenty District
261345e9-11dc-4e4b-9c32-aaed25e421d4,10.0,High Producing Exotic Grassland,,Ōpōtiki District
26168d47-c76a-41d0-be03-f657ab38f429,8.4,Indigenous Forest,,Ōpōtiki District
261a2803-1bec-4fd2-b0dd-2cc638de628e,8.4,High Producing Exotic Grassland,,Whakatane District
261c1763-2380-43b5-bfa9-d937caec572a,8.0,Exotic Forest,,Western Bay of Plenty District
262059d8-1b88-4dde-8a42-08d1998de5f4,8.0,Broadleaved Indigenous Hardwoods,Tauranga,Tauranga City
2622aca3-ae15-4f0f-bed8-c865fa14336d,10.0,Indigenous Forest,,Ōpōtiki District
263ae0c0-56c0-4350-855c-f3e3e7f05460,10.0,Short-rotation Cropland,Katikati,Western Bay of Plenty District
263e644d-b4a0-4826-b0a0-efc03f8b34d1,8.4,High Producing Exotic Grassland,,Ōpōtiki District
2653bdbf-daaa-45ad-9fed-8ce642eadc28,10.0,High Producing Exotic Grassland,,Western Bay of Plenty District
265a09de-5f2e-48d3-8b20-d08a65d98446,10.0,High Producing Exotic Grassland,,Western Bay of Plenty District
265e5406-aacf-496b-b6bb-a36035fb521d,10.0,High Producing Exotic Grassland,,Whakatane District
265e9c69-ea41-4f0c-a6be-10be572120a8,8.8,Indigenous Forest,,Western Bay of Plenty District
2668e671-5c10-423c-9c68-e46ddf7e1693,8.4,Short-rotation Cropland,,Ōpōtiki District
267525,10.0,High Producing Exotic Grassland,,Ōpōtiki District
267ee6eb-1714-4268-9457-30cbe5c2ea82,10.0,High Producing Exotic Grassland,Tauranga,Tauranga City
267f3d77-90fd-4613-9adf-a2373793857c,10.0,High Producing Exotic Grassland,,Tauranga City
268b1c23-1684-491b-95c6-4b2d5a0a9487,10.0,High Producing Exotic Grassland,,Western Bay of Plenty District
26900903-d450-4b1d-b9c5-2dbd91e788a0,9.5,High Producing Exotic Grassland,,Western Bay of Plenty District
269140af-3353-4181-8044-f7bbde7b8856,10.0,High Producing Exotic Grassland,Tauranga,Tauranga City
269990ee-de83-460e-9fec-bf801232a2d3,8.0,High Producing Exotic Grassland,,Whakatane District
269d84f0-4579-4bcd-8a3e-55eccd43eb6d,8.0,High Producing Exotic Grassland,,Whakatane District
26a01f59-bae8-443a-82a9-c35675717e66,8.0,High Producing Exotic Grassland,,Whakatane District
26b27e10-4e74-4879-96d0-31972e17a4fa,8.0,High Producing Exotic Grassland,,Whakatane District
26b5d40c-706d-4769-b23e-3c62cbd0ce59,10.0,High Producing Exotic Grassland,,Western Bay of Plenty District
26bca971-94fe-4a7f-94a2-c31ade04ba4e,8.4,High Producing Exotic Grassland,,Ōpōtiki District
26bdfea2-b7fe-429b-8abb-6dff15e124b1,9.6,Broadleaved Indigenous Hardwoods,,Whakatane District
26c19dc2-2bde-4dee-b1bc-2199219661f1,10.0,High Producing Exotic Grassland,,Western Bay of Plenty District
26c5c4e0-6462-4113-810e-3f866fb44dd2,10.0,High Producing Exotic Grassland,,Ōpōtiki District
26cc0f76-a45c-47be-a0a5-98e28d9fa8f8,8.4,Short-rotation Cropland,,Ōpōtiki District
26d58a1b-072c-4c3d-90ec-ef789dc94d1a,10.0,High Producing Exotic Grassland,,Western Bay of Plenty District
26da53c3-aa31-450b-a543-e4af1c13a0f8,8.8,High Producing Exotic Grassland,,Western Bay of Plenty District
26df0a07-4aa0-4058-af4b-cf97d51f6b73,10.0,High Producing Exotic Grassland,,Western Bay of Plenty District
26ed0e09-66f1-40f9-8107-63dd9d281182,9.6,Broadleaved Indigenous Hardwoods,,Western Bay of Plenty District
26f00c1a-5279-494c-9456-1ce5e89eb46c,10.0,Exotic Forest,,Tauranga City
26f0572a-7944-421a-8c37-2f244b25f0b1,10.0,High Producing Exotic Grassland,,Western Bay of Plenty District
26f9444c-bdf9-477d-bfdd-267c7c8ccfe1,8.0,High Producing Exotic Grassland,,Whakatane District
26ff5476-163e-4816-8a0b-2df78c7b62ba,8.0,Indigenous Forest,,Western Bay of Plenty District
270230d8-6141-46c3-8054-f7948bb93cd6,8.0,High Producing Exotic Grassland,,Whakatane District
270ca66e-0aa0-4753-a463-d76c1a2446e3,8.0,High Producing Exotic Grassland,,Whakatane District
27136594-9841-4792-83dc-d55dce205776,10.0,Manuka and/or Kanuka,,Ōpōtiki District
272dbe06-a7e8-477a-836e-3baf891e5a6b,10.0,High Producing Exotic Grassland,,Whakatane District
2732f989-c843-457d-a710-772ab866ec15,10.0,High Producing Exotic Grassland,,Western Bay of Plenty District
2738633e-4236-466f-9120-174bcc0cff64,10.0,Exotic Forest,,Ōpōtiki District
274062bc-dcd0-4b4b-8e37-873ded6997d7,10.0,High Producing Exotic Grassland,,Western Bay of Plenty District
274aace3-019b-4a8a-a9b0-48960a4c94f4,10.0,Built-up Area (settlement),Tauranga,Tauranga City
2752bf1b-ca03-4b78-96d3-904c00fa4c3e,10.0,Manuka and/or Kanuka,Tauranga,Tauranga City
27609a29-96bd-4af7-8a59-0ca6fd7db2d0,8.4,High Producing Exotic Grassland,,Ōpōtiki District
2762e7a9-2d87-4735-8057-861c829399a0,10.0,High Producing Exotic Grassland,,Western Bay of Plenty District
2767e81d-cf9b-4143-b793-7f0718b0b1fd,8.0,High Producing Exotic Grassland,,Whakatane District
276f44d8-d0fc-4ae1-8bd7-a42d65998035,10.0,High Producing Exotic Grassland,,Western Bay of Plenty District
27702a3d-d214-4e97-a086-388682ec938b,10.0,High Producing Exotic Grassland,,Western Bay of Plenty District
27729209-b180-4435-81db-b5e9a0545a9c,10.0,High Producing Exotic Grassland,Pongakawa,Western Bay of Plenty District
27747bd3-604d-4de2-8754-a6315f5306d4,8.0,High Producing Exotic Grassland,,Whakatane District
277c9777-fccb-4638-bb47-0ee2245f0077,10.0,High Producing Exotic Grassland,,Western Bay of Plenty District
278df43d-e88a-420c-a83d-112ac9c34991,10.0,High Producing Exotic Grassland,,Western Bay of Plenty District
279c16e6-9657-489c-879a-4bbca8c879ad,10.0,High Producing Exotic Grassland,,Western Bay of Plenty District
27a20ad1-c517-463f-bf29-ecfd522284e2,8.0,High Producing Exotic Grassland,,Whakatane District
27a7590d-b44e-460e-8a28-b9f12733ea9c,10.0,High Producing Exotic Grassland,,Western Bay of Plenty District
27b3e46e-69b5-42d3-920b-53d3cc575173,8.0,High Producing Exotic Grassland,,Whakatane District
27b731d1-6089-48ac-b2e1-0d93c4829a67,10.0,Indigenous Forest,Te Puke,Western Bay of Plenty District
27c15879-01e3-4d68-ac7e-c34bbf1c7ecb,10.0,High Producing Exotic Grassland,,Ōpōtiki District
27c3ad69-d441-4a80-9bbd-df3e2f0ddce4,10.0,High Producing Exotic Grassland,,Ōpōtiki District
27ca2fe7-8d65-4890-8861-caf87bc02e1f,10.0,High Producing Exotic Grassland,,Western Bay of Plenty District
27ca4bed-3915-447b-96b3-06b2f082f4dd,8.4,High Producing Exotic Grassland,,Ōpōtiki District
27d55310-7943-4852-97a0-0d77bdb4a236,8.4,High Producing Exotic Grassland,,Ōpōtiki District
27dcb0bc-f7f0-48ea-b16d-a06f201dec49,10.0,Built-up Area (settlement),,Western Bay of Plenty District
27ed42a7-bcc1-410a-9913-72be7a1ddfc6,8.0,Forest - Harvested,,Whakatane District
27f2e011-8810-4b1a-a1c4-d86ee3572da3,8.4,High Producing Exotic Grassland,,Western Bay of Plenty District
27f43e71-ad70-40fe-afe1-11c3ce3bf8dc,8.0,High Producing Exotic Grassland,Te Puke,Western Bay of Plenty District
27f5168b-7f9f-40d7-84fe-b84e48926a61,8.0,Indigenous Forest,,Whakatane District
27f779bb-0782-45fb-bebe-8a0f69bdbe10,10.0,Built-up Area (settlement),Tauranga,Tauranga City
2800015a-8536-47ee-89c8-eb4018fff6db,10.0,High Producing Exotic Grassland,,Western Bay of Plenty District
28011428-7cc3-4fc3-a09e-398c4a9642d4,10.0,High Producing Exotic Grassland,,Western Bay of Plenty District
28038967-8835-4b29-8d5d-4a8d4dc6b3d8,10.0,Indigenous Forest,,Ōpōtiki District
28153ced-e0b1-4745-a29b-10b7abfdb1f7,10.0,High Producing Exotic Grassland,,Western Bay of Plenty District
28197b11-d724-4cfd-8e77-1144e1ae0422,10.0,Exotic Forest,Tauranga,Tauranga City
282395f8-175c-403a-899a-8cb6856bc2e3,10.0,Broadleaved Indigenous Hardwoods,,Western Bay of Plenty District
282ef5b8-c515-4f82-b0e0-db688ae386de,10.0,High Producing Exotic Grassland,,Western Bay of Plenty District
2845e53b-01dd-4a19-827d-b31d95f582bf,10.0,High Producing Exotic Grassland,,Ōpōtiki District
284c5799-e81b-4995-94bc-ee5f8f5d2316,10.0,High Producing Exotic Grassland,,Western Bay of Plenty District
28534f7b-2f10-4fcb-bc60-a3f15f04d542,10.0,High Producing Exotic Grassland,,Western Bay of Plenty District
2853f7d5-1c4b-4553-a03a-312965e9e131,8.0,High Producing Exotic Grassland,,Whakatane District
285de86f-80a9-47cd-9f51-c95354996b11,10.0,Manuka and/or Kanuka,,Western Bay of Plenty District
28639db7-2302-4835-93d6-5a8447ece9c2,10.0,High Producing Exotic Grassland,,Western Bay of Plenty District
286b6413-b19d-4d48-b29f-64e5507afb60,8.0,Broadleaved Indigenous Hardwoods,Te Puke,Western Bay of Plenty District
28703243-82ff-407b-9141-8564982524e8,10.0,High Producing Exotic Grassland,,Western Bay of Plenty District
288347b6-a856-4637-b1b6-139831f9a8c0,10.0,Indigenous Forest,,Western Bay of Plenty District
2884e4b7-b49a-4121-99a1-8dcf60792aac,10.0,Forest - Harvested,,Western Bay of Plenty District
289f7980-1e38-445f-9a6e-bc582ee04745,10.0,Indigenous Forest,,Western Bay of Plenty District
28af9161-84e3-4599-8e25-c3f5b4c45527,10.0,High Producing Exotic Grassland,Tauranga,Tauranga City
28b1636a-b27d-41d1-9099-cb245a0a3f74,10.0,High Producing Exotic Grassland,,Ōpōtiki District
28b41512-db24-44ae-8e06-f6fb5f327f36,10.0,High Producing Exotic Grassland,,Western Bay of Plenty District
28b99b05-df92-4c0f-a4a6-bd7ab08bbba5,9.6,Indigenous Forest,,Whakatane District
28bb6d02-176e-4da2-93e5-73242a4e0317,8.8,High Producing Exotic Grassland,,Western Bay of Plenty District
28be0f09-4efa-4654-b0e4-7aec1111dd6f,10.0,High Producing Exotic Grassland,,Western Bay of Plenty District
28be51a0-6253-451f-b307-60d0d8b83c39,10.0,High Producing Exotic Grassland,,Western Bay of Plenty District
28c359bd-4d48-4e54-adcd-8a784ba36515,8.0,High Producing Exotic Grassland,,Whakatane District
28d2a1b1-dd7f-4ee9-817c-a07bcf69400f,10.0,Exotic Forest,Tauranga,Western Bay of Plenty District
28d36548-5615-46b3-8756-ba539aa7ebed,10.0,High Producing Exotic Grassland,,Western Bay of Plenty District
28d56f34-cef3-4af5-aee2-7de0cc30a348,8.0,Indigenous Forest,,Western Bay of Plenty District
28d5b719-d419-4477-8dea-4d44b9f72eb1,8.0,Short-rotation Cropland,Te Puke,Western Bay of Plenty District
28dda75e-992b-49b8-abc7-d02919c95e52,9.6,Exotic Forest,,Whakatane District
28fcb1bf-a871-4466-b56f-bab772cd9282,10.0,High Producing Exotic Grassland,,Western Bay of Plenty District
290c035f-8d29-44e8-84e9-fad0f5379be4,10.0,High Producing Exotic Grassland,,Western Bay of Plenty District
29144f2e-1f82-4f54-844a-1169c47e4d3f,9.6,High Producing Exotic Grassland,Tauranga,Western Bay of Plenty District
29156ebe-e378-4467-bcc8-6acbbcb47c7c,8.0,High Producing Exotic Grassland,Pongakawa,Whakatane District
292398e8-33ce-4988-a9d8-bbb9c5642b58,10.0,High Producing Exotic Grassland,,Western Bay of Plenty District
29258bb0-b4ba-404d-a9fc-0e20c4ad6215,10.0,High Producing Exotic Grassland,,Western Bay of Plenty District
294958e3-a6cb-4a20-abf2-17ee7596663e,10.0,High Producing Exotic Grassland,Pongakawa,Western Bay of Plenty District
2953ff05-958c-4e9d-9d23-d27517be0e66,8.0,High Producing Exotic Grassland,,Whakatane District
295c16a0-8022-40de-908f-e5828425a739,8.0,High Producing Exotic Grassland,,Western Bay of Plenty District
2963641e-8ebe-45ea-972c-da3673b9c9a9,8.0,Indigenous Forest,,Whakatane District
29828ff8-8502-4e19-a9be-71142d322a85,8.0,High Producing Exotic Grassland,,Whakatane District
298a3c4f-ce12-449f-a299-6530370609a9,10.0,High Producing Exotic Grassland,,Western Bay of Plenty District
298e093e-5e91-4820-ac8b-5bc937e534ba,9.6,Indigenous Forest,,Whakatane District
299259bb-a64d-42ee-90c9-e8b7a9478416,10.0,Indigenous Forest,Tauranga,Western Bay of Plenty District
299390cb-c000-4afb-b437-6615a803e3df,10.0,High Producing Exotic Grassland,,Western Bay of Plenty District
2997b0e3-ee4f-4691-a136-62f5e12a4d16,8.0,High Producing Exotic Grassland,,Whakatane District
299b4d0b-d7d1-46a9-8a7d-80b147f0339a,10.0,Built-up Area (settlement),,Western Bay of Plenty District
29a0f500-125c-4526-afa9-4c0ebab4f193,8.0,High Producing Exotic Grassland,,Whakatane District
29a5569d-5eff-423c-b60b-e0fef7ec0095,10.0,High Producing Exotic Grassland,,Western Bay of Plenty District
29c0f87f-495a-464f-b508-9e59b8e1d88a,8.4,High Producing Exotic Grassland,,Ōpōtiki District
29cbbaa0-a135-430d-8483-12a4a535342f,10.0,High Producing Exotic Grassland,,Western Bay of Plenty District
29ce26bb-1d59-41fa-b46d-a3f0e3060683,10.0,Indigenous Forest,,Ōpōtiki District
29d3951f-5a34-43a8-99c2-3be3f25903d4,8.0,Gorse and/or Broom,,Western Bay of Plenty District
29d47071-61f7-4e9a-9dfa-8f214d7082b1,8.4,High Producing Exotic Grassland,,Ōpōtiki District
29d93e5a-2061-4659-adda-03349977ab80,8.0,Exotic Forest,,Whakatane District
29de24b9-82ad-4f00-a7cb-cd74cde1f25a,8.0,High Producing Exotic Grassland,,Whakatane District
29e5c43d-dc30-4f98-bbad-7eec3f37ccc6,10.0,High Producing Exotic Grassland,,Western Bay of Plenty District
29f1f178-089a-4ec7-8970-bc9ffd6c6e42,10.0,High Producing Exotic Grassland,,Western Bay of Plenty District
29ff5642-2d07-443c-bc29-49ce50d6644c,10.0,High Producing Exotic Grassland,,Ōpōtiki District
29ff58e5-bda4-4e6d-ae8b-fa968ac589a7,10.0,High Producing Exotic Grassland,,Western Bay of Plenty District
2a01386b-7117-458a-95ae-dc44a8946e1d,10.0,High Producing Exotic Grassland,,Western Bay of Plenty District
2a053a78-5fdb-4865-a793-e689d8bf132d,10.0,High Producing Exotic Grassland,,Western Bay of Plenty District
2a0559d5-24f2-4b03-a1dc-5a73be970e2a,10.0,Broadleaved Indigenous Hardwoods,,Western Bay of Plenty District
2a16a724-df67-47af-b29e-a246feb62f06,10.0,Transport Infrastructure,Tauranga,Western Bay of Plenty District
2a1a2efa-8a06-405f-85c5-48634f7a57a1,10.0,High Producing Exotic Grassland,,Whakatane District
2a1c5004-3d4a-4a21-b707-defd5889ba5b,10.0,High Producing Exotic Grassland,,Western Bay of Plenty District
2a1e9ab2-1681-4c6b-9353-45260269562e,8.0,Broadleaved Indigenous Hardwoods,Pongakawa,Western Bay of Plenty District
2a29d65d-ce63-4205-98bf-f4e90bc9dec5,10.0,High Producing Exotic Grassland,Te Puke,Western Bay of Plenty District
2a3a24df-d984-4945-9e88-55a7f491efed,10.0,High Producing Exotic Grassland,,Western Bay of Plenty District
2a4172c6-57fe-48c5-b435-1585c60a1625,10.0,Indigenous Forest,,Western Bay of Plenty District
2a42271c-a418-4c93-acae-c33110234ac8,8.4,Exotic Forest,,Ōpōtiki District
2a47845e-04fb-4c0e-a806-1183f98df923,10.0,Manuka and/or Kanuka,Pongakawa,Western Bay of Plenty District
2a4c3dd6-3da4-4894-b74e-73a183e125e5,8.0,Exotic Forest,,Whakatane District
2a59cfaa-c5ae-4f45-9a8e-a4389580a893,10.0,High Producing Exotic Grassland,,Ōpōtiki District
2a622bca-d03b-44d4-8516-fff3b368f57c,10.0,High Producing Exotic Grassland,Tauranga,Western Bay of Plenty District
2a63d59f-fdbb-4478-8ac7-c9d4d747d90a,10.0,High Producing Exotic Grassland,,Western Bay of Plenty District
2a651576-ceae-4e0a-b6ae-6470c164d2a8,8.4,High Producing Exotic Grassland,,Whakatane District
2a6816d2-d816-486b-9c2d-2c818de0a391,8.4,Short-rotation Cropland,,Whakatane District
2a696b84-ecb2-4fa1-aa9f-87ee5ec1df81,8.0,Indigenous Forest,,Ōpōtiki District
2a791fe5-7c53-412d-8adc-6453e446a75f,10.0,High Producing Exotic Grassland,,Tauranga City
2a7cd1be-5fed-4879-93d9-5267c933f6b7,8.4,High Producing Exotic Grassland,,Western Bay of Plenty District
2a7de3cd-32bb-411f-b179-083a5bbf8725,10.0,High Producing Exotic Grassland,,Western Bay of Plenty District
2a85f735-a5b6-4b40-8a2c-4819583a0030,10.0,Broadleaved Indigenous Hardwoods,,Western Bay of Plenty District
2a930fd6-a71f-42b5-b7c9-88872b4fddfb,8.0,Indigenous Forest,Te Puke,Western Bay of Plenty District
2a95b88a-87a4-4af7-9971-bffb7087a65c,8.0,High Producing Exotic Grassland,,Whakatane District
2a9d4284-3165-4e94-a8c9-827c06ff9767,8.0,High Producing Exotic Grassland,,Whakatane District
2aa5d6d0-cde8-4840-98d8-2ec80e5d6127,10.0,High Producing Exotic Grassland,,Western Bay of Plenty District
2ab29fff-d309-4544-a506-d5c5d4bd45b4,8.0,Indigenous Forest,,Whakatane District
2ab2f479-3c78-4b28-9d9d-0808c5c1ddab,9.6,Broadleaved Indigenous Hardwoods,,Western Bay of Plenty District
2ab57756-f9bb-4d84-b223-608326395374,10.0,Forest - Harvested,Tauranga,Tauranga City
2ab82794-27e4-4ec9-95d2-9083f5b4d409,8.0,High Producing Exotic Grassland,,Tauranga City
2abbe31c-5a77-44bd-94a2-868d5ca93db2,10.0,Built-up Area (settlement),,Tauranga City
2abf00f8-c8f5-4e45-8a4e-50d8e25fe22e,10.0,High Producing Exotic Grassland,,Western Bay of Plenty District
2ac4207c-2246-417d-bf57-80d4fc5197d5,10.0,Urban Parkland/Open Space,Tauranga,Tauranga City
2ac9aff9-8b16-45b0-a142-5abb71b98484,9.6,Exotic Forest,,Western Bay of Plenty District
2acbdc5f-5991-4447-8f0a-601e7c5c121c,10.0,High Producing Exotic Grassland,,Western Bay of Plenty District
2ad593dd-5c3f-479d-bcd8-65f68d094b41,8.0,Exotic Forest,,Western Bay of Plenty District
2adda357-feea-4ada-be83-77d0e313b0fc,10.0,High Producing Exotic Grassland,Tauranga,Tauranga City
2afc2aee-d0de-46a5-b364-103f4de06c53,8.0,Broadleaved Indigenous Hardwoods,,Western Bay of Plenty District
2aff460c-f35e-4551-8b1f-01ac7e9ce377,10.0,High Producing Exotic Grassland,,Western Bay of Plenty District
2b01b425-1cb3-4f41-a3db-c57bd9cfaea9,8.0,High Producing Exotic Grassland,,Whakatane District
2b0721bf-cd5d-4398-b54c-9d2769fa32ef,8.0,High Producing Exotic Grassland,,Whakatane District
2b0871a7-46bb-42c1-b031-327888895ff7,8.4,Short-rotation Cropland,,Ōpōtiki District
2b0ca59c-ff27-44a9-9fbd-0a53a1d0f131,8.0,High Producing Exotic Grassland,,Whakatane District
2b0dc1f3-8b48-4aff-9f2d-df9bcae11777,10.0,High Producing Exotic Grassland,,Western Bay of Plenty District
2b0eb352-8b68-424b-bcc8-0c7c323bbb21,8.0,Built-up Area (settlement),Te Puke,Western Bay of Plenty District
2b0f86d6-a640-4b90-975a-bf0ccdd5fdd4,8.0,Broadleaved Indigenous Hardwoods,Tauranga,Tauranga City
2b184e61-b44c-478a-a7e3-0e660f3aad08,8.0,High Producing Exotic Grassland,,Whakatane District
2b192310-1379-4e38-a13c-0dde68e81d4b,8.4,High Producing Exotic Grassland,,Whakatane District
2b19c2ab-a635-4edc-b5f4-f69603603017,10.0,Built-up Area (settlement),Tauranga,Tauranga City
2b1c1250-e2d0-4a3a-96d7-3de2727e37aa,8.0,High Producing Exotic Grassland,,Whakatane District
2b3adfd6-d8aa-4890-8b52-a495382801f6,10.0,High Producing Exotic Grassland,,Western Bay of Plenty District
2b3b6ca5-5ff7-4daa-8a15-60caa7f3ce6b,9.6,Exotic Forest,Tauranga,Tauranga City
2b4047e3-2784-4f42-b6d9-678820fef01a,8.0,High Producing Exotic Grassland,,Whakatane District
2b414a39-7182-4e06-b919-ca076fea4a4b,8.4,Short-rotation Cropland,,Ōpōtiki District
2b4a3728-bbf2-4eca-9705-119fd5c1184f,10.0,High Producing Exotic Grassland,Katikati,Western Bay of Plenty District
2b51a66f-51e0-40c4-930c-0a5d713f5288,10.0,High Producing Exotic Grassland,,Western Bay of Plenty District
2b58bec5-c039-42e8-a774-c1d5f6fd6775,8.0,High Producing Exotic Grassland,,Whakatane District
2b5c0f79-cc71-42bf-a5e3-b372b72fc531,10.0,Gorse and/or Broom,,Western Bay of Plenty District
2b64d78e-c2d9-4c40-a2cd-192b87e802b4,10.0,High Producing Exotic Grassland,,Ōpōtiki District
2b6e6aa5-6bd0-4dac-95da-68ed1b0393ed,8.0,Forest - Harvested,,Whakatane District
2b76d1a1-6393-4e5e-b756-ff970c17fbe9,10.0,High Producing Exotic Grassland,,Ōpōtiki District
2b771470-a568-4cf0-beb2-15afe1657d10,8.0,High Producing Exotic Grassland,,Whakatane District
2b7d7fe0-8332-4aa0-815c-b531b7b57aa6,8.0,High Producing Exotic Grassland,,Whakatane District
2b818dd7-d67d-4688-b754-047ca1b1fabe,10.0,Indigenous Forest,Te Puke,Western Bay of Plenty District
2b891bf5-3994-41b9-8118-88ba3c2e3f97,10.0,High Producing Exotic Grassland,Tauranga,Tauranga City
2b8e28d2-4789-45b3-84b7-e6d9d6f1b350,8.0,Exotic Forest,Te Puke,Western Bay of Plenty District
2b901249-184e-4c46-8c9d-49543cc93fc4,10.0,High Producing Exotic Grassland,,Western Bay of Plenty District
2b9aebd0-6494-4d05-97c1-8e0d7008b469,10.0,High Producing Exotic Grassland,,Western Bay of Plenty District
2ba6ad78-760b-467a-9bc7-18e784dd8611,8.0,Exotic Forest,Pongakawa,Western Bay of Plenty District
2baa2dbd-219a-4c45-a4f8-c979f36396c8,8.0,High Producing Exotic Grassland,,Whakatane District
2bab2835-f600-4931-8fa3-ee0883143ec1,10.0,High Producing Exotic Grassland,,Western Bay of Plenty District
2bc588f2-5556-4082-8fa7-7feb65d01fee,10.0,High Producing Exotic Grassland,,Western Bay of Plenty District
2bd7268c-9c70-49d5-882c-35288dc3b0ff,8.0,High Producing Exotic Grassland,,Whakatane District
2bdd5eb3-76c7-4e59-8935-19c5821eaa9a,8.0,Exotic Forest,,Whakatane District
2bdfc0f3-7521-49c9-b1dd-f06a75c15042,10.0,High Producing Exotic Grassland,,Western Bay of Plenty District
2be30e96-36fe-4bd2-be16-b13a8e777199,8.0,High Producing Exotic Grassland,,Tauranga City
2be3c02a-f562-483e-8df4-b0eebeec5e6a,8.0,Manuka and/or Kanuka,,Whakatane District
2be3ffbf-fc9f-4c07-8dc8-1f36189b275f,10.0,High Producing Exotic Grassland,,Western Bay of Plenty District
2be4d808-62e9-447f-9d94-c063bf0530f9,10.0,High Producing Exotic Grassland,,Western Bay of Plenty District
2bf7bdf1-d491-485d-9664-77643ad1c35a,10.0,High Producing Exotic Grassland,,Western Bay of Plenty District
2c0367c6-b5c6-4e9d-95e0-4e62f1cba51e,10.0,Indigenous Forest,,Ōpōtiki District
2c0ddfb8-d423-4938-b195-0bff2077e444,8.0,Manuka and/or Kanuka,,Whakatane District
2c205c75-8563-4a87-bb0e-cfe4ef0bf197,8.0,High Producing Exotic Grassland,Te Puke,Western Bay of Plenty District
2c22cdda-ff12-42ec-859e-f2640d50b864,10.0,High Producing Exotic Grassland,Tauranga,Western Bay of Plenty District
2c2526ee-424e-4bb3-b78e-10778bfd17f0,10.0,High Producing Exotic Grassland,Katikati,Western Bay of Plenty District
2c2f9b16-b0eb-435a-ab9a-7fa5e88c7430,10.0,High Producing Exotic Grassland,,Western Bay of Plenty District
2c33547d-1671-4721-8c4a-6d66055efaa1,10.0,High Producing Exotic Grassland,Tauranga,Western Bay of Plenty District
2c37cb78-5a1a-4728-9749-16f77e1fffea,10.0,Indigenous Forest,,Whakatane District
2c39b8ac-2652-461b-b6f9-f2c8a8f9f123,10.0,High Producing Exotic Grassland,,Ōpōtiki District
2c3a6866-0ed3-4d41-93af-5488ca770a9a,10.0,High Producing Exotic Grassland,,Western Bay of Plenty District
2c4fd539-7647-40c0-b7c6-29444ed7e2d0,10.0,Urban Parkland/Open Space,Tauranga,Tauranga City
2c5113e2-025b-458b-bf60-7164745ec05d,8.0,Broadleaved Indigenous Hardwoods,,Whakatane District
2c5162c3-2f8a-45f2-8919-919904fa6b96,10.0,High Producing Exotic Grassland,Tauranga,Western Bay of Plenty District
2c575092-d890-49c8-8802-2d7f9a9c70c8,10.0,Exotic Forest,,Western Bay of Plenty District
2c6861d1-595f-46a9-851a-458f6322fa07,8.0,Exotic Forest,,Whakatane District
2c68aebd-0ce3-44f3-a8a0-e71d3e5ed7b8,8.4,Built-up Area (settlement),,Whakatane District
2c845b5d-081d-4bbe-ad64-926453a97e66,10.0,High Producing Exotic Grassland,Tauranga,Western Bay of Plenty District
2c9244f4-6912-44d1-84b1-e47a969b502c,10.0,High Producing Exotic Grassland,Tauranga,Tauranga City
2c976e7c-88d0-4a0e-9638-c72b6ffd7774,10.0,Built-up Area (settlement),,Western Bay of Plenty District
2c9a9ee2-fb93-4614-8ca0-348999531738,10.0,Broadleaved Indigenous Hardwoods,,Western Bay of Plenty District
2cad8e63-bbec-411b-9903-82e6d55b01f8,10.0,High Producing Exotic Grassland,Tauranga,Tauranga City
2cae4b9d-725a-4221-879e-ed332b81ee5d,8.0,High Producing Exotic Grassland,,Western Bay of Plenty District
2cc334df-b482-4299-9390-61125b5013ee,10.0,High Producing Exotic Grassland,,Western Bay of Plenty District
2cca8078-2df2-4e59-b210-c68e2aa5c345,10.0,High Producing Exotic Grassland,,Western Bay of Plenty District
2ccb2537-17a1-497b-9d07-99f86d2305b7,8.0,High Producing Exotic Grassland,,Whakatane District
2cd5feca-620f-47b3-bf5e-9530b50fc72a,8.0,Manuka and/or Kanuka,,Whakatane District
2ce0f872-7d4a-4672-afef-7fb6fec9d7d9,10.0,High Producing Exotic Grassland,,Western Bay of Plenty District
2cf22815-a55e-49d4-934d-73c28eb2aa25,10.0,High Producing Exotic Grassland,,Western Bay of Plenty District
2cf2f0b5-c5cc-4177-9580-6c4e68e278ec,10.0,High Producing Exotic Grassland,,Western Bay of Plenty District
2cf7b095-7333-4694-bde2-41bad2e547cc,8.8,Indigenous Forest,,Western Bay of Plenty District
2cfdda2c-4a5d-40d1-aaee-548ee8d9fb42,10.0,High Producing Exotic Grassland,,Tauranga City
2d053131-590d-494c-8b8a-92bdeca34e39,10.0,High Producing Exotic Grassland,,Western Bay of Plenty District
2d0ce5fc-5a98-491c-b5a5-dcfd120c2744,8.0,High Producing Exotic Grassland,,Whakatane District
2d1078dd-078b-4789-aeb1-ceb85ededcde,8.0,High Producing Exotic Grassland,,Whakatane District
2d115d26-788e-41c7-8f66-283ddd911ddc,9.6,Exotic Forest,Tauranga,Tauranga City
2d14a3ee-8eee-4c38-bb9f-7d504fbcac4c,10.0,High Producing Exotic Grassland,Tauranga,Western Bay of Plenty District
2d219014-832a-440c-9975-1be2cec918bb,8.0,Exotic Forest,,Western Bay of Plenty District
2d297c6b-e042-4f5d-8760-49771d4144dc,10.0,High Producing Exotic Grassland,,Western Bay of Plenty District
2d2e2a4b-798f-43b2-a34f-ed81e542cbdd,10.0,High Producing Exotic Grassland,,Ōpōtiki District
2d31b40b-080b-4b8d-a3f3-0fe6bbd06e0e,10.0,Built-up Area (settlement),,Western Bay of Plenty District
2d356bf3-fdee-4a7a-adf2-76dec823801a,8.8,High Producing Exotic Grassland,,Western Bay of Plenty District
2d449db3-7d8c-4a44-916b-de4adf8626b8,8.0,Indigenous Forest,Te Puke,Western Bay of Plenty District
2d46b276-ddd7-4e14-8cd0-66749d8a4d20,10.0,High Producing Exotic Grassland,,Western Bay of Plenty District
2d516cf6-c658-4e40-8557-136183d92d72,8.8,High Producing Exotic Grassland,,Western Bay of Plenty District
2d51dde6-b7b9-4b05-8b35-45d12e9a210b,8.0,High Producing Exotic Grassland,,Western Bay of Plenty District
2d60f222-8cc8-4131-98a9-57aead8fdc5f,10.0,High Producing Exotic Grassland,Tauranga,Western Bay of Plenty District
2d6155ef-08b7-4e88-a214-18aa6ef460b8,10.0,High Producing Exotic Grassland,Tauranga,Western Bay of Plenty District
2d62516e-1b00-4ffc-80f9-17249d195aba,8.0,High Producing Exotic Grassland,Pongakawa,Western Bay of Plenty District
2d6a8d95-66ba-44ab-87bc-4c3ff4c5082f,10.0,High Producing Exotic Grassland,,Western Bay of Plenty District
2d6b1418-9421-45a4-bb88-9eb20593b669,8.0,High Producing Exotic Grassland,,Whakatane District
2d6c2c6e-718c-4c5b-aba6-77627c599779,8.4,High Producing Exotic Grassland,,Ōpōtiki District
2d727ca8-dea3-4088-80e1-a728b812bc2c,8.0,Built-up Area (settlement),Tauranga,Tauranga City
2d72d287-61f9-4dfa-9b23-556dbc48402a,10.0,High Producing Exotic Grassland,,Western Bay of Plenty District
2d87ee08-462a-4713-8330-bf6af7b168b8,8.4,High Producing Exotic Grassland,,Ōpōtiki District
2d88c39a-a4d5-4e0b-86d6-734c95395d83,10.0,Exotic Forest,,Western Bay of Plenty District
2d91be58-67b7-4161-8625-39043d62291d,10.0,Transport Infrastructure,,Western Bay of Plenty District
2db50b6b-c6a1-4b68-8d8d-be209190b8d2,10.0,High Producing Exotic Grassland,,Western Bay of Plenty District
2dc4ea91-2370-48dc-88c8-371035af0a97,10.0,High Producing Exotic Grassland,,Western Bay of Plenty District
2dc5056c-b524-41a7-8cf9-edf1a078a02d,10.0,Indigenous Forest,,Ōpōtiki District
2dc5ac4a-4472-4e2c-9945-1bd076fa3392,8.4,High Producing Exotic Grassland,,Whakatane District
2dc967db-1234-4757-afc4-91ee46661e46,8.0,High Producing Exotic Grassland,Te Puke,Western Bay of Plenty District
2dcca6e2-14c5-42ee-82fb-3a2cc9f9f083,10.0,High Producing Exotic Grassland,,Western Bay of Plenty District
2dd4c021-1876-45cb-b564-0d1374f0a986,8.0,High Producing Exotic Grassland,,Whakatane District
2dec608b-ad3c-4d22-a59c-6c02a677fc5d,10.0,Indigenous Forest,,Western Bay of Plenty District
2dedb289-1fb4-4e6e-bf98-854d849dd8a5,10.0,High Producing Exotic Grassland,,Whakatane District
2e00755b-da82-4bef-8362-9a7d5041589f,8.0,High Producing Exotic Grassland,,Whakatane District
2e02d4ea-73c2-416a-aab5-f6188ba9019e,8.0,High Producing Exotic Grassland,,Whakatane District
2e0543ee-5465-44d1-9d80-c8c4bb65a242,10.0,High Producing Exotic Grassland,Tauranga,Tauranga City
2e099ed5-034a-4bdf-ab43-b22e8d432cfe,8.4,Exotic Forest,,Western Bay of Plenty District
2e1095d3-00fd-4b50-a115-f47a942df5bc,8.4,High Producing Exotic Grassland,,Ōpōtiki District
2e1369ea-01c5-4add-9e33-cf6b86230728,8.0,High Producing Exotic Grassland,,Whakatane District
2e15d639-0611-427a-8f31-76cd794f264b,8.4,High Producing Exotic Grassland,,Whakatane District
2e15f4ff-d13a-4671-b42f-1e95265eb254,10.0,Forest - Harvested,,Ōpōtiki District
2e16eff9-6fcc-4d9e-9a93-f17a07132a69,10.0,High Producing Exotic Grassland,,Western Bay of Plenty District
2e1b8ad1-badb-48d8-bb89-d947976d2b52,8.0,Indigenous Forest,,Whakatane District
2e25a7d9-bc7f-46e1-a833-0baabaf1675d,8.4,High Producing Exotic Grassland,,Ōpōtiki District
2e27b4ad-7cab-45f2-8507-14b04f9ff0ef,10.0,High Producing Exotic Grassland,,Western Bay of Plenty District
2e314152-38a4-452f-a11e-7315890ecaa7,10.0,High Producing Exotic Grassland,,Western Bay of Plenty District
2e35a8d0-608b-468b-b030-eaadec53327d,8.0,High Producing Exotic Grassland,,Whakatane District
2e3a7e06-69f3-4bcd-8a40-0dcc89017406,10.0,High Producing Exotic Grassland,,Western Bay of Plenty District
2e45691c-56a1-4dd5-85f9-bd71a9b3ede2,10.0,Gorse and/or Broom,,Western Bay of Plenty District
2e4c3fc5-85aa-4fba-86b8-5d8d6b7dd973,8.0,Manuka and/or Kanuka,,Whakatane District
2e551af5-60ce-4e97-b3ea-40e2ac9603fe,8.0,High Producing Exotic Grassland,,Whakatane District
2e56027d-4dff-4fb6-bae4-380a5d8781ab,10.0,High Producing Exotic Grassland,,Western Bay of Plenty District
2e5af4eb-42d0-42e5-b2aa-3ef22f671f00,8.4,High Producing Exotic Grassland,,Whakatane District
2e5b36be-fbba-414e-b3a5-de30448df7e0,10.0,High Producing Exotic Grassland,,Western Bay of Plenty District
2e5f1dc6-049f-4c58-988a-8bba816c8e14,8.4,High Producing Exotic Grassland,,Whakatane District
2e5f557f-847f-44d7-9d3c-7998c9cc81ef,8.0,High Producing Exotic Grassland,,Whakatane District
2e635872-dc9b-488e-a30b-cc889fce6931,10.0,High Producing Exotic Grassland,,Whakatane District
2e7de41e-3333-4c6a-8381-96b959f9bcb1,10.0,Low Producing Grassland,,Western Bay of Plenty District
2e7e0385-642d-4e29-aaf7-4b02f5a4978c,10.0,Exotic Forest,Tauranga,Western Bay of Plenty District
2e7e942b-6535-4e30-a2e3-b621b233bba3,8.0,High Producing Exotic Grassland,Te Puke,Western Bay of Plenty District
2e83a713-bf02-48ca-a4e9-041bef6b7643,8.0,High Producing Exotic Grassland,,Whakatane District
2e856123-c15e-44b5-a643-d2dbe266e905,10.0,High Producing Exotic Grassland,,Ōpōtiki District
2e8e3b70-34a4-4973-8e3b-fde9edf1d5be,8.0,Manuka and/or Kanuka,Pongakawa,Western Bay of Plenty District
2e8f442e-8082-4400-9a86-d6db381b86e8,8.0,Indigenous Forest,Te Puke,Western Bay of Plenty District
2e934224-c4a3-4ac6-928f-8cb0ab9e09a3,10.0,Built-up Area (settlement),,Western Bay of Plenty District
2e9719e7-dc2e-4709-9fbf-34bb8ff71be8,10.0,High Producing Exotic Grassland,,Western Bay of Plenty District
2e978d3f-f3c0-44bc-a412-ef94e981b9c4,10.0,Built-up Area (settlement),Tauranga,Tauranga City
2e9abb08-f71c-40f1-ac13-b1c0d9d748ed,9.6,Exotic Forest,,Western Bay of Plenty District
2ea9f5ea-b161-4025-b127-5085f6bcfc5d,10.0,High Producing Exotic Grassland,,Whakatane District
2eb0514c-a077-4c40-a2d7-32868d292fb3,10.0,High Producing Exotic Grassland,,Western Bay of Plenty District
2eb28dde-c8ff-4bf7-b9ec-9995fc0b924b,10.0,Built-up Area (settlement),Tauranga,Tauranga City
2ec1b452-d808-4b20-a9c2-3133bb56d17b,10.0,High Producing Exotic Grassland,,Western Bay of Plenty District
2ecbdebb-51ca-492d-a1be-05ca6704a6a0,10.0,High Producing Exotic Grassland,Tauranga,Western Bay of Plenty District
2ecda398-fe50-4ec9-ac80-1d463c79bc4d,8.0,Manuka and/or Kanuka,,Whakatane District
2ece505f-f72f-46dc-acd7-5e2516f70975,9.6,Indigenous Forest,Tauranga,Western Bay of Plenty District
2ecefb6d-b2ab-4747-b7d7-9db6fedd85ce,8.0,High Producing Exotic Grassland,,Whakatane District
2ed30e05-28fd-42b8-818d-51d93b4c8510,8.0,High Producing Exotic Grassland,,Whakatane District
2ed687e8-9c84-46ac-a0aa-49c505d92211,8.0,Indigenous Forest,,Whakatane District
2ee41106-c545-48fc-9f84-ee70617e3763,10.0,High Producing Exotic Grassland,,Western Bay of Plenty District
2eea90ae-8272-4ed3-abb6-1c5054790363,10.0,High Producing Exotic Grassland,Tauranga,Tauranga City
2eefbc74-93ba-4cb2-be15-c065c37f610b,10.0,High Producing Exotic Grassland,Te Puke,Western Bay of Plenty District
2ef991ee-3f65-4d4f-a3cc-9d62f9765bc9,10.0,High Producing Exotic Grassland,,Western Bay of Plenty District
2f02ee3f-c67d-4a1f-9490-6ea46567a0ea,10.0,Indigenous Forest,,Western Bay of Plenty District
2f03d86e-1426-462d-8e98-0c413ec512f2,10.0,Indigenous Forest,,Ōpōtiki District
2f0e0975-fe7f-4e7a-a616-e6aed61688b2,10.0,High Producing Exotic Grassland,,Western Bay of Plenty District
2f0f49b4-3754-443c-a9e9-76d9782ac7ff,9.6,Indigenous Forest,,Western Bay of Plenty District
2f190b65-30e3-4297-8401-56a04ad4bdaf,10.0,High Producing Exotic Grassland,,Western Bay of Plenty District
2f2959ba-9093-4e0d-8fef-a659c71de96a,8.0,Manuka and/or Kanuka,,Whakatane District
2f34249e-3bb2-49cb-8494-5c089c88734e,9.6,Built-up Area (settlement),,Whakatane District
2f366b8f-6ee2-441e-b70f-7f156a226758,10.0,High Producing Exotic Grassland,,Western Bay of Plenty District
2f37431c-cf5b-48e6-bc4f-93d0b014dadb,8.0,High Producing Exotic Grassland,,Whakatane District
2f40fb68-8b26-4379-8983-1c936c330a3c,8.0,High Producing Exotic Grassland,,Western Bay of Plenty District
2f481005-abf0-4831-bacc-bb4d723fe7a2,8.0,High Producing Exotic Grassland,,Whakatane District
2f483b4d-0b05-4d64-8a2b-de4d34e5cb83,8.0,High Producing Exotic Grassland,,Whakatane District
2f4b71e3-1770-4b14-89b6-18fa08ccb903,10.0,High Producing Exotic Grassland,,Ōpōtiki District
2f5008a2-eb42-4ae8-ba32-ce37d0371604,8.4,High Producing Exotic Grassland,,Whakatane District
2f5a499f-0761-49ef-a834-434bfbf0d66a,10.0,Exotic Forest,Tauranga,Tauranga City
2f691cf6-3781-4c85-a692-ab9623a302b8,10.0,High Producing Exotic Grassland,,Western Bay of Plenty District
2f6f45a4-66b5-4bb8-8666-4695ae3b0ea4,8.8,Indigenous Forest,,Western Bay of Plenty District
2f87839b-74bd-4686-bdc4-286a2d66e373,10.0,Broadleaved Indigenous Hardwoods,Tauranga,Tauranga City
2f8b5d79-6790-44a6-8b24-cbd6b20f3261,10.0,High Producing Exotic Grassland,,Western Bay of Plenty District
2f8c28fb-5083-4950-83ec-c62460d95648,10.0,High Producing Exotic Grassland,,Western Bay of Plenty District
2f8ff334-d2ba-4447-8d14-7d0478a8beb8,10.0,Exotic Forest,,Western Bay of Plenty District
2f925eae-edf2-40c9-814a-a828232f5dca,8.0,High Producing Exotic Grassland,,Whakatane District
2f9aabb7-8745-445d-9850-73aa4c37b746,8.8,Indigenous Forest,,Western Bay of Plenty District
2fa7fc70-478b-4f58-a626-f9145e97c375,10.0,High Producing Exotic Grassland,,Western Bay of Plenty District
2fb010bd-5651-475f-bccd-38b973708953,10.0,High Producing Exotic Grassland,,Ōpōtiki District
2fb4e81c-2a17-49db-9b78-966212722867,10.0,High Producing Exotic Grassland,,Western Bay of Plenty District
2fb795ce-34d6-4150-a66e-46e4c16931f3,10.0,Built-up Area (settlement),Tauranga,Tauranga City
2fc1a512-0de2-4cb5-9421-f1a14dac71ee,8.0,High Producing Exotic Grassland,,Western Bay of Plenty District
2fc278ec-e635-4445-8722-9ba07bbf74d8,8.0,High Producing Exotic Grassland,,Whakatane District
2fc4cb63-6695-430f-85da-aa928b1630a6,8.0,High Producing Exotic Grassland,,Whakatane District
2fc93957-b9a7-40d8-bde2-9e9beacd5f20,8.0,High Producing Exotic Grassland,,Whakatane District
2fe69651-3dbd-4aa0-b385-6ef4ca4e9a1b,8.0,Built-up Area (settlement),Tauranga,Tauranga City
2fef0ab3-28e2-41b0-af74-39efa9a397df,10.0,High Producing Exotic Grassland,,Western Bay of Plenty District
3000a49f-f912-4952-be77-8e8c74e12c56,8.4,Short-rotation Cropland,,Ōpōtiki District
30045af8-b0ec-42bf-90e9-a96a30ace20e,10.0,Urban Parkland/Open Space,Tauranga,Tauranga City
300b12ee-c797-44fb-b95d-b08878a29cd1,8.0,High Producing Exotic Grassland,,Whakatane District
300d7b69-d26b-438a-93cc-27345acfee28,10.0,High Producing Exotic Grassland,,Western Bay of Plenty District
300dfd54-65c5-4512-8b2c-14ab084f742e,10.0,High Producing Exotic Grassland,,Ōpōtiki District
3018bafa-bffc-4798-94a4-33b344e9f130,8.8,Indigenous Forest,,Western Bay of Plenty District
30244b1c-7f32-4715-87dc-890dcf4754e8,8.8,Indigenous Forest,,Western Bay of Plenty District
3029571a-b2db-4e54-8670-fc48bb18dfe1,10.0,Low Producing Grassland,,Western Bay of Plenty District
3033a93c-43e5-42f3-a818-3790654e8bf3,10.0,High Producing Exotic Grassland,,Western Bay of Plenty District
3039633b-cbb6-4d48-8fad-3054dbc6a4f8,10.0,High Producing Exotic Grassland,,Western Bay of Plenty District
303ae720-bcb3-40df-8428-5b39c4e0f993,8.0,High Producing Exotic Grassland,,Whakatane District
3047b1ea-4e7a-4244-82f3-45bbf2426a95,10.0,High Producing Exotic Grassland,,Western Bay of Plenty District
304d5138-ddb7-4ede-a0f8-f3d83fb11abc,8.0,High Producing Exotic Grassland,Pongakawa,Western Bay of Plenty District
3051a018-d0cb-4bbf-9f32-ec38cf67cc4f,8.0,Exotic Forest,,Western Bay of Plenty District
3057a50d-cba2-4f12-a7c7-5a8da1a5971d,10.0,High Producing Exotic Grassland,Tauranga,Western Bay of Plenty District
3059c713-4d69-4f99-bcc2-3705026217c6,10.0,High Producing Exotic Grassland,,Ōpōtiki District
305a17b3-a8d4-46c5-aba4-e13c40839e16,10.0,Manuka and/or Kanuka,Tauranga,Tauranga City
305ae7e8-0c89-4541-b67c-9e528a630200,10.0,High Producing Exotic Grassland,,Western Bay of Plenty District
3064191b-b43d-4320-8fa1-90abaeeab252,10.0,High Producing Exotic Grassland,Te Puke,Western Bay of Plenty District
30676323-b223-43d4-807f-f6145b84e548,8.0,High Producing Exotic Grassland,,Western Bay of Plenty District
306a6efa-a1bc-42f5-95f5-7671b9a09bbd,10.0,High Producing Exotic Grassland,,Western Bay of Plenty District
3078f7dc-d49f-4b0e-981d-42b31e52af06,8.0,High Producing Exotic Grassland,,Whakatane District
3088ab6d-4869-420b-9a5d-73d8b4c8b352,10.0,Indigenous Forest,,Ōpōtiki District
308fbc8b-5e1a-4e71-9a59-ed9cc9cbd19d,8.0,Indigenous Forest,,Whakatane District
30a0df81-6454-49b8-b600-c4c3dd40507d,8.4,High Producing Exotic Grassland,,Whakatane District
30a6b505-7afb-4087-9739-1c53b9938d64,10.0,Broadleaved Indigenous Hardwoods,,Western Bay of Plenty District
30a7cc37-427e-4793-ac0d-96407ad69256,10.0,High Producing Exotic Grassland,Tauranga,Tauranga City
30b9e497-e469-4c0c-b214-6f48405803a8,10.0,High Producing Exotic Grassland,,Western Bay of Plenty District
30c9682a-d1fb-42c3-aee7-05c05aafcd7c,8.0,High Producing Exotic Grassland,Pongakawa,Western Bay of Plenty District
30caa345-c380-463c-b38d-810ede86aa00,10.0,Built-up Area (settlement),Katikati,Western Bay of Plenty District
30cf56fb-cf65-45e0-8d33-77580bade4b1,10.0,Exotic Forest,,Whakatane District
30d5c10a-5386-453c-aca5-57878a5bff56,8.4,High Producing Exotic Grassland,,Ōpōtiki District
30d8c2d4-32ae-42b3-8d81-c550345572dc,10.0,High Producing Exotic Grassland,,Western Bay of Plenty District
30e23174-e1c8-497a-9158-b2d088040013,10.0,High Producing Exotic Grassland,,Western Bay of Plenty District
30f2423c-2411-4a4f-ae91-500b2fc9d082,9.6,Indigenous Forest,,Western Bay of Plenty District
30f4eee3-d1a2-4e92-86f9-dda6c46a2414,10.0,High Producing Exotic Grassland,,Western Bay of Plenty District
30fd085b-9cdf-435e-8b89-17c5c1c0710b,8.0,Short-rotation Cropland,,Whakatane District
30fe2389-28fe-496a-9250-40cda7a9cdd9,10.0,Indigenous Forest,,Western Bay of Plenty District
3106e87c-1e44-46bf-bbc5-f017570fe9fe,10.0,High Producing Exotic Grassland,Pongakawa,Western Bay of Plenty District
31206ea3-3a12-4477-bb7c-a59e43b3b47c,10.0,High Producing Exotic Grassland,,Western Bay of Plenty District
313b0983-93f9-4c99-b1da-3ca80c58b124,8.4,High Producing Exotic Grassland,,Whakatane District
313b1d61-19e8-4e97-812b-11ad55c53afe,8.0,High Producing Exotic Grassland,,Whakatane District
313d923f-aac6-4462-82b6-283ecac49826,10.0,High Producing Exotic Grassland,,Western Bay of Plenty District
31408c3a-0aad-41bc-a1f2-466b44477366,10.0,High Producing Exotic Grassland,,Western Bay of Plenty District
31500162-d127-434c-8398-c5f74b39014d,8.0,High Producing Exotic Grassland,,Whakatane District
31533709-5d52-4aad-8eff-6786a8c4124e,10.0,High Producing Exotic Grassland,,Western Bay of Plenty District
31540808-e0f4-4026-83c1-9b379ea5aad4,10.0,High Producing Exotic Grassland,,Western Bay of Plenty District
315583a3-8196-4948-9ca1-ec979831d3ec,10.0,High Producing Exotic Grassland,,Western Bay of Plenty District
3167c74b-62d2-492a-8913-d1c3b82d92db,9.6,Indigenous Forest,,Western Bay of Plenty District
31714417-317e-4f9d-a8a9-b0b284c5c6e0,8.0,High Producing Exotic Grassland,,Whakatane District
317edca0-42ec-466d-b59f-9a432872422d,8.0,High Producing Exotic Grassland,,Whakatane District
3185a43e-3429-4b78-b2da-471a466629dd,8.0,Exotic Forest,,Whakatane District
3189a101-e5b4-4b21-8f94-dae8ccc352d9,10.0,Indigenous Forest,,Western Bay of Plenty District
3191d70a-5145-47ea-a618-102877993278,8.0,Indigenous Forest,,Whakatane District
3193db80-e8cc-4e59-834f-57425f01d4bc,8.0,Built-up Area (settlement),Te Puke,Western Bay of Plenty District
319b6485-78da-48a5-bcaf-75a3d70aed12,8.0,Indigenous Forest,,Ōpōtiki District
319e013a-3351-4c4a-8184-83b422129842,10.0,Exotic Forest,,Western Bay of Plenty District
31a546fa-2fbe-4ecf-9a4c-76bd57655ef7,8.0,High Producing Exotic Grassland,Te Puke,Western Bay of Plenty District
31b4afb9-5227-46ca-9931-78f08fd03ce6,8.0,High Producing Exotic Grassland,,Whakatane District
31bf7482-8463-4f8b-abac-51a08a597c47,8.4,High Producing Exotic Grassland,,Whakatane District
31c0257d-9d8c-4679-a21c-c07119eb7be8,9.6,Indigenous Forest,,Whakatane District
31c34f79-633c-483f-a0ac-0d288345ced2,10.0,High Producing Exotic Grassland,,Western Bay of Plenty District
31c44090-9bed-428e-95dc-8408e1003ec6,10.0,High Producing Exotic Grassland,,Ōpōtiki District
31c5c8e9-50a1-428c-adfb-f4d769470e0a,10.0,High Producing Exotic Grassland,,Western Bay of Plenty District
31ca4f6f-22b8-4876-a621-4d3672611a5e,8.4,High Producing Exotic Grassland,,Whakatane District
31cb1b85-c1b0-479d-88b4-4e3d4c74eb90,10.0,High Producing Exotic Grassland,,Western Bay of Plenty District
31cdcf4d-05ae-4451-9bd5-67bac1f9025e,8.0,Exotic Forest,,Whakatane District
31cf9061-870c-43bb-a65a-5ff7790f8276,10.0,Indigenous Forest,Tauranga,Western Bay of Plenty District
31d52614-b4f8-40f9-a2ad-a0fa2931698a,8.4,Short-rotation Cropland,,Ōpōtiki District
31d7e791-a404-4f34-a5c0-f1483830ae1c,8.0,High Producing Exotic Grassland,,Western Bay of Plenty District
31ef19d5-536c-43b9-b822-8b958fd52709,8.0,High Producing Exotic Grassland,Pongakawa,Western Bay of Plenty District
31efb0a4-014a-4c3a-9b50-0db0caaefa78,8.0,High Producing Exotic Grassland,,Western Bay of Plenty District
31f6d50e-93ba-43cc-a9c0-1af50b68183a,10.0,Broadleaved Indigenous Hardwoods,,Western Bay of Plenty District
31f6f2e6-4027-4319-81b6-3857b9bc6b39,10.0,High Producing Exotic Grassland,Tauranga,Tauranga City
31f9f530-66dc-45cd-86e1-8f1611a727b6,10.0,High Producing Exotic Grassland,,Ōpōtiki District
31fb07f4-ebda-4db6-bf20-a8e40fb41ad4,10.0,High Producing Exotic Grassland,,Western Bay of Plenty District
3200ad78-adab-433a-ba57-53796b68a89a,8.0,High Producing Exotic Grassland,,Whakatane District
32037189-5813-4546-a144-dd4180d6ab63,10.0,Gorse and/or Broom,,Western Bay of Plenty District
32099c45-7a74-4f47-b1a4-38d591eee2d1,10.0,High Producing Exotic Grassland,Tauranga,Tauranga City
3212f5ef-7ac1-4924-9e52-94610464c07f,8.0,High Producing Exotic Grassland,,Whakatane District
321cbd1f-4471-4918-9a1c-44075b35971d,8.0,High Producing Exotic Grassland,,Whakatane District
322185f2-1876-4108-b85c-3f05ea45be15,8.4,High Producing Exotic Grassland,,Ōpōtiki District
322258a3-28ab-4633-bfde-306687d5b9ce,10.0,Indigenous Forest,,Ōpōtiki District
322ac38d-be1a-494b-8055-52640b88644f,10.0,High Producing Exotic Grassland,Tauranga,Tauranga City
3232b971-648f-481b-8a5f-1d0f57dfe014,10.0,High Producing Exotic Grassland,,Western Bay of Plenty District
323923e2-07bc-40fa-9aea-40a4fdf18094,10.0,Urban Parkland/Open Space,Tauranga,Tauranga City
3239d801-cf63-43d2-a738-f8475238c3a2,9.6,Indigenous Forest,,Whakatane District
32436c0e-0d48-4a71-8124-c1df14c49c70,10.0,High Producing Exotic Grassland,,Western Bay of Plenty District
32451533-cbb5-466b-a8bb-75d440d92762,8.0,Manuka and/or Kanuka,Pongakawa,Western Bay of Plenty District
324cb4f8-0ff3-4c51-8e0f-168796cae356,8.0,High Producing Exotic Grassland,,Whakatane District
326cdcdc-e321-4183-999f-1b7d774c140b,10.0,High Producing Exotic Grassland,,Western Bay of Plenty District
328c48a7-34e0-41a8-8379-0eb985f06021,8.4,High Producing Exotic Grassland,,Ōpōtiki District
3296755d-97b1-48d4-b0a2-708e57065a72,10.0,High Producing Exotic Grassland,,Western Bay of Plenty District
329837f1-3780-43cd-8fea-32d61126cb4b,10.0,High Producing Exotic Grassland,,Western Bay of Plenty District
32a15b56-69bd-4cf6-8371-197bb6857d6f,8.0,High Producing Exotic Grassland,,Western Bay of Plenty District
32a6e263-ddd9-4d18-a0da-579ffaa8ea77,10.0,Exotic Forest,,Western Bay of Plenty District
32a71170-2c30-4c53-aebf-b1e66cba163b,8.0,High Producing Exotic Grassland,,Whakatane District
32ace871-caa9-4d86-a703-4a8a7e8b90f8,10.0,Low Producing Grassland,,Ōpōtiki District
32b4e4f5-0b2b-478b-9e43-7b7ed3f3f72a,8.0,High Producing Exotic Grassland,Te Puke,Western Bay of Plenty District
32cef8a4-ce10-45ec-8f00-6130e9dc0123,10.0,Low Producing Grassland,,Western Bay of Plenty District
32d1f112-097d-49ea-a82f-2de95f529eac,8.0,Low Producing Grassland,,Whakatane District
32da5fb6-ee8d-4763-9356-8b0a4e2de495,10.0,High Producing Exotic Grassland,,Western Bay of Plenty District
32e645bd-eec4-4c4d-8957-79ec21988d0b,10.0,Short-rotation Cropland,,Western Bay of Plenty District
32fa0d31-8199-48f0-a6fe-1bfb0134a500,10.0,High Producing Exotic Grassland,,Western Bay of Plenty District
32fa1e0e-389b-4bf0-aded-95ee9321e63b,8.0,High Producing Exotic Grassland,,Whakatane District
3300f247-118d-4690-8a7d-f9f1c571ab5f,10.0,Exotic Forest,,Western Bay of Plenty District
33058954-dec7-48d1-987d-bdbcc77b8c7a,10.0,Forest - Harvested,Tauranga,Western Bay of Plenty District
331bb554-ee21-4a36-bcc7-2f94a9e2f2b0,8.0,High Producing Exotic Grassland,,Whakatane District
331d5eec-80ee-4860-b669-aedf3979631b,9.6,High Producing Exotic Grassland,,Whakatane District
332c8840-34cd-4237-9111-caef3062d779,8.0,High Producing Exotic Grassland,,Whakatane District
332ee56b-e175-4cb6-b80c-f6891c60e9c5,10.0,High Producing Exotic Grassland,,Tauranga City
333107a7-b59d-4eeb-9101-42fd221811c2,10.0,High Producing Exotic Grassland,,Western Bay of Plenty District
333918,8.0,High Producing Exotic Grassland,,Whakatane District
33411cfe-acf9-43b5-ab32-dcb581e344c4,10.0,Broadleaved Indigenous Hardwoods,,Western Bay of Plenty District
3342d978-0b30-41fd-bf5f-14e359af1682,10.0,High Producing Exotic Grassland,Tauranga,Tauranga City
3347949b-8c19-4ca7-90dc-eed1ed2f0326,8.4,High Producing Exotic Grassland,,Ōpōtiki District
3361178e-d1d8-4427-a1c6-52281f6acd79,8.4,High Producing Exotic Grassland,,Western Bay of Plenty District
33616b14-762c-4df1-85d5-c186be053133,10.0,High Producing Exotic Grassland,,Western Bay of Plenty District
33668f72-2fbb-413b-8061-a62ddb3c4aed,10.0,High Producing Exotic Grassland,,Whakatane District
336e430e-5b2e-47f1-9e08-3d33b1f830b4,8.4,Short-rotation Cropland,,Ōpōtiki District
336ea154-efbc-449c-92a0-f7bb445fa6f7,10.0,High Producing Exotic Grassland,,Whakatane District
33713a70-c178-4734-9352-d35c6792572f,10.0,Built-up Area (settlement),Tauranga,Tauranga City
33878b27-adcc-4dc7-9937-bb80845012c3,8.0,High Producing Exotic Grassland,Te Puke,Western Bay of Plenty District
338acf5a-d03f-4a4d-a14b-47b2b9808f7a,10.0,High Producing Exotic Grassland,,Western Bay of Plenty District
33913432-8a15-44d3-8df5-3e013afe32df,10.0,High Producing Exotic Grassland,,Western Bay of Plenty District
339416,8.0,High Producing Exotic Grassland,,Whakatane District
33b0a52e-8ee5-44f7-b245-ab2c733f7266,10.0,High Producing Exotic Grassland,Tauranga,Tauranga City
33b53c70-a500-443a-b850-469f3dc947b5,10.0,Gorse and/or Broom,,Western Bay of Plenty District
33ba88a3-aa9c-4e01-9826-03210639c140,10.0,High Producing Exotic Grassland,,Western Bay of Plenty District
33be66cc-7df2-4167-b93c-483f8cd702b6,10.0,High Producing Exotic Grassland,,Western Bay of Plenty District
33c6ab06-cb67-4147-a667-70f478f5794c,8.0,Indigenous Forest,,Whakatane District
33c9dc49-9a24-4d51-89a2-df563e514486,10.0,Built-up Area (settlement),Tauranga,Tauranga City
33cb1b73-bbd7-4fd7-b1b8-bcf26fdfe379,8.0,Indigenous Forest,Pongakawa,Western Bay of Plenty District
33d3602f-40af-4942-ae2d-e85118e03d38,10.0,Broadleaved Indigenous Hardwoods,,Western Bay of Plenty District
33d510c2-a542-4d81-afad-a4df4bdb0c07,8.0,Built-up Area (settlement),,Tauranga City
33d7ad13-329a-45cf-b3a9-7b7159c94e2f,10.0,High Producing Exotic Grassland,,Western Bay of Plenty District
33dbaa1f-78e9-45f7-a893-2011ce9ae87f,10.0,Indigenous Forest,,Western Bay of Plenty District
33dc4a58-9a1b-49fc-9aa0-23a272f0c0f0,10.0,High Producing Exotic Grassland,Tauranga,Western Bay of Plenty District
33f4ef58-8849-431d-94bf-52a873ac7dde,8.0,High Producing Exotic Grassland,,Whakatane District
33f6b7cc-180f-4e6d-af92-342da050f23d,8.0,High Producing Exotic Grassland,,Whakatane District
33f961e3-15c2-4fac-aff6-4018f4064b79,10.0,High Producing Exotic Grassland,Tauranga,Western Bay of Plenty District
3407601a-b7e6-4344-8d23-1415b3107943,8.0,Short-rotation Cropland,Te Puke,Western Bay of Plenty District
341d9176-6c78-4205-a89c-e02ac2717c6c,8.8,High Producing Exotic Grassland,,Western Bay of Plenty District
341dc283-a700-4bc6-a57e-348edf72b9c2,8.4,High Producing Exotic Grassland,,Ōpōtiki District
34277b71-f8a9-437c-b235-bc714e6df58d,10.0,High Producing Exotic Grassland,,Western Bay of Plenty District
34474631-2c2e-45d7-8245-4efb27452829,8.0,Forest - Harvested,,Whakatane District
344c412a-db61-447d-95ee-761f32faa9bd,10.0,High Producing Exotic Grassland,,Western Bay of Plenty District
3454a389-e022-42d8-88d1-5b6da58436b6,10.0,Gorse and/or Broom,,Western Bay of Plenty District
3454e164-d5ce-43b1-b958-e77f64b04b6f,10.0,High Producing Exotic Grassland,,Western Bay of Plenty District
34590082-5b1e-474d-ad95-7468c8934d0b,10.0,High Producing Exotic Grassland,,Ōpōtiki District
345f7875-76b4-4c2e-a1fb-5866c7718ce3,10.0,High Producing Exotic Grassland,Tauranga,Western Bay of Plenty District
346b1c89-ff0a-4bf7-a25f-2d69d72e87e9,10.0,Short-rotation Cropland,,Tauranga City
346e60b6-f6f6-445d-952d-83a4b2a085f6,8.4,Short-rotation Cropland,,Ōpōtiki District
3472fe45-5e72-43f8-b6a3-4240d6b85f6f,10.0,High Producing Exotic Grassland,,Western Bay of Plenty District
347cd4e9-44d2-4690-a478-1daddf11410f,8.8,High Producing Exotic Grassland,,Western Bay of Plenty District
348537ce-48ea-4729-8bfb-c589a31eedbd,10.0,Exotic Forest,,Western Bay of Plenty District
3489b45a-346a-4a2a-bc47-515fd9dd91ee,9.6,High Producing Exotic Grassland,,Whakatane District
348b31fc-baba-43ce-bda5-6eb4a95198aa,10.0,High Producing Exotic Grassland,,Western Bay of Plenty District
348db382-be68-4ba8-8fb3-d8e9b7de2c25,10.0,High Producing Exotic Grassland,,Western Bay of Plenty District
34902cc3-4e86-4fc1-8b48-2459aa155884,10.0,High Producing Exotic Grassland,,Western Bay of Plenty District
3493d880-b10f-486b-93ba-b2b2ddb87188,10.0,High Producing Exotic Grassland,,Western Bay of Plenty District
34958a47-87aa-4657-ab1f-81f9add47466,8.0,Broadleaved Indigenous Hardwoods,,Western Bay of Plenty District
34a6ccda-2aef-4d1c-afa3-83a2339c4707,8.0,High Producing Exotic Grassland,,Whakatane District
34a9ea62-24eb-488c-a9a3-88bfb53afb79,8.0,Indigenous Forest,,Whakatane District
34af1baa-3e07-44f6-90e4-ee0f7f223210,8.0,Exotic Forest,,Whakatane District
34c2d5b1-ccdf-4fbc-b41a-68cbb96873f1,8.8,High Producing Exotic Grassland,,Western Bay of Plenty District
34d19844-aac3-4a98-8508-80ca9bae93c7,8.4,High Producing Exotic Grassland,,Ōpōtiki District
34d71cae-29c3-4319-b022-6d92d72b827f,8.0,Broadleaved Indigenous Hardwoods,,Whakatane District
34dbbec9-eb2c-4381-83ad-b5b7d980ede8,10.0,Indigenous Forest,Tauranga,Western Bay of Plenty District
34e2c9b7-fa78-43d1-bcb8-df6bd25809a3,10.0,High Producing Exotic Grassland,,Western Bay of Plenty District
34e81d34-961e-49ef-8990-0f09c3a4ff75,10.0,High Producing Exotic Grassland,,Western Bay of Plenty District
34f04276-078a-4b20-b4cb-da42cf9cad63,10.0,High Producing Exotic Grassland,,Western Bay of Plenty District
34f3486d-bfed-4698-8e94-93cf065e3c26,10.0,High Producing Exotic Grassland,,Western Bay of Plenty District
34fcfab4-fc5a-44e7-9a85-01554f686ec0,10.0,High Producing Exotic Grassland,,Western Bay of Plenty District
350059e8-2a67-466c-997e-7c94cf5a3ffd,8.0,Built-up Area (settlement),Te Puke,Western Bay of Plenty District
350cb0af-07c8-4ea3-9f00-202b1468e566,10.0,Broadleaved Indigenous Hardwoods,,Western Bay of Plenty District
350da412-e447-4a39-b48a-6e79094d5c7b,8.0,High Producing Exotic Grassland,,Western Bay of Plenty District
35126168-22a1-4940-94a1-c8c7f87d7ee6,10.0,High Producing Exotic Grassland,,Ōpōtiki District
353702,8.0,High Producing Exotic Grassland,,Whakatane District
35379a6c-7644-4212-8037-983aa60a6571,10.0,High Producing Exotic Grassland,,Western Bay of Plenty District
3538b99c-29c3-4d38-ab79-5da77dfacad0,10.0,High Producing Exotic Grassland,,Western Bay of Plenty District
355498,8.0,Indigenous Forest,,Whakatane District
3557a754-a558-425f-8594-e4cdc8cf7cf7,10.0,Exotic Forest,Tauranga,Tauranga City
355fe924-9851-4518-910a-feb399febffe,10.0,Indigenous Forest,,Western Bay of Plenty District
3563cc2e-8b93-4b69-9de3-ca3a9e84640e,8.8,Low Producing Grassland,,Western Bay of Plenty District
356bc017-9fda-4c68-95a2-33bc47245fb8,10.0,High Producing Exotic Grassland,,Western Bay of Plenty District
357885,8.4,High Producing Exotic Grassland,,Ōpōtiki District
3583be59-5a52-4ae2-891e-6db7872e6b87,8.0,Exotic Forest,,Whakatane District
35955484-0192-4b21-931c-109d168b7fdd,10.0,Built-up Area (settlement),,Western Bay of Plenty District
359e7650-1e82-4f29-b069-02551f65fa9d,10.0,Exotic Forest,,Western Bay of Plenty District
35a36219-d137-4ea6-8246-434c18c5f77d,10.0,High Producing Exotic Grassland,,Western Bay of Plenty District
35a682aa-6333-49e4-8c9e-06c17d1850c7,10.0,High Producing Exotic Grassland,Tauranga,Western Bay of Plenty District
35ad0ee3-a11e-4e0c-b0fd-0b6ecf43900f,8.0,High Producing Exotic Grassland,,Whakatane District
35b44475-9a20-4e7a-829f-02501883bc2a,10.0,Indigenous Forest,,Western Bay of Plenty District
35c2b9de-372d-4fef-ad9d-ef6fb2685b2d,10.0,High Producing Exotic Grassland,,Ōpōtiki District
35ca8842-56fa-47ce-b0fe-d2f17c5ca645,10.0,High Producing Exotic Grassland,,Western Bay of Plenty District
35cf9ef5-9336-4527-afd7-67be43b08fb5,10.0,High Producing Exotic Grassland,,Ōpōtiki District
35d066b0-59ed-4e06-97b3-38ac788459a1,8.0,Short-rotation Cropland,,Whakatane District
35d4450d-a065-4bdf-86a9-49bad23a1c3e,8.0,High Producing Exotic Grassland,,Western Bay of Plenty District
35d7a16b-9ee9-43b7-b215-03888d5c315e,8.0,High Producing Exotic Grassland,,Whakatane District
35d95baf-005b-4b65-9799-9cde63d615ad,8.0,Exotic Forest,,Whakatane District
35dc3a78-8070-44eb-b469-0bde673d85c7,10.0,High Producing Exotic Grassland,,Western Bay of Plenty District
35e9ebc7-7e11-4f50-9252-ac6e7ae4ba38,10.0,Broadleaved Indigenous Hardwoods,,Western Bay of Plenty District
35f8737e-873e-43c5-899b-1cdf11a29e11,9.6,Indigenous Forest,Tauranga,Western Bay of Plenty District
35fae271-d403-4488-9434-ef34927f1a65,10.0,High Producing Exotic Grassland,,Ōpōtiki District
35fb26a1-2c77-41be-9dc6-4146c4f446dd,10.0,High Producing Exotic Grassland,Tauranga,Western Bay of Plenty District
3608184b-2752-493b-8df6-6deceaa96634,8.4,High Producing Exotic Grassland,,Whakatane District
361afcf7-e359-47dc-925a-495a706b0f02,10.0,Indigenous Forest,,Ōpōtiki District
361f0208-2c9d-4bc3-845e-45019fb14a2f,8.0,High Producing Exotic Grassland,,Whakatane District
361f7e38-54d5-4bfb-b01a-d79990772f70,8.0,Urban Parkland/Open Space,,Tauranga City
361fba85-003f-41d8-bb1b-b9c00a7bdb63,10.0,Low Producing Grassland,,Western Bay of Plenty District
361fc044-eff6-4318-bd6a-55bb3349aeb6,8.0,High Producing Exotic Grassland,,Whakatane District
362451d6-8cf6-4481-b65f-5a3aadb5dbf0,10.0,Exotic Forest,,Ōpōtiki District
3627932b-05c5-43fe-b16f-d98e43096cc2,10.0,Exotic Forest,Tauranga,Tauranga City
36290cd1-5785-455d-bf26-b8bfdc07b796,8.4,High Producing Exotic Grassland,,Ōpōtiki District
363c9604-a6ba-44c2-bf7c-232f2628a34e,8.0,High Producing Exotic Grassland,,Whakatane District
363dc67b-067f-4002-a21b-af2fd1d0caa3,8.0,High Producing Exotic Grassland,Pongakawa,Western Bay of Plenty District
3642cffa-ee10-405e-a645-ec928f274918,8.8,Exotic Forest,,Western Bay of Plenty District
3646597d-d426-47cd-b370-3624227b6384,10.0,Exotic Forest,,Western Bay of Plenty District
3648c41c-814b-43bd-bcbb-b06d7c6f16f2,10.0,High Producing Exotic Grassland,,Western Bay of Plenty District
36559efa-6aeb-4f52-a847-7d43760bb6c7,10.0,High Producing Exotic Grassland,,Western Bay of Plenty District
365ab4f6-6b0a-4321-b00c-933dd3e1562a,10.0,High Producing Exotic Grassland,,Western Bay of Plenty District
366b17cf-a5b6-4f41-b40b-620358cbd9c6,9.6,Exotic Forest,,Western Bay of Plenty District
366b423b-a751-4939-b29c-9b5b53caede6,10.0,High Producing Exotic Grassland,,Ōpōtiki District
36733bda-b9ac-48fb-a991-c48a0824bc75,10.0,High Producing Exotic Grassland,,Western Bay of Plenty District
367515ea-39fe-4cca-9b9c-b1b66df2de44,8.8,Forest - Harvested,,Western Bay of Plenty District
3675492c-8a50-49a1-8957-e0cd49af408c,8.0,High Producing Exotic Grassland,,Whakatane District
3677a1e2-511f-4eba-8eaa-48082fd7aae2,10.0,High Producing Exotic Grassland,,Western Bay of Plenty District
367af5f8-634a-415c-81fe-38a353cd0931,10.0,Indigenous Forest,Te Puke,Western Bay of Plenty District
36827b6d-9ae2-41c5-bd13-543db9f9b929,8.0,High Producing Exotic Grassland,,Whakatane District
368f16d7-90c9-447f-a5a2-010251a4c8c7,10.0,Built-up Area (settlement),Katikati,Western Bay of Plenty District
368f2536-9b04-462a-91e0-76eec682724b,10.0,High Producing Exotic Grassland,,Western Bay of Plenty District
3692e27a-6dc7-4cf3-b5f2-0f408cec0fa5,10.0,High Producing Exotic Grassland,,Western Bay of Plenty District
369fbed1-3124-442e-adc0-b5984d288d9f,10.0,High Producing Exotic Grassland,,Western Bay of Plenty District
36b1901b-9d18-4d83-b2d4-c3be529ffda4,10.0,High Producing Exotic Grassland,,Western Bay of Plenty District
36b7886f-9e25-41a2-9f48-c0a4e31def86,10.0,Built-up Area (settlement),,Western Bay of Plenty District
36c7cea5-5dde-4c7d-b671-5d33287b035a,8.4,High Producing Exotic Grassland,,Ōpōtiki District
36cb8952-e790-49c1-ad67-d62b0b694fd7,9.6,Indigenous Forest,,Western Bay of Plenty District
36d16e72-b630-4aec-ab88-9746585a2715,10.0,High Producing Exotic Grassland,,Whakatane District
36e7440b-d986-4505-9262-855d3c80d2d6,10.0,High Producing Exotic Grassland,,Western Bay of Plenty District
36e9a934-e989-496b-97a9-d7a20f97b9ae,9.6,Broadleaved Indigenous Hardwoods,,Whakatane District
36f70408-04ce-44b5-8ae6-ba4d6039a27f,8.0,Forest - Harvested,,Whakatane District
36f9a518-cb1c-476f-9f7e-e094b7c5fe16,10.0,High Producing Exotic Grassland,,Western Bay of Plenty District
36f9da98-89ed-4b33-831f-3d700c897413,10.0,High Producing Exotic Grassland,,Western Bay of Plenty District
37003f07-5093-44d0-af67-f6e5b762666b,10.0,High Producing Exotic Grassland,,Western Bay of Plenty District
3706a442-72de-41d2-858e-251c63007183,10.0,High Producing Exotic Grassland,,Western Bay of Plenty District
3708e731-913d-4490-8995-5abf0a2e305c,10.0,High Producing Exotic Grassland,,Western Bay of Plenty District
370aebc8-958c-4ca8-bdec-a145eeabe3a3,10.0,High Producing Exotic Grassland,,Western Bay of Plenty District
370bf04e-5475-484f-af4c-924fa2643d2c,8.0,High Producing Exotic Grassland,,Whakatane District
372b1c43-c618-4759-8512-4e4583bf8b7b,10.0,High Producing Exotic Grassland,,Western Bay of Plenty District
373b4b34-a666-4b09-a1ec-a91d9fad10c7,10.0,High Producing Exotic Grassland,Tauranga,Western Bay of Plenty District
373bc691-f19f-44d6-9c2f-c3990c77c1e1,10.0,High Producing Exotic Grassland,,Western Bay of Plenty District
373e387d-fadc-4528-b931-da93a6af8cbe,10.0,High Producing Exotic Grassland,,Western Bay of Plenty District
3742eaf0-6251-4b75-839e-5a8986d331ca,8.0,High Producing Exotic Grassland,,Western Bay of Plenty District
37487c22-1991-44cd-9ad3-f6b48a14c1da,10.0,High Producing Exotic Grassland,,Western Bay of Plenty District
374d05dd-f9bd-47cd-acec-dc29e9bad106,8.0,Forest - Harvested,Te Puke,Western Bay of Plenty District
3755a327-066d-4721-b593-8df30773bef2,10.0,Low Producing Grassland,,Western Bay of Plenty District
37564c46-cf4b-4049-8902-49a9c0ca403d,8.0,High Producing Exotic Grassland,Pongakawa,Western Bay of Plenty District
3765e576-ad5a-40ed-907f-86bc9e5d4ae9,10.0,Indigenous Forest,,Western Bay of Plenty District
3766a6dc-738b-4fff-82ae-3485d8d62d42,10.0,Built-up Area (settlement),Tauranga,Tauranga City
376fc4e6-c924-4349-b95f-0661986ff864,10.0,High Producing Exotic Grassland,Tauranga,Tauranga City
37765ff8-15e7-4d77-9c5b-f3ee5ebc46f2,10.0,Built-up Area (settlement),,Western Bay of Plenty District
377a8de3-f7e9-4905-924a-217557181e56,8.0,High Producing Exotic Grassland,,Western Bay of Plenty District
37807d96-687c-4325-ac09-dff945509ceb,10.0,High Producing Exotic Grassland,,Western Bay of Plenty District
379641f5-4c86-49f1-a254-8bfc9a354636,10.0,High Producing Exotic Grassland,,Western Bay of Plenty District
379d95fb-80aa-41e5-938f-8db922ec2a64,10.0,High Producing Exotic Grassland,,Western Bay of Plenty District
37a14412-cb77-4fe5-ac66-1afdb49b5bfd,8.0,High Producing Exotic Grassland,,Whakatane District
37a91b45-9ef0-445b-b6c3-5c261c2e1bdc,10.0,High Producing Exotic Grassland,,Ōpōtiki District
37ad154b-2589-4c67-90ba-fb60a9def770,10.0,High Producing Exotic Grassland,,Western Bay of Plenty District
37b14ca2-e845-4c3f-ad4c-a2222f22fd96,8.0,High Producing Exotic Grassland,,Whakatane District
37b8e1ff-804d-4c08-a441-788554aee247,8.0,High Producing Exotic Grassland,,Western Bay of Plenty District
37c900df-25fa-4524-ac87-9f696d02623a,10.0,High Producing Exotic Grassland,,Western Bay of Plenty District
37caf07d-e70e-4ac3-860d-793fbd5d1f1b,8.0,High Producing Exotic Grassland,,Whakatane District
37ccfcdb-3983-4313-ac0a-2da0612c2dbe,10.0,High Producing Exotic Grassland,,Ōpōtiki District
37cd779c-95aa-4c2e-83ad-97508c40a1d7,10.0,High Producing Exotic Grassland,,Western Bay of Plenty District
37cdd6d5-048d-4042-84d7-68ada0ce8d50,10.0,Indigenous Forest,,Western Bay of Plenty District
37d409ab-e9b6-4ab9-b4c5-d087841c98f8,8.0,High Producing Exotic Grassland,,Whakatane District
37d67152-7b16-4c6f-8916-0fd1ce4e4bf8,8.0,High Producing Exotic Grassland,Pongakawa,Western Bay of Plenty District
37da9690-44b0-4e1e-bfe4-9b31e4b79f91,10.0,High Producing Exotic Grassland,,Western Bay of Plenty District
37db1210-ecdb-47ff-a80e-29da6820227c,10.0,High Producing Exotic Grassland,,Western Bay of Plenty District
37e1b1a3-acfb-41ca-9917-3315eee2fd5b,8.4,High Producing Exotic Grassland,,Whakatane District
37e8e1b0-46d4-408c-b9f4-cf07e568af08,10.0,Manuka and/or Kanuka,,Ōpōtiki District
37f1d825-856a-4bf6-be46-deed4bc45784,8.0,High Producing Exotic Grassland,,Western Bay of Plenty District
37fea156-3d0f-478b-9f0b-deb27d52bcba,8.0,High Producing Exotic Grassland,,Whakatane District
380021ef-3228-4e85-905d-08dbd029abf5,10.0,High Producing Exotic Grassland,,Ōpōtiki District
3807c150-afac-4d7d-959c-356f33da60f1,10.0,High Producing Exotic Grassland,,Whakatane District
380b7970-643f-4321-bdf4-b2fe4e30fb6b,10.0,High Producing Exotic Grassland,,Tauranga City
381785,8.0,Indigenous Forest,,Western Bay of Plenty District
381d2942-38b5-42d8-801c-c0847a5984ac,10.0,High Producing Exotic Grassland,,Whakatane District
382cfee1-d3e0-434a-b631-34e0d2d35d89,10.0,Built-up Area (settlement),Tauranga,Tauranga City
383de785-37a0-45fc-bae2-9ce0f713a1b2,8.0,High Producing Exotic Grassland,,Whakatane District
383e4d1f-f39d-4386-baa5-12d1ccab31ed,10.0,High Producing Exotic Grassland,,Western Bay of Plenty District
384a7e8f-0790-4851-be84-963bf190ad5f,8.8,High Producing Exotic Grassland,,Western Bay of Plenty District
384b0d02-fd8a-44f9-bd72-60b586c997be,10.0,High Producing Exotic Grassland,Tauranga,Western Bay of Plenty District
384e5546-34a0-4bef-814f-eed8fcf92a0c,10.0,Built-up Area (settlement),Tauranga,Tauranga City
384e9eec-23a2-49ab-9f7f-c4280069b202,8.0,High Producing Exotic Grassland,Te Puke,Western Bay of Plenty District
387560f8-9c29-4789-918a-d103ffdef2d3,8.0,High Producing Exotic Grassland,,Western Bay of Plenty District
38760cbf-11f4-4790-b0b6-8fa95a24e003,10.0,High Producing Exotic Grassland,,Western Bay of Plenty District
38819812-205b-4c77-b11b-90a7125ad83f,8.0,Short-rotation Cropland,,Whakatane District
38893d1c-f09e-4434-b8e9-47ffc81cd2d7,8.0,High Producing Exotic Grassland,,Whakatane District
38962aa1-72f7-4aa3-9016-0c721a29a55f,8.0,High Producing Exotic Grassland,,Whakatane District
38a0f579-787e-4fa1-9798-94ea75dc33a8,8.0,High Producing Exotic Grassland,,Whakatane District
38a64a17-2a77-4555-8f58-2b32d9631866,10.0,Built-up Area (settlement),Tauranga,Tauranga City
38b35ec6-80c7-48b6-9091-268b04eba346,10.0,High Producing Exotic Grassland,,Western Bay of Plenty District
38b3d34c-2022-4837-84ef-aacf30d61379,10.0,Exotic Forest,Tauranga,Tauranga City
38b5dd76-d2b1-4159-b4f6-a1e3b0c12f53,10.0,High Producing Exotic Grassland,,Western Bay of Plenty District
38bc3f96-cdc5-42c1-a8d9-d538059cc6cd,10.0,High Producing Exotic Grassland,,Western Bay of Plenty District
38c1f3e5-1997-4bcd-a81e-b08b483b600c,8.0,Built-up Area (settlement),Tauranga,Tauranga City
38c5723b-6c8c-4951-b80f-2dfc234f65ec,8.0,Indigenous Forest,Te Puke,Western Bay of Plenty District
38c7d292-e241-4c4d-98b0-2021f175475e,8.0,High Producing Exotic Grassland,,Western Bay of Plenty District
38cb65a3-86a4-4495-bf8c-7277f7174c57,8.0,High Producing Exotic Grassland,Te Puke,Western Bay of Plenty District
38cef57e-a142-4e8c-b5b9-130c9f30b221,10.0,High Producing Exotic Grassland,,Western Bay of Plenty District
38cf4c1f-30e3-4bff-b1fa-a9599370c92f,10.0,High Producing Exotic Grassland,,Western Bay of Plenty District
38d21a9e-8b5b-4ce2-a68a-3c37a801b3c8,8.4,Short-rotation Cropland,,Whakatane District
38d4f06b-0d4b-4152-b756-bd8a5f19d1d6,10.0,High Producing Exotic Grassland,,Western Bay of Plenty District
38dc65ba-f325-492c-9ddb-1f58569eb606,9.6,Broadleaved Indigenous Hardwoods,,Western Bay of Plenty District
38e6b3a4-7089-48d0-9ce1-4d433014a6bb,8.4,Indigenous Forest,,Ōpōtiki District
38ee8fb9-4b08-43cf-8837-e4884dc2bac0,10.0,High Producing Exotic Grassland,,Western Bay of Plenty District
38f65de8-2e5c-4d44-9147-d984204a8439,10.0,Broadleaved Indigenous Hardwoods,,Western Bay of Plenty District
38f7d045-25e8-4cf8-9590-20b6abb1a3c2,10.0,High Producing Exotic Grassland,,Whakatane District
39052a7c-155d-48e8-9324-0152f7b69e3b,8.0,Built-up Area (settlement),Tauranga,Tauranga City
39079f59-95f5-4ad8-a1c1-f9e922102e68,10.0,High Producing Exotic Grassland,,Western Bay of Plenty District
390abce6-6867-4167-95e4-72dddc0bbd46,10.0,Exotic Forest,Tauranga,Tauranga City
390f7c74-3747-4d30-ae91-09a9ad8cce9f,8.0,High Producing Exotic Grassland,,Whakatane District
39123c8a-a5d5-490e-8998-cdb16a3ac9b3,8.0,Broadleaved Indigenous Hardwoods,,Whakatane District
391baa8e-b0f3-4f80-8815-822619f38593,9.6,Broadleaved Indigenous Hardwoods,Tauranga,Tauranga City
3926fd64-b4c4-4952-ac7e-6cfd3a5e7feb,10.0,High Producing Exotic Grassland,Te Puke,Western Bay of Plenty District
3931520f-0b11-4cc0-b7fb-03d1a3515de8,8.0,High Producing Exotic Grassland,,Whakatane District
393953a6-06d9-4f3a-bcbe-569f9d86c33b,10.0,High Producing Exotic Grassland,Tauranga,Tauranga City
393adbc5-6cf2-4c47-b27d-d7ea7af183e9,8.0,Exotic Forest,Pongakawa,Western Bay of Plenty District
393d171b-ffff-467a-b6c1-dfa76b1886a2,10.0,High Producing Exotic Grassland,,Western Bay of Plenty District
3940aa28-4cd4-4611-92f5-d51b0daf5cc0,8.0,High Producing Exotic Grassland,Te Puke,Western Bay of Plenty District
394833ec-9591-40cb-ba2c-01732a4a02f0,8.0,Broadleaved Indigenous Hardwoods,Te Puke,Western Bay of Plenty District
394d8dab-7eb8-4a91-8bcc-297778c11b69,8.0,High Producing Exotic Grassland,,Whakatane District
394e247c-9ddb-435e-909c-ae4488f5be8d,10.0,High Producing Exotic Grassland,,Western Bay of Plenty District
3950c30e-1431-4f8a-b81a-c9d502797d3c,10.0,High Producing Exotic Grassland,,Western Bay of Plenty District
39567bee-d1f9-4364-b56b-814297964213,10.0,High Producing Exotic Grassland,,Western Bay of Plenty District
39664bb7-f8c6-4812-b02c-21dbe35123ef,10.0,High Producing Exotic Grassland,,Western Bay of Plenty District
3969a021-58fb-4fb2-a9bc-cdd94870c3a2,10.0,High Producing Exotic Grassland,,Western Bay of Plenty District
396ab993-8cc3-4a70-a78f-b144e5fab27c,8.0,High Producing Exotic Grassland,,Whakatane District
396e3c4d-01df-4bfd-87c2-e4407b888bfa,10.0,High Producing Exotic Grassland,,Tauranga City
39779551-6c2e-435a-9fb2-5fd5cd72b3d7,8.0,Indigenous Forest,,Whakatane District
39786d03-a272-4d1e-a62d-2e55e16e088f,10.0,High Producing Exotic Grassland,,Ōpōtiki District
397cbc3e-ee78-41ab-8b6f-5c0b5172007d,9.6,High Producing Exotic Grassland,Tauranga,Western Bay of Plenty District
39908ea7-50f6-4ddb-92dd-ae16f2c8c2fa,10.0,High Producing Exotic Grassland,,Western Bay of Plenty District
39ac84cd-ccd2-4782-a049-bcfb7a6cb494,8.0,High Producing Exotic Grassland,,Whakatane District
39b262aa-0b1a-4103-9213-c3bef33c982c,8.0,Built-up Area (settlement),Te Puke,Western Bay of Plenty District
39b33639-1fea-4902-a831-f895fec9d154,8.0,Short-rotation Cropland,,Whakatane District
39b5bd0d-acfa-4d40-b1fd-39de7b6480b8,8.0,High Producing Exotic Grassland,,Whakatane District
39ba0e0c-ab38-4dff-8176-fef418a589c2,10.0,High Producing Exotic Grassland,,Western Bay of Plenty District
39c9cf5c-4df4-49ec-b3a3-10d265b35ea4,8.0,High Producing Exotic Grassland,Pongakawa,Western Bay of Plenty District
39cc3e99-f011-4de7-a8c6-48daeb42cffa,8.0,Indigenous Forest,,Whakatane District
39dfce2e-f32d-4e34-a7c8-53d9801c9654,10.0,High Producing Exotic Grassland,,Western Bay of Plenty District
39edbdc1-4017-435f-b0d9-0e7697d28162,8.0,High Producing Exotic Grassland,,Whakatane District
39ef2036-42ee-4f74-9ee9-0b81b63edbf9,8.0,Indigenous Forest,,Whakatane District
39f0f029-ac95-4a12-9541-8cbde66e1079,10.0,High Producing Exotic Grassland,,Western Bay of Plenty District
39f96a5f-dba2-4b5d-8dbb-96ad602649bf,8.0,High Producing Exotic Grassland,Te Puke,Western Bay of Plenty District
39fd3172-4b6a-4964-b225-f6d7fe1761b6,10.0,High Producing Exotic Grassland,Tauranga,Tauranga City
3a02d45f-2d2b-4fb6-9913-ce22af44b081,8.0,High Producing Exotic Grassland,,Western Bay of Plenty District
3a0a2b30-87b6-4d11-bfaa-b592fc514360,10.0,High Producing Exotic Grassland,,Western Bay of Plenty District
3a1a9e6e-24d9-401a-a801-8effd8d58a4f,10.0,High Producing Exotic Grassland,,Western Bay of Plenty District
3a1eb25b-6797-475b-b177-557d682a2854,8.0,High Producing Exotic Grassland,,Whakatane District
3a338800-a951-4f8f-abf0-b58c26140fd7,10.0,Built-up Area (settlement),Tauranga,Tauranga City
3a36ab39-8e24-4987-aad1-98dd1dda3640,8.8,High Producing Exotic Grassland,,Western Bay of Plenty District
3a4bdda1-2a20-43ee-82c0-88782dfef1b5,10.0,High Producing Exotic Grassland,,Western Bay of Plenty District
3a5a5137-41aa-40f8-b4d0-da039b2b3f4e,8.4,High Producing Exotic Grassland,,Whakatane District
3a5d5085-32d2-45bd-ac0e-542b1c119647,8.0,High Producing Exotic Grassland,,Western Bay of Plenty District
3a6a42b5-2b91-497f-9f1d-91d30ee4ee22,10.0,High Producing Exotic Grassland,,Whakatane District
3a71e110-723b-4821-8dbb-3ebf2e746c77,8.0,High Producing Exotic Grassland,,Whakatane District
3a75f792-be3e-45c8-90e4-bf35f7a96f08,8.0,High Producing Exotic Grassland,,Whakatane District
3a76f8f9-591c-483b-b108-e642bc79342c,10.0,High Producing Exotic Grassland,,Western Bay of Plenty District
3a77acd1-b0af-4bdd-b4db-3f991529627d,8.0,Built-up Area (settlement),,Tauranga City
3a79e028-e3ce-4c0b-9fb4-4bc8b284bcf8,8.4,Short-rotation Cropland,,Ōpōtiki District
3a8e6eb8-2cac-448e-81df-a521e0685711,8.4,Short-rotation Cropland,,Ōpōtiki District
3a8e8f2c-2a9c-4449-bfa5-6e406f98aae6,8.0,High Producing Exotic Grassland,,Whakatane District
3a940870-02fc-4726-abed-b79126e6b35d,10.0,High Producing Exotic Grassland,,Western Bay of Plenty District
3a953297-a208-4034-a7a7-d6b1be83b985,10.0,Built-up Area (settlement),,Western Bay of Plenty District
3a986453-5040-446c-bb4f-00fcdcbc9c74,10.0,High Producing Exotic Grassland,,Western Bay of Plenty District
3a9c5614-07ba-497d-b2e7-742da472a11a,10.0,Mixed Exotic Shrubland,,Western Bay of Plenty District
3aa465e1-3edc-4721-9dc5-934ae5fd467c,10.0,High Producing Exotic Grassland,,Ōpōtiki District
3aa99be3-bf09-4088-ae2f-7cd657a102c0,8.2,High Producing Exotic Grassland,,Whakatane District
3aa9bba8-1818-4476-bd8f-a86eb4fb75e3,10.0,Exotic Forest,Te Puke,Western Bay of Plenty District
3aad7d78-06a7-4c0d-87c6-1815dbbb4ee1,10.0,Exotic Forest,,Whakatane District
3ab29691-3474-4a81-bb59-219f537fc80a,10.0,Built-up Area (settlement),Tauranga,Tauranga City
3ab947d7-ecb3-420d-9c42-78cf8c5207f0,10.0,Broadleaved Indigenous Hardwoods,,Western Bay of Plenty District
3ab997ce-91f4-419d-ab3e-50aece28c9fa,10.0,High Producing Exotic Grassland,,Ōpōtiki District
3ac09015-3f6b-4c16-9f72-84eaf77e15a0,10.0,Broadleaved Indigenous Hardwoods,,Whakatane District
3ad71297-d5ac-47a7-a4e3-0139cc6ac6ae,10.0,High Producing Exotic Grassland,,Western Bay of Plenty District
3ad7ce22-7344-442d-81b6-acecdccb0402,10.0,High Producing Exotic Grassland,,Western Bay of Plenty District
3adca7a0-5156-4c73-bf79-c1916d4ef4d3,10.0,Exotic Forest,,Western Bay of Plenty District
3ae94917-b578-4692-a896-46f487ac473e,10.0,Indigenous Forest,,Western Bay of Plenty District
3aeee1ee-d656-477d-a0fb-e332fc10d5f6,10.0,High Producing Exotic Grassland,,Western Bay of Plenty District
3b0da0a6-69c0-4265-b75d-e0e82d86d40c,8.0,Short-rotation Cropland,,Whakatane District
3b11fef4-4f7d-42aa-a3f1-6ae31929aee2,10.0,High Producing Exotic Grassland,,Western Bay of Plenty District
3b148fdb-f423-4e2e-8429-401d85cbca10,9.6,Exotic Forest,,Western Bay of Plenty District
3b1c3394-856a-4272-8f57-d704e487194b,8.4,High Producing Exotic Grassland,,Ōpōtiki District
3b2bc2e0-5fb5-46ec-8b99-f5e81b97bd1a,10.0,High Producing Exotic Grassland,,Western Bay of Plenty District
3b2bca68-9d30-496a-9ec2-c92bb7b7ea30,10.0,High Producing Exotic Grassland,Tauranga,Western Bay of Plenty District
3b2f5106-878c-49bd-b0be-faa3ffc442a5,8.0,High Producing Exotic Grassland,Pongakawa,Western Bay of Plenty District
3b365dbe-b771-47bc-8ec8-ee82dd2762f7,10.0,Built-up Area (settlement),,Tauranga City
3b3fa737-6efa-43ec-abfa-2c517f5a8913,10.0,Gorse and/or Broom,,Western Bay of Plenty District
3b48fe47-f435-447e-ad90-84e137656673,10.0,High Producing Exotic Grassland,,Western Bay of Plenty District
3b554384-bb63-4e86-89e6-784c5970bc56,10.0,High Producing Exotic Grassland,,Western Bay of Plenty District
3b56a085-7d3c-416f-914a-c960e529a8c7,10.0,High Producing Exotic Grassland,,Western Bay of Plenty District
3b56b231-6b58-49d0-877b-2829ad6a4ec7,8.0,High Producing Exotic Grassland,,Whakatane District
3b608bd3-3c02-4b5a-8a53-b309f9312760,9.6,Indigenous Forest,Tauranga,Western Bay of Plenty District
3b6554f0-6525-4377-94c3-3f490c004fd3,8.0,High Producing Exotic Grassland,,Whakatane District
3b68c95c-8f57-45b4-bc38-b4a6e6162160,8.0,Urban Parkland/Open Space,,Whakatane District
3b6bc415-1826-4afa-8d37-4218b6ec554b,8.4,High Producing Exotic Grassland,,Ōpōtiki District
3b6e5494-7d3a-4fed-a583-1f1801053b68,8.0,High Producing Exotic Grassland,,Whakatane District
3b7054b8-0426-4126-89c0-88e56d22e113,10.0,High Producing Exotic Grassland,,Western Bay of Plenty District
3b750496-275c-4e69-994f-79e7d4501093,8.4,High Producing Exotic Grassland,,Ōpōtiki District
3b866d3b-bfe0-484d-97a9-7df7b60118ba,10.0,High Producing Exotic Grassland,,Western Bay of Plenty District
3b87929c-53cf-4d8d-a032-67286201a914,8.0,High Producing Exotic Grassland,,Whakatane District
3b89ddc7-5383-4b82-9fde-2328fb828d16,10.0,High Producing Exotic Grassland,Tauranga,Tauranga City
3b9236f8-86fa-403e-a9a9-70d529bdae8a,8.0,High Producing Exotic Grassland,,Whakatane District
3b95e058-b6c2-48ab-b8c8-9d21fe57b482,10.0,High Producing Exotic Grassland,Opotiki,Ōpōtiki District
3b9d18dd-7f3d-441b-9dc2-9329ee0edf01,10.0,High Producing Exotic Grassland,,Ōpōtiki District
3ba961af-e1c0-4f30-a29b-562f80d87702,8.4,Indigenous Forest,,Ōpōtiki District
3bac73f5-d5d1-4f01-8031-23df31d6b2e6,10.0,High Producing Exotic Grassland,,Western Bay of Plenty District
3bae2b0b-c14e-455d-89d6-85c897cdefec,9.6,High Producing Exotic Grassland,,Western Bay of Plenty District
3bb7b252-e575-4939-a174-00010ea76f5a,10.0,High Producing Exotic Grassland,,Western Bay of Plenty District
3bbcf5fc-3113-4344-a2b9-73c5bbd30fff,8.0,High Producing Exotic Grassland,,Whakatane District
3bc2812c-1489-4196-9b90-ac447ad66957,8.8,High Producing Exotic Grassland,,Western Bay of Plenty District
3bc2f1cd-43fb-4a12-a8c1-dcef840a9c88,8.4,High Producing Exotic Grassland,,Ōpōtiki District
3bc47d89-e64c-4223-9a03-f5db8dd8d504,10.0,High Producing Exotic Grassland,Te Puke,Western Bay of Plenty District
3bc76c05-7a95-4933-9fea-95b10160dd78,8.0,Indigenous Forest,Te Puke,Western Bay of Plenty District
3bce66df-186b-4445-a18b-7fb79b22a6e0,10.0,High Producing Exotic Grassland,,Western Bay of Plenty District
3be6dcfa-70a8-4596-8e34-5771af531217,9.6,Indigenous Forest,,Whakatane District
3bf04d74-5ce1-431b-8ab2-9487d544d159,10.0,Low Producing Grassland,,Western Bay of Plenty District
3bf0c8b4-45d5-49d1-b4f7-8a8224fca728,10.0,High Producing Exotic Grassland,Tauranga,Western Bay of Plenty District
3bf0e2af-e2fe-41f4-b181-0d5e2a84407b,10.0,High Producing Exotic Grassland,,Western Bay of Plenty District
3bff29aa-339c-4718-866e-bdcc73124a6d,10.0,High Producing Exotic Grassland,Tauranga,Western Bay of Plenty District
3c00aec2-4bf0-4060-a420-e1b21f01f5ed,10.0,High Producing Exotic Grassland,,Western Bay of Plenty District
3c0254df-5b92-4456-be0f-5236b21c5ad8,10.0,High Producing Exotic Grassland,Tauranga,Western Bay of Plenty District
3c0793b8-88dc-45c7-817a-42bf0ef27f94,10.0,High Producing Exotic Grassland,,Western Bay of Plenty District
3c07a37e-adcc-47e9-ba71-04764ee0d530,8.4,High Producing Exotic Grassland,,Ōpōtiki District
3c1a686c-6bc7-4fe5-af55-c59aa6fce3c6,10.0,High Producing Exotic Grassland,,Western Bay of Plenty District
3c2ac418-0773-4435-870b-fbb73b0506d8,10.0,High Producing Exotic Grassland,,Western Bay of Plenty District
3c2b6ce6-f592-4e88-ad7e-35a3f201d326,10.0,High Producing Exotic Grassland,Tauranga,Tauranga City
3c2d11cc-2242-4c4a-944d-6b297e05d8f0,8.0,High Producing Exotic Grassland,,Whakatane District
3c4c9ff5-0bbd-45dd-b5ed-188924042470,10.0,Built-up Area (settlement),,Tauranga City
3c5580ef-36ea-47e2-bc14-ce0398894ff2,8.8,High Producing Exotic Grassland,,Western Bay of Plenty District
3c57892f-2150-43de-bc1a-50ebd9e29440,9.6,Broadleaved Indigenous Hardwoods,,Western Bay of Plenty District
3c5c7150-b588-4093-a247-11c4db80d313,8.0,Urban Parkland/Open Space,,Tauranga City
3c5dc227-6392-4615-9e44-724ea3b25668,8.8,Indigenous Forest,,Western Bay of Plenty District
3c5f6aac-d925-4c6d-8c61-e499f0ab9809,10.0,High Producing Exotic Grassland,,Ōpōtiki District
3c64dbcf-581f-45e9-8dae-46bd84e10235,8.4,Short-rotation Cropland,,Ōpōtiki District
3c662d68-f509-4f1a-b930-c5eba4e65526,8.0,High Producing Exotic Grassland,,Whakatane District
3c931e2d-fa8a-4d42-99ac-dc5f97ccd507,10.0,High Producing Exotic Grassland,Tauranga,Tauranga City
3cb1ca5d-49fb-4390-8e02-44be592eabbf,10.0,High Producing Exotic Grassland,,Western Bay of Plenty District
3cb839d2-7dc3-40fc-8db8-9d33813e0c5b,10.0,High Producing Exotic Grassland,,Western Bay of Plenty District
3cb98b0b-492a-4f64-971a-27ddb565382d,10.0,High Producing Exotic Grassland,,Western Bay of Plenty District
3cb9cf00-2628-434a-8efa-5d16e28bd378,8.0,Exotic Forest,,Whakatane District
3cc1e306-9709-4c7f-bb29-de21f7028899,10.0,Exotic Forest,,Western Bay of Plenty District
3cc9a731-3854-4c52-91ea-aacd07ca6192,8.0,High Producing Exotic Grassland,Te Puke,Western Bay of Plenty District
3ccb427d-02f2-4533-88b7-771616954934,10.0,High Producing Exotic Grassland,,Western Bay of Plenty District
3cd0b78d-42d2-44ba-ada6-dd2f61ddda8b,8.0,Exotic Forest,,Whakatane District
3cd0bf2e-1872-4796-acfc-249d8d71e233,10.0,High Producing Exotic Grassland,,Western Bay of Plenty District
3cd36dc5-ea58-466e-8ee7-c70c4daca647,9.6,High Producing Exotic Grassland,Tauranga,Western Bay of Plenty District
3cd71062-7b5d-4ef8-812d-e2fc8067cb19,8.0,High Producing Exotic Grassland,Pongakawa,Western Bay of Plenty District
3cdccd64-38eb-4740-8803-5673fff9ce56,8.4,High Producing Exotic Grassland,,Ōpōtiki District
3cddbaf7-d05f-4ae4-8ac9-276c44d9b134,8.4,High Producing Exotic Grassland,,Ōpōtiki District
3ce93f05-7c2e-450f-9f3e-b583beae454b,8.0,Indigenous Forest,,Western Bay of Plenty District
3ce9bb17-e11b-4c36-a7a3-69b24a5ac8c3,10.0,Indigenous Forest,,Ōpōtiki District
3ceb1c2a-956b-49a4-95d8-2bb85866b0e0,10.0,High Producing Exotic Grassland,,Western Bay of Plenty District
3ceccebe-caba-449e-b4cc-effcb9dbed24,10.0,High Producing Exotic Grassland,,Western Bay of Plenty District
3ced84b0-5366-4534-9b81-9c30c92ecd30,10.0,High Producing Exotic Grassland,,Western Bay of Plenty District
3cf93845-2e8a-4359-99bc-f64191f35844,10.0,High Producing Exotic Grassland,,Ōpōtiki District
3d044423-2670-4c8b-8203-15b98abc3029,10.0,High Producing Exotic Grassland,,Whakatane District
3d04f184-817c-4f15-a091-dfd1081b5f16,8.0,High Producing Exotic Grassland,,Whakatane District
3d161759-4b42-460f-babe-48b4f3460318,10.0,Gorse and/or Broom,,Western Bay of Plenty District
3d17b943-daba-49d3-9234-58be86630dd8,10.0,High Producing Exotic Grassland,,Ōpōtiki District
3d23b19f-1812-4666-bb58-1fd527ff9f26,8.0,High Producing Exotic Grassland,,Whakatane District
3d29b044-b1c3-4110-a208-c895e929ea6e,8.0,High Producing Exotic Grassland,,Western Bay of Plenty District
3d380de7-7687-494e-a94f-d3706b902f6c,8.0,Built-up Area (settlement),,Tauranga City
3d4146f5-a751-4c12-83e8-78895cf31a03,10.0,High Producing Exotic Grassland,Tauranga,Tauranga City
3d450b7a-c953-46e6-8ff2-54619e591983,10.0,High Producing Exotic Grassland,Tauranga,Tauranga City
3d6194d7-11a3-46f2-9fb4-c41bb322a6d1,10.0,Built-up Area (settlement),Tauranga,Tauranga City
3d62b904-e4e8-49b4-834b-dc88dfd4b788,8.0,High Producing Exotic Grassland,,Western Bay of Plenty District
3d68a542-b9ce-4a88-937a-0ee5d3670845,8.0,High Producing Exotic Grassland,,Whakatane District
3d6cb11b-726c-4b69-9cc2-3e3f9a1db3a3,10.0,High Producing Exotic Grassland,Tauranga,Tauranga City
3d70e049-04e7-444e-b14a-ba6d81a5b614,10.0,Built-up Area (settlement),Tauranga,Tauranga City
3d808343-8c20-4042-b317-62da99c3929c,10.0,High Producing Exotic Grassland,Tauranga,Western Bay of Plenty District
3d80f936-0d85-4797-99fd-c0cb4c6092c0,10.0,High Producing Exotic Grassland,Tauranga,Western Bay of Plenty District
3d8dd985-1b2c-4d90-a58c-6b3b2cee36ff,10.0,High Producing Exotic Grassland,,Tauranga City
3d9074b0-efbe-422a-8e76-808e3814a182,8.0,Indigenous Forest,,Whakatane District
3d940646-2d97-4886-b3a7-9fa5cfe422fd,10.0,High Producing Exotic Grassland,,Western Bay of Plenty District
3d951b8c-9b0d-4c28-a36c-864f1d672972,8.0,High Producing Exotic Grassland,,Whakatane District
3da8a3f9-a8bd-444e-a1fb-237329d45833,10.0,High Producing Exotic Grassland,,Western Bay of Plenty District
3da8a466-7a03-443e-9d92-965ab0e54472,10.0,High Producing Exotic Grassland,,Western Bay of Plenty District
3dab7089-ec50-4e15-b21d-2b387fcf95cb,8.0,Urban Parkland/Open Space,Tauranga,Tauranga City
3db64712-791c-404f-8570-abc5356110f9,8.8,High Producing Exotic Grassland,,Western Bay of Plenty District
3db964f3-110c-433e-ab8a-11cba64ce9f4,10.0,Built-up Area (settlement),Tauranga,Tauranga City
3dc1cfe3-d823-4ab3-8e2c-41b1def93654,10.0,High Producing Exotic Grassland,,Ōpōtiki District
3dce8d1b-67fb-4807-9d51-1046f94dd68b,8.4,High Producing Exotic Grassland,,Whakatane District
3dcf9156-c460-4e79-b264-ab37006ad3a1,8.4,High Producing Exotic Grassland,,Ōpōtiki District
3dd043e7-e739-4e22-8954-50ad094781d5,10.0,Built-up Area (settlement),Tauranga,Tauranga City
3dd20e39-9ecf-4aac-a34c-9f556a58807e,10.0,High Producing Exotic Grassland,,Western Bay of Plenty District
3de605b9-c8ec-4110-b755-6087747709f2,8.0,High Producing Exotic Grassland,Pongakawa,Western Bay of Plenty District
3dea0696-8566-44dd-8040-c3bd7bdd2938,10.0,High Producing Exotic Grassland,,Ōpōtiki District
3ded399a-be52-48ef-9386-cd44852b028a,8.0,High Producing Exotic Grassland,Pongakawa,Western Bay of Plenty District
3dee2485-c2ed-467f-b972-7c56a9160abf,10.0,High Producing Exotic Grassland,,Western Bay of Plenty District
3def6b02-eada-4659-9251-388b3b39dabc,10.0,High Producing Exotic Grassland,,Ōpōtiki District
3defc3c2-0dc5-4cc3-acfd-b71c5117920b,10.0,High Producing Exotic Grassland,,Western Bay of Plenty District
3e059191-de8f-4b8e-8799-a98db0adc0e4,10.0,Short-rotation Cropland,Katikati,Western Bay of Plenty District
3e0e96d3-2a31-4f63-a68f-0f22b9a5499f,10.0,High Producing Exotic Grassland,,Western Bay of Plenty District
3e18141e-caca-483f-a655-cce92aac942d,8.0,High Producing Exotic Grassland,,Whakatane District
3e2c6a52-f522-453e-a867-814ec13cb249,10.0,High Producing Exotic Grassland,,Western Bay of Plenty District
3e2d3339-a93e-4276-afac-4735e61f835a,10.0,Built-up Area (settlement),Tauranga,Western Bay of Plenty District
3e2f73a0-7c22-4ac1-a6a8-7132b935b66e,10.0,High Producing Exotic Grassland,,Western Bay of Plenty District
3e325bea-5fe8-40db-a747-83d2e74640c5,8.0,High Producing Exotic Grassland,,Western Bay of Plenty District
3e42f9cc-a101-47af-a2d5-198e4f2884a1,8.0,High Producing Exotic Grassland,,Western Bay of Plenty District
3e482792-3cb9-49fb-8021-988c7aaf3a49,10.0,Exotic Forest,,Tauranga City
3e5a3c6f-f524-4bb9-afde-8d42d7424406,10.0,High Producing Exotic Grassland,,Western Bay of Plenty District
3e5f1c53-980a-40db-a803-82bca663fa86,10.0,High Producing Exotic Grassland,,Western Bay of Plenty District
3e5f1d90-8841-458d-91e2-7a67afe3e59f,10.0,High Producing Exotic Grassland,,Western Bay of Plenty District
3e6d4c8a-20e1-4300-9c0d-36c8505692e1,10.0,High Producing Exotic Grassland,,Western Bay of Plenty District
3e774737-0e44-4e08-976f-479bd29d16ec,10.0,High Producing Exotic Grassland,,Western Bay of Plenty District
3e86f6c2-45b7-4d13-9944-d4ef0f798fd4,10.0,High Producing Exotic Grassland,,Western Bay of Plenty District
3e98d6cb-36ca-424b-8984-7e15b88958e0,10.0,Exotic Forest,,Western Bay of Plenty District
3e9afab0-a801-4957-9c95-d618f377eaea,10.0,Manuka and/or Kanuka,,Western Bay of Plenty District
3ea1ae2d-0acf-4c81-bc56-e86a7d94493d,10.0,Indigenous Forest,Tauranga,Western Bay of Plenty District
3ea68fbf-1475-42b6-9ece-b069eb6afc70,10.0,Forest - Harvested,,Western Bay of Plenty District
3eab6506-a3ed-4744-8434-a3e8e47d6909,9.6,Indigenous Forest,,Western Bay of Plenty District
3eac92f8-b0d9-4e72-9e5e-5076204b3c32,8.0,High Producing Exotic Grassland,,Whakatane District
3eacb016-e63a-41e1-acb1-9c65e554a844,10.0,High Producing Exotic Grassland,,Western Bay of Plenty District
3eace004-9a43-4542-b34b-1ad2ede6bbe8,10.0,High Producing Exotic Grassland,,Western Bay of Plenty District
3eadb8ec-a16c-47c2-be89-92c895afe636,10.0,High Producing Exotic Grassland,,Whakatane District
3eaf6321-e322-4c49-8a88-e2551544e7ed,10.0,High Producing Exotic Grassland,,Western Bay of Plenty District
3eb30a3a-8ac2-4654-b4af-7d9dc1b78755,8.4,High Producing Exotic Grassland,,Ōpōtiki District
3eb9640c-c978-43f2-9236-2e4c9ac6bf43,8.8,High Producing Exotic Grassland,,Western Bay of Plenty District
3ebd0ba3-5043-4617-b843-8c556cfc02cf,8.0,High Producing Exotic Grassland,,Whakatane District
3ec8b10f-294e-477d-81c3-94e0fb7da6af,8.0,High Producing Exotic Grassland,,Whakatane District
3ed0e967-6af9-4010-acd5-edfdbb352762,10.0,Indigenous Forest,,Western Bay of Plenty District
3ed5ead6-1212-4cf9-84f3-7e19a016bddb,8.0,High Producing Exotic Grassland,,Whakatane District
3ed7c548-fa3b-4d08-94d2-2f7705ad61f9,10.0,High Producing Exotic Grassland,,Western Bay of Plenty District
3edaf7d9-090e-4dde-bb3b-37b81479f5c9,8.0,High Producing Exotic Grassland,Pongakawa,Western Bay of Plenty District
3ee74c63-fef2-42c3-87cf-407bea9c4082,8.4,High Producing Exotic Grassland,,Ōpōtiki District
3ef716c1-cef9-46d2-8825-e2baa836c58a,10.0,High Producing Exotic Grassland,,Western Bay of Plenty District
3f000624-1f74-4295-9aeb-f44099762a44,10.0,High Producing Exotic Grassland,,Western Bay of Plenty District
3f006b95-93a8-42a4-8583-e69fd7e4a26a,8.0,High Producing Exotic Grassland,,Whakatane District
3f0cce6d-77dc-48fa-9699-3c3676f41b2f,9.6,Indigenous Forest,,Western Bay of Plenty District
3f16b2d1-39ce-4e5f-bce3-76074cd89355,10.0,High Producing Exotic Grassland,,Western Bay of Plenty District
3f183316-f835-4148-8a66-41f19f7ddc68,10.0,Gorse and/or Broom,,Western Bay of Plenty District
3f1f0ec0-c25f-42b7-9db9-8a94feab4ed9,10.0,High Producing Exotic Grassland,,Western Bay of Plenty District
3f289be8-49af-4488-a05d-1e8c5cbc2bd3,10.0,Indigenous Forest,Tauranga,Western Bay of Plenty District
3f28c73a-a8d6-401f-875d-ee05439fb82c,8.0,High Producing Exotic Grassland,,Western Bay of Plenty District
3f38f3ba-cb3a-4ee3-8893-a74c29db4d4e,8.4,Short-rotation Cropland,,Whakatane District
3f3e781c-ebf1-4f36-8663-dd75276b57ba,10.0,High Producing Exotic Grassland,,Western Bay of Plenty District
3f40780b-9271-458d-aed7-5afd26c5fca0,8.0,High Producing Exotic Grassland,,Western Bay of Plenty District
3f591088-cc6f-4316-8a55-49a4e1388fc3,10.0,High Producing Exotic Grassland,,Western Bay of Plenty District
3f7346d3-28e2-45e6-9200-f909ec174462,8.4,High Producing Exotic Grassland,,Whakatane District
3f83c231-2f07-4e2e-af51-dda4d3df47d8,8.0,High Producing Exotic Grassland,,Whakatane District
3f88fd47-f9e7-4ca9-b80f-de74210a6d10,9.6,High Producing Exotic Grassland,Tauranga,Western Bay of Plenty District
3f89f32a-ea57-44ce-a894-f126f50505cb,10.0,Built-up Area (settlement),Tauranga,Tauranga City
3f8cc802-82b5-488e-ad66-4da290a96394,8.4,High Producing Exotic Grassland,,Whakatane District
3fabf2d6-96a5-4e35-97ba-865314a84765,8.0,High Producing Exotic Grassland,,Western Bay of Plenty District
3fae08ce-d8cd-4ab8-a156-dc716e4bfdfd,8.0,High Producing Exotic Grassland,Pongakawa,Western Bay of Plenty District
3fb2741c-5d9e-4742-aed7-40f42d461632,8.0,Manuka and/or Kanuka,,Whakatane District
3fb44c97-41e7-4197-a5f2-791e4bf19b02,10.0,High Producing Exotic Grassland,,Western Bay of Plenty District
3fc50748-5989-4003-89aa-c9109e323666,10.0,High Producing Exotic Grassland,,Western Bay of Plenty District
3fc64c14-2208-4745-99e0-89947f4e62ae,8.0,High Producing Exotic Grassland,,Whakatane District
3fc9632b-5683-45ee-860a-b24a97a449a4,10.0,High Producing Exotic Grassland,,Western Bay of Plenty District
3fcc12a7-01d4-46ae-90c5-a40c84afbc1f,10.0,High Producing Exotic Grassland,Katikati,Western Bay of Plenty District
3fd6580b-be2e-48a3-911c-1a16a9702545,10.0,Indigenous Forest,,Ōpōtiki District
3fe6e65a-a417-4306-b028-67658f563db9,10.0,High Producing Exotic Grassland,,Western Bay of Plenty District
3fe8cd33-b8c0-4b24-8e7b-98ce9363af56,8.0,Low Producing Grassland,Te Puke,Western Bay of Plenty District
3ff27a54-cf2c-4cee-b705-888126f631fc,10.0,High Producing Exotic Grassland,Tauranga,Tauranga City
3fff5953-f921-4317-b0ef-2cfc3ea99b67,10.0,Indigenous Forest,,Western Bay of Plenty District
40001035-8933-4f58-9b72-6828cc54fff3,10.0,High Producing Exotic Grassland,Tauranga,Western Bay of Plenty District
400492e7-fe24-48ff-9a3f-704d46cc6ec7,8.4,High Producing Exotic Grassland,,Whakatane District
400c7cd8-e932-413a-86dd-fa98669e475b,10.0,Urban Parkland/Open Space,Tauranga,Tauranga City
400dc5bb-7c43-4b1d-b926-7a268f7b5054,8.8,Built-up Area (settlement),,Western Bay of Plenty District
40121f24-5473-41af-879c-0720aefb8dae,10.0,High Producing Exotic Grassland,Tauranga,Western Bay of Plenty District
40161abf-b968-48be-a5bd-a0327c92797a,10.0,High Producing Exotic Grassland,,Western Bay of Plenty District
401fee1d-3a89-4245-bed7-c92caf1a8bac,10.0,High Producing Exotic Grassland,,Western Bay of Plenty District
40258ce5-e73a-4a42-a110-0a3aebaa7378,8.0,High Producing Exotic Grassland,,Whakatane District
402fdb21-02a1-4fe0-a399-4ddd61d0386a,10.0,High Producing Exotic Grassland,,Western Bay of Plenty District
4035035f-a888-4e0f-aacb-3311bfe3e248,8.4,Short-rotation Cropland,,Whakatane District
403fd56d-ef65-4869-b926-e7826ea51e9b,10.0,High Producing Exotic Grassland,,Western Bay of Plenty District
4042f673-eae0-40b7-99c1-4805f85bb507,10.0,High Producing Exotic Grassland,,Western Bay of Plenty District
40434401-7707-41f0-8813-f69507afceb1,8.0,Indigenous Forest,,Whakatane District
4045151b-af13-4b5a-8015-cc8968820349,8.0,High Producing Exotic Grassland,,Western Bay of Plenty District
404db819-15e8-4ff2-9111-8c10aeb46b86,10.0,High Producing Exotic Grassland,,Ōpōtiki District
406e6f79-963e-45f0-95d1-93a616e1b7ec,10.0,High Producing Exotic Grassland,Te Puke,Western Bay of Plenty District
407af5fc-f641-4a88-8740-542258a99c24,10.0,High Producing Exotic Grassland,,Western Bay of Plenty District
407c2e14-6961-4ebf-9384-c9e888ded76e,8.4,Low Producing Grassland,,Ōpōtiki District
407c9fb4-6c63-48b3-83cb-033b74e03a86,10.0,High Producing Exotic Grassland,,Western Bay of Plenty District
409dc852-f241-4d7d-9a43-4f463cfcadcf,10.0,High Producing Exotic Grassland,Tauranga,Tauranga City
40afc3c4-24b0-4144-a610-ef27b994d9b3,10.0,Broadleaved Indigenous Hardwoods,,Ōpōtiki District
40bad64d-e66e-4f20-b717-916fc07fceee,10.0,High Producing Exotic Grassland,,Western Bay of Plenty District
40c984fd-c781-4f5d-a1df-689b8800bbe2,10.0,High Producing Exotic Grassland,,Western Bay of Plenty District
40cb6d8e-90fd-44fb-bf20-7b7287cc97ff,10.0,High Producing Exotic Grassland,,Western Bay of Plenty District
40d7994e-b313-40cf-91ea-5792547c1419,8.4,High Producing Exotic Grassland,,Whakatane District
40e29b3e-2d2b-4bc2-a41d-05f6f3f6aee4,10.0,Broadleaved Indigenous Hardwoods,Tauranga,Western Bay of Plenty District
40eaad4c-2d37-46bd-942f-daef5e0e5862,9.6,Broadleaved Indigenous Hardwoods,,Western Bay of Plenty District
40ec509f-b4f8-4f5b-9810-02b56e29c269,10.0,Exotic Forest,Tauranga,Western Bay of Plenty District
40f165df-b1f2-4a7b-a79b-bbc8e8608278,10.0,High Producing Exotic Grassland,,Western Bay of Plenty District
40f6d7e1-c3af-47e4-aef1-bdca69bfe716,10.0,High Producing Exotic Grassland,,Western Bay of Plenty District
40fd5d82-5827-4018-a175-7b159aaef7a9,9.5,High Producing Exotic Grassland,,Western Bay of Plenty District
40fe0bd2-6e8d-4101-886d-7813bd99d2a8,8.4,High Producing Exotic Grassland,,Whakatane District
40ff3b14-7dfb-4a8d-b51c-9a11af69a823,10.0,High Producing Exotic Grassland,,Western Bay of Plenty District
4103f370-1d17-4ba4-9652-6bfa935eb44d,9.6,Exotic Forest,,Western Bay of Plenty District
4108535,10.0,Indigenous Forest,,Ōpōtiki District
4108925,8.4,High Producing Exotic Grassland,Opotiki,Ōpōtiki District
4109944,8.0,River,,Ōpōtiki District
410ce421-2572-4ae2-a02b-fa1b60ae7fa3,10.0,High Producing Exotic Grassland,,Ōpōtiki District
4110611,8.0,High Producing Exotic Grassland,,Ōpōtiki District
4111352,8.4,High Producing Exotic Grassland,,Ōpōtiki District
4112092,10.0,Low Producing Grassland,,Ōpōtiki District
411242db-9b13-41ec-aaaa-26a11bbac613,8.0,High Producing Exotic Grassland,Pongakawa,Western Bay of Plenty District
4113831,10.0,High Producing Exotic Grassland,,Ōpōtiki District
4115576,10.0,High Producing Exotic Grassland,,Ōpōtiki District
4116504,10.0,High Producing Exotic Grassland,,Ōpōtiki District
4116661,8.4,Short-rotation Cropland,,Ōpōtiki District
4116791,8.4,High Producing Exotic Grassland,,Ōpōtiki District
4121265,8.4,Short-rotation Cropland,,Ōpōtiki District
4122704,8.4,High Producing Exotic Grassland,Opotiki,Ōpōtiki District
4124030,8.0,Exotic Forest,,Ōpōtiki District
4124168,10.0,Herbaceous Saline Vegetation,,Ōpōtiki District
4124315,10.0,Mangrove,,Ōpōtiki District
4125165,8.0,Indigenous Forest,,Ōpōtiki District
4125984,10.0,High Producing Exotic Grassland,,Ōpōtiki District
4127886,8.4,High Producing Exotic Grassland,,Ōpōtiki District
4128550,8.4,High Producing Exotic Grassland,,Ōpōtiki District
4129417,10.0,Indigenous Forest,,Ōpōtiki District
4129513,8.4,High Producing Exotic Grassland,Opotiki,Ōpōtiki District
4130491,8.4,High Producing Exotic Grassland,Opotiki,Ōpōtiki District
4131258,10.0,High Producing Exotic Grassland,,Ōpōtiki District
4131614,10.0,Indigenous Forest,,Ōpōtiki District
4132975,8.4,High Producing Exotic Grassland,Opotiki,Ōpōtiki District
4134220,10.0,High Producing Exotic Grassland,,Ōpōtiki District
4134995,8.4,High Producing Exotic Grassland,Opotiki,Ōpōtiki District
41354196-a5ba-43c0-9386-fbcbaaeaa964,8.0,Indigenous Forest,,Whakatane District
4136901,8.4,Manuka and/or Kanuka,,Ōpōtiki District
4136959,10.0,High Producing Exotic Grassland,,Ōpōtiki District
4137706,8.4,High Producing Exotic Grassland,,Ōpōtiki District
4138571,10.0,Indigenous Forest,,Ōpōtiki District
413c0050-8a2d-4395-89a6-9f913ef834c5,10.0,High Producing Exotic Grassland,,Western Bay of Plenty District
413c7b68-eaea-4d34-8177-1b6d4d0d7e15,10.0,Exotic Forest,Pongakawa,Western Bay of Plenty District
4140137,10.0,Herbaceous Saline Vegetation,,Ōpōtiki District
4140344,8.4,Urban Parkland/Open Space,Opotiki,Ōpōtiki District
41438635-c074-4989-b978-f281c7c64e45,8.0,High Producing Exotic Grassland,Te Puke,Western Bay of Plenty District
4145653,10.0,Exotic Forest,,Ōpōtiki District
4146098,10.0,High Producing Exotic Grassland,,Ōpōtiki District
4147105,8.4,High Producing Exotic Grassland,,Ōpōtiki District
4147866,8.4,High Producing Exotic Grassland,,Ōpōtiki District
4147993,8.4,High Producing Exotic Grassland,Opotiki,Ōpōtiki District
4148662,10.0,Gorse and/or Broom,,Ōpōtiki District
41498d96-e946-48ea-bdac-872f19e1f6c7,10.0,High Producing Exotic Grassland,Tauranga,Tauranga City
414af489-0054-44e4-848c-424cab88c817,10.0,Indigenous Forest,,Western Bay of Plenty District
41589d7c-bb5d-46ff-8dda-869039cc090d,10.0,High Producing Exotic Grassland,,Western Bay of Plenty District
415f9141-ffc7-4a20-aadf-5f2ce3243748,10.0,Forest - Harvested,,Western Bay of Plenty District
41631f97-4816-4c4b-a935-e25af2827612,10.0,Manuka and/or Kanuka,,Western Bay of Plenty District
416fee74-9bd5-4f86-9938-ecbb2b5ea409,8.4,High Producing Exotic Grassland,,Ōpōtiki District
41768b8c-a7cf-43c0-a197-cad2103cb320,8.4,High Producing Exotic Grassland,,Ōpōtiki District
4194b77f-5963-4970-a31d-d58dd45db3be,9.6,High Producing Exotic Grassland,Tauranga,Western Bay of Plenty District
41a196ae-eeaf-4424-9370-f5d5603e7e68,10.0,High Producing Exotic Grassland,Tauranga,Western Bay of Plenty District
41a30fba-f386-429e-b66e-a763d1d79076,9.6,Indigenous Forest,,Whakatane District
41b29d79-c023-44a4-bd01-a6f80e0f500a,10.0,High Producing Exotic Grassland,,Western Bay of Plenty District
41b9be61-3840-49e1-90ee-efb992d84e89,10.0,High Producing Exotic Grassland,,Western Bay of Plenty District
41bae386-14c7-4faa-8c41-9420abfd3d21,8.4,High Producing Exotic Grassland,,Whakatane District
41c73a86-3857-4c8f-ae06-48f8c818851e,10.0,High Producing Exotic Grassland,,Ōpōtiki District
41c844f3-da92-4a52-889a-9f98efe679ae,10.0,High Producing Exotic Grassland,,Western Bay of Plenty District
41ca239b-4efd-493b-9b72-e9276739c2c3,10.0,Indigenous Forest,,Western Bay of Plenty District
41cbe4c6-b207-47c1-852f-cf13e4627724,10.0,Built-up Area (settlement),Tauranga,Tauranga City
41daabac-6e59-4c64-8f45-f0cd833b3aec,8.0,Manuka and/or Kanuka,,Whakatane District
41dcf9be-f8c0-4de3-b2e8-401b8763ad33,8.0,Urban Parkland/Open Space,Tauranga,Tauranga City
41ea2eaf-a20a-4341-b336-5e188822118d,9.6,Indigenous Forest,,Western Bay of Plenty District
41ed0262-1c0e-4b04-8634-979a8616dafe,8.4,High Producing Exotic Grassland,,Whakatane District
41ff7b1f-237c-4212-85be-2e43664c3f75,8.8,High Producing Exotic Grassland,,Western Bay of Plenty District
4203a6b3-381a-4d5a-b9ca-dd3d7cbec140,10.0,High Producing Exotic Grassland,,Western Bay of Plenty District
4207a6c7-be60-4e34-8b80-5e5c62bea661,8.0,Exotic Forest,,Western Bay of Plenty District
42091b27-042e-4a7c-ae3f-eb22df05b27b,10.0,Indigenous Forest,,Ōpōtiki District
422e2b5c-fa53-407c-8bb7-8a7609fb633b,10.0,Urban Parkland/Open Space,,Tauranga City
422ed515-ea3a-4b3e-affc-206a6994e4a7,10.0,High Producing Exotic Grassland,,Western Bay of Plenty District
4234dff5-9154-44c9-9e62-1c1af45b5a03,10.0,Gorse and/or Broom,,Western Bay of Plenty District
423e34bf-2f68-4efd-832a-e57a5fc5b714,8.2,High Producing Exotic Grassland,,Whakatane District
42426176-9146-44e0-aac7-774b0ed14274,9.6,High Producing Exotic Grassland,Tauranga,Western Bay of Plenty District
424c50d3-5001-46a4-abf8-2bcd11ba15e2,8.0,High Producing Exotic Grassland,Te Puke,Western Bay of Plenty District
42550cde-4aee-49b5-af83-04173206acbc,8.8,High Producing Exotic Grassland,,Western Bay of Plenty District
4255733,10.0,High Producing Exotic Grassland,,Western Bay of Plenty District
42564c34-e5f1-4e18-a1a0-fabeb23b7c66,10.0,High Producing Exotic Grassland,,Western Bay of Plenty District
4257514,8.4,Urban Parkland/Open Space,,Whakatane District
4258864,8.0,High Producing Exotic Grassland,,Whakatane District
4260882,8.0,High Producing Exotic Grassland,,Whakatane District
4260f086-52a2-4334-8d6f-71383c9a37e3,10.0,High Producing Exotic Grassland,,Tauranga City
4261388,8.0,High Producing Exotic Grassland,,Whakatane District
4264423,10.0,High Producing Exotic Grassland,,Western Bay of Plenty District
4266533,9.6,Low Producing Grassland,Tauranga,Western Bay of Plenty District
4268631,8.0,High Producing Exotic Grassland,Te Puke,Western Bay of Plenty District
426a0d4f-72c7-416e-a57f-a2c64dc5c8e8,10.0,High Producing Exotic Grassland,,Western Bay of Plenty District
426b2d0a-1a82-4ed3-a5ac-87917972c19a,10.0,High Producing Exotic Grassland,,Ōpōtiki District
4272887,8.4,Built-up Area (settlement),,Whakatane District
4273095,8.0,Low Producing Grassland,,Whakatane District
4273395,8.0,Indigenous Forest,,Whakatane District
4274009,8.0,Exotic Forest,,Whakatane District
4274271,8.0,Indigenous Forest,,Whakatane District
4274452,8.0,Fernland,,Whakatane District
4277324,8.0,Indigenous Forest,,Whakatane District
4277547,9.6,Indigenous Forest,,Western Bay of Plenty District
4277597,8.0,Broadleaved Indigenous Hardwoods,,Whakatane District
4278956,10.0,High Producing Exotic Grassland,,Western Bay of Plenty District
4279675,9.6,Broadleaved Indigenous Hardwoods,,Whakatane District
4280508,8.0,High Producing Exotic Grassland,,Whakatane District
4280598,8.0,Urban Parkland/Open Space,,Whakatane District
4280919,10.0,High Producing Exotic Grassland,,Western Bay of Plenty District
4282f065-b328-44a7-ab09-b40949a0916b,10.0,Broadleaved Indigenous Hardwoods,,Western Bay of Plenty District
42846b91-0df5-49ba-be88-d4701a60db73,8.0,High Producing Exotic Grassland,,Whakatane District
4286200,8.0,High Producing Exotic Grassland,,Whakatane District
4290469,8.0,Built-up Area (settlement),,Whakatane District
4290856,8.0,Short-rotation Cropland,,Whakatane District
4291207,10.0,Urban Parkland/Open Space,Tauranga,Tauranga City
4292162,10.0,High Producing Exotic Grassland,,Western Bay of Plenty District
4292437,8.0,Broadleaved Indigenous Hardwoods,,Western Bay of Plenty District
4292989,10.0,Exotic Forest,,Western Bay of Plenty District
4293558,10.0,High Producing Exotic Grassland,,Western Bay of Plenty District
4293746,8.0,Urban Parkland/Open Space,Tauranga,Tauranga City
4294812,8.4,Urban Parkland/Open Space,,Whakatane District
4295169,8.0,Broadleaved Indigenous Hardwoods,,Whakatane District
4295271,8.0,Indigenous Forest,,Whakatane District
4295815,8.0,High Producing Exotic Grassland,,Whakatane District
4296320,8.0,Indigenous Forest,,Whakatane District
4297008,8.0,Built-up Area (settlement),,Whakatane District
4297703,8.4,High Producing Exotic Grassland,,Whakatane District
42a8d849-d7f5-431d-877d-510c5b173097,10.0,High Producing Exotic Grassland,Opotiki,Ōpōtiki District
42aa618f-6082-446c-81ea-134eb2d15460,10.0,High Producing Exotic Grassland,,Ōpōtiki District
42afb1cf-ee35-4f9c-b388-206c1c1f2c5a,10.0,High Producing Exotic Grassland,,Western Bay of Plenty District
42bf3c3b-cdf6-48d5-a9da-6551534f216a,10.0,High Producing Exotic Grassland,,Western Bay of Plenty District
42cce16a-ce29-4401-af1d-bcacce4cc421,8.0,High Producing Exotic Grassland,,Whakatane District
42d27a11-dc87-48e2-8286-a0fac3105fd5,8.0,High Producing Exotic Grassland,,Whakatane District
42d3f2c3-bcd5-400f-b60f-b291d874bb31,10.0,High Producing Exotic Grassland,,Ōpōtiki District
42db0002-42ee-4624-b35a-3043f8421d14,10.0,High Producing Exotic Grassland,,Ōpōtiki District
42dc01cf-1235-42f4-a2b8-e98126c8480a,10.0,High Producing Exotic Grassland,Tauranga,Tauranga City
42dcbe22-3db1-44c6-945b-eb7820435892,10.0,High Producing Exotic Grassland,,Western Bay of Plenty District
42e037cd-e397-413d-b1c0-5d2b16d941f0,10.0,High Producing Exotic Grassland,,Western Bay of Plenty District
42ee5332-e340-4383-9b85-5e55be9f783d,10.0,High Producing Exotic Grassland,,Western Bay of Plenty District
42eeff54-2cac-4a59-843d-ab99d01335a1,8.0,High Producing Exotic Grassland,,Western Bay of Plenty District
42f3fe17-eb34-4a74-ba28-54c82bc02fbc,10.0,High Producing Exotic Grassland,,Ōpōtiki District
4304222,8.0,Indigenous Forest,,Whakatane District
4306146,8.4,High Producing Exotic Grassland,,Whakatane District
4306a877-c7fd-4dd2-8ebc-8d5bbf121c89,10.0,High Producing Exotic Grassland,,Western Bay of Plenty District
43076fab-faa0-4fb9-abf1-187baae2459c,10.0,High Producing Exotic Grassland,,Ōpōtiki District
4308058,8.4,River,,Whakatane District
4308648,8.0,Indigenous Forest,,Whakatane District
43100b27-cf92-468b-bd40-ad2594aeecd3,10.0,High Producing Exotic Grassland,Katikati,Western Bay of Plenty District
4311240,10.0,High Producing Exotic Grassland,,Western Bay of Plenty District
4311564,10.0,High Producing Exotic Grassland,,Western Bay of Plenty District
4311567,8.0,High Producing Exotic Grassland,,Whakatane District
4312688,8.4,High Producing Exotic Grassland,,Whakatane District
43146713-341b-4301-b5d4-125baf4fef2e,8.8,High Producing Exotic Grassland,,Western Bay of Plenty District
4317927,10.0,Manuka and/or Kanuka,,Western Bay of Plenty District
4319488,8.0,Indigenous Forest,,Whakatane District
4319a162-eb99-4902-bd08-ea53c7132f8e,10.0,High Producing Exotic Grassland,,Western Bay of Plenty District
4319d78b-bd40-436a-924d-45ca4ec9e25e,10.0,Broadleaved Indigenous Hardwoods,Tauranga,Tauranga City
431c96d3-779e-4bb6-b203-b0dac7368bb5,10.0,High Producing Exotic Grassland,,Ōpōtiki District
4320455,8.4,High Producing Exotic Grassland,,Whakatane District
4320513,8.4,River,,Whakatane District
4320681,8.4,High Producing Exotic Grassland,,Whakatane District
4320682,8.4,High Producing Exotic Grassland,,Whakatane District
4321248,10.0,Indigenous Forest,,Western Bay of Plenty District
4324458,10.0,Herbaceous Freshwater Vegetation,Tauranga,Tauranga City
4325712,8.8,Indigenous Forest,,Western Bay of Plenty District
43263132-1010-4d1f-b70d-2aa90ca90a76,10.0,High Producing Exotic Grassland,,Western Bay of Plenty District
43263921-315a-48c0-906c-e60b268ccf7f,10.0,High Producing Exotic Grassland,,Western Bay of Plenty District
4327041,10.0,High Producing Exotic Grassland,Tauranga,Western Bay of Plenty District
4327710,8.0,Indigenous Forest,,Whakatane District
4328904,10.0,High Producing Exotic Grassland,,Western Bay of Plenty District
4329988,8.0,High Producing Exotic Grassland,,Whakatane District
432de6b4-a6ad-42d3-b310-ad68d04422dd,8.8,Broadleaved Indigenous Hardwoods,,Western Bay of Plenty District
432f0198-d35c-431c-ab58-4b9019778496,10.0,Manuka and/or Kanuka,,Ōpōtiki District
4330375,8.4,Urban Parkland/Open Space,,Whakatane District
4330515,8.0,Low Producing Grassland,,Whakatane District
4330727,8.0,Indigenous Forest,,Whakatane District
4330932,10.0,High Producing Exotic Grassland,,Western Bay of Plenty District
4334395,8.0,High Producing Exotic Grassland,,Whakatane District
4338905,8.0,Deciduous Hardwoods,,Whakatane District
4340047,8.4,High Producing Exotic Grassland,,Whakatane District
4343776,10.0,Urban Parkland/Open Space,Tauranga,Tauranga City
4344137,8.4,Urban Parkland/Open Space,,Whakatane District
4344262,8.0,High Producing Exotic Grassland,,Whakatane District
4345348,10.0,Exotic Forest,,Western Bay of Plenty District
4345891,8.0,Indigenous Forest,,Whakatane District
4346330,10.0,Urban Parkland/Open Space,Tauranga,Tauranga City
4346690,8.0,Built-up Area (settlement),,Whakatane District
4347704,8.0,High Producing Exotic Grassland,,Whakatane District
4348e732-448a-449f-b16c-2d763b3f2d18,8.8,High Producing Exotic Grassland,,Western Bay of Plenty District
435047ed-0e24-4b0e-a1a4-f84012c97e55,8.0,High Producing Exotic Grassland,,Whakatane District
4350f496-5976-48b1-916f-457078f74546,10.0,High Producing Exotic Grassland,,Western Bay of Plenty District
4351580,8.0,High Producing Exotic Grassland,,Whakatane District
4353183,8.0,Indigenous Forest,,Whakatane District
4353561,8.0,Broadleaved Indigenous Hardwoods,Pongakawa,Western Bay of Plenty District
4353902,9.6,Indigenous Forest,,Western Bay of Plenty District
4354965,8.0,Exotic Forest,,Whakatane District
435508fb-1b01-462f-a520-bc7dc1dcb632,10.0,Exotic Forest,,Western Bay of Plenty District
4355264,8.4,High Producing Exotic Grassland,,Whakatane District
435640a2-ed70-4efd-84ff-8099afbc5a29,8.0,Indigenous Forest,,Whakatane District
4356ec52-e78f-4827-b4d9-fd51e7c541f8,10.0,Built-up Area (settlement),,Western Bay of Plenty District
4357419,9.6,Indigenous Forest,,Whakatane District
4357483,10.0,High Producing Exotic Grassland,,Whakatane District
4358421,10.0,Indigenous Forest,,Whakatane District
4359324,8.0,Indigenous Forest,,Whakatane District
4364359,8.0,High Producing Exotic Grassland,,Whakatane District
4364980,8.0,Indigenous Forest,,Whakatane District
4365510,8.0,Forest - Harvested,,Whakatane District
4366216,8.0,Indigenous Forest,,Whakatane District
4366493,8.0,High Producing Exotic Grassland,,Whakatane District
4366919,8.0,High Producing Exotic Grassland,Pongakawa,Whakatane District
4367342,8.4,River,,Whakatane District
4367602,8.0,Indigenous Forest,,Whakatane District
4367789,10.0,Broadleaved Indigenous Hardwoods,,Whakatane District
4369764,8.4,High Producing Exotic Grassland,,Whakatane District
4369947,8.0,Low Producing Grassland,,Whakatane District
4371313,8.0,Urban Parkland/Open Space,,Whakatane District
4372582,8.0,Indigenous Forest,,Whakatane District
4372989,10.0,Indigenous Forest,,Whakatane District
4374494,8.0,Indigenous Forest,,Whakatane District
4374672,10.0,High Producing Exotic Grassland,,Whakatane District
4375212,10.0,Built-up Area (settlement),Tauranga,Tauranga City
4376482,8.0,Manuka and/or Kanuka,,Whakatane District
4376589,10.0,High Producing Exotic Grassland,,Western Bay of Plenty District
4376641,8.0,High Producing Exotic Grassland,,Whakatane District
4379021,8.0,High Producing Exotic Grassland,,Whakatane District
4380373,10.0,High Producing Exotic Grassland,,Western Bay of Plenty District
4381018,8.0,Indigenous Forest,,Whakatane District
4381808,8.0,Indigenous Forest,,Whakatane District
4382281,8.4,High Producing Exotic Grassland,,Whakatane District
4385632,10.0,Indigenous Forest,,Western Bay of Plenty District
4388773,10.0,High Producing Exotic Grassland,,Tauranga City
4389009,10.0,Broadleaved Indigenous Hardwoods,Tauranga,Western Bay of Plenty District
4391312,8.0,Indigenous Forest,,Western Bay of Plenty District
4393373,10.0,Urban Parkland/Open Space,Tauranga,Tauranga City
4394245,8.4,Built-up Area (settlement),,Whakatane District
4395170,8.0,Broadleaved Indigenous Hardwoods,,Whakatane District
4396230,10.0,Indigenous Forest,,Western Bay of Plenty District
4396991,10.0,Urban Parkland/Open Space,Tauranga,Tauranga City
4398044,8.0,High Producing Exotic Grassland,,Whakatane District
4398654,8.0,High Producing Exotic Grassland,,Whakatane District
4399368,8.0,Broadleaved Indigenous Hardwoods,,Whakatane District
43a1f08f-218c-442e-a84f-d9bc3121bfb7,10.0,High Producing Exotic Grassland,Te Puke,Western Bay of Plenty District
43a6062c-effb-49a5-a7f0-9f09d5aeb644,8.0,High Producing Exotic Grassland,,Whakatane District
43abced8-6b6f-4369-97a0-63629f355c7c,8.0,High Producing Exotic Grassland,,Whakatane District
43b7e1f7-ab1f-46f4-a595-710d631014e8,8.0,Indigenous Forest,,Western Bay of Plenty District
43c20185-3e4e-49da-b13d-8729fdb2a14f,10.0,Exotic Forest,,Whakatane District
43df1502-206d-468e-a2c4-6408badb4136,8.0,High Producing Exotic Grassland,,Whakatane District
43e05f74-8548-4d66-96fc-f855502e3eef,8.4,Short-rotation Cropland,,Ōpōtiki District
43ebc067-e2f2-44c7-a9d3-d773392ebff2,10.0,High Producing Exotic Grassland,,Western Bay of Plenty District
43ec0d3d-5ebd-43a5-aa0f-eb200f9c3875,9.6,Indigenous Forest,,Whakatane District
43ee64b4-84a2-49d5-86bf-2ad0ac41ff3d,10.0,High Producing Exotic Grassland,,Western Bay of Plenty District
43fb4593-da65-49b8-82d8-d53518645a7c,9.6,High Producing Exotic Grassland,,Western Bay of Plenty District
4400842,10.0,High Producing Exotic Grassland,,Western Bay of Plenty District
440133d2-8805-42e8-8cdb-fd8006a8f971,10.0,High Producing Exotic Grassland,Pongakawa,Western Bay of Plenty District
44017897-4eab-4ff6-956e-35e4c8b27c23,8.4,High Producing Exotic Grassland,,Whakatane District
4402208,8.0,Broadleaved Indigenous Hardwoods,,Whakatane District
4402597,8.0,High Producing Exotic Grassland,,Whakatane District
4404018,8.0,Built-up Area (settlement),,Tauranga City
4404b267-68ad-41d0-bea0-95efafe73f5e,10.0,High Producing Exotic Grassland,,Ōpōtiki District
4404be34-f1bd-4893-aac8-3fee38a91f23,10.0,High Producing Exotic Grassland,,Whakatane District
4405167,8.0,High Producing Exotic Grassland,,Whakatane District
4406757,10.0,High Producing Exotic Grassland,,Western Bay of Plenty District
4407384,8.0,Broadleaved Indigenous Hardwoods,,Whakatane District
4407542,8.0,Broadleaved Indigenous Hardwoods,,Whakatane District
4407543,8.0,Broadleaved Indigenous Hardwoods,,Whakatane District
4408399,9.6,Manuka and/or Kanuka,,Whakatane District
44084cd6-ea9f-404a-adb2-78a0281014f3,10.0,High Producing Exotic Grassland,,Western Bay of Plenty District
4408671,8.4,River,,Whakatane District
4408989,8.0,High Producing Exotic Grassland,,Whakatane District
4408990,8.0,Gorse and/or Broom,,Whakatane District
4409521,10.0,Indigenous Forest,,Western Bay of Plenty District
4410970,8.4,River,,Whakatane District
4413814,8.0,High Producing Exotic Grassland,,Whakatane District
4413960,9.6,Broadleaved Indigenous Hardwoods,Tauranga,Tauranga City
4417678,10.0,Low Producing Grassland,,Whakatane District
4417689,8.0,High Producing Exotic Grassland,,Whakatane District
4418083,8.8,High Producing Exotic Grassland,,Western Bay of Plenty District
4419660,10.0,High Producing Exotic Grassland,,Western Bay of Plenty District
441e66d1-9174-4ea1-b3d7-0e62ab48bd27,8.0,High Producing Exotic Grassland,Pongakawa,Western Bay of Plenty District
4421240,10.0,Herbaceous Freshwater Vegetation,Tauranga,Tauranga City
4423844,8.0,High Producing Exotic Grassland,,Whakatane District
4426247,8.0,High Producing Exotic Grassland,,Whakatane District
4428805b-5661-45a7-9458-4afda4c12dee,10.0,High Producing Exotic Grassland,,Western Bay of Plenty District
4429382,10.0,Urban Parkland/Open Space,Tauranga,Tauranga City
44295df6-9f96-48ac-b11b-f4787547d5b4,10.0,High Producing Exotic Grassland,,Western Bay of Plenty District
4430558,8.4,River,,Whakatane District
4431326,8.0,Broadleaved Indigenous Hardwoods,,Western Bay of Plenty District
4431521,10.0,Urban Parkland/Open Space,Tauranga,Tauranga City
4433680,10.0,Deciduous Hardwoods,,Whakatane District
4435231,8.0,Exotic Forest,,Whakatane District
4435382,9.6,Indigenous Forest,,Western Bay of Plenty District
4436004,8.0,Indigenous Forest,,Whakatane District
4436675,9.6,Exotic Forest,Tauranga,Western Bay of Plenty District
4436873,10.0,Low Producing Grassland,Tauranga,Western Bay of Plenty District
4437474,8.4,River,,Whakatane District
44376ec5-a8f9-43a4-91dc-8c97f955c5ce,10.0,High Producing Exotic Grassland,,Western Bay of Plenty District
4440255,9.6,Indigenous Forest,,Western Bay of Plenty District
4442240,8.0,Exotic Forest,,Whakatane District
4443108,10.0,High Producing Exotic Grassland,,Western Bay of Plenty District
4443775,10.0,Indigenous Forest,,Western Bay of Plenty District
4444117,10.0,High Producing Exotic Grassland,Te Puke,Western Bay of Plenty District
4445861,8.4,River,,Whakatane District
4445960,8.0,Broadleaved Indigenous Hardwoods,,Western Bay of Plenty District
4446652,9.6,Exotic Forest,,Whakatane District
4447521,8.0,Indigenous Forest,,Whakatane District
444a64e4-71e0-429b-bdca-92e6605a9d68,10.0,High Producing Exotic Grassland,,Western Bay of Plenty District
4451179,8.0,Indigenous Forest,,Whakatane District
4451631,8.0,Indigenous Forest,,Whakatane District
4452428,8.0,High Producing Exotic Grassland,Pongakawa,Western Bay of Plenty District
4453242,8.0,High Producing Exotic Grassland,,Whakatane District
4456624,8.0,High Producing Exotic Grassland,,Whakatane District
4456673,10.0,Exotic Forest,,Whakatane District
4458440,8.0,High Producing Exotic Grassland,,Whakatane District
4459189,8.0,Manuka and/or Kanuka,,Whakatane District
4459778,8.0,Indigenous Forest,,Whakatane District
446066ea-c624-48b1-8d54-f06fa1241d82,8.8,Indigenous Forest,,Western Bay of Plenty District
4460782,8.4,High Producing Exotic Grassland,,Whakatane District
4460959,9.6,Indigenous Forest,,Whakatane District
4461706,8.0,Broadleaved Indigenous Hardwoods,,Whakatane District
4462391,10.0,Urban Parkland/Open Space,Tauranga,Tauranga City
4462404,8.4,River,,Whakatane District
4463097,10.0,Urban Parkland/Open Space,Tauranga,Tauranga City
4466704,8.0,High Producing Exotic Grassland,,Whakatane District
446721d8-7a12-4f7f-95b2-816475239221,8.8,Built-up Area (settlement),,Western Bay of Plenty District
446726,8.0,Exotic Forest,,Whakatane District
4467679,8.0,Indigenous Forest,,Whakatane District
4468a973-90c7-4bc0-bfa1-839074f20cf9,10.0,High Producing Exotic Grassland,,Ōpōtiki District
4470093,8.0,High Producing Exotic Grassland,,Whakatane District
4471171,8.4,High Producing Exotic Grassland,,Whakatane District
4473829,8.0,High Producing Exotic Grassland,,Whakatane District
4474530,8.0,Exotic Forest,,Whakatane District
4474614,9.6,Indigenous Forest,Tauranga,Western Bay of Plenty District
447653ec-f62d-48a2-bef9-a3998d99c308,10.0,High Producing Exotic Grassland,,Western Bay of Plenty District
4478183,8.0,Indigenous Forest,,Whakatane District
4478273,10.0,Herbaceous Freshwater Vegetation,Tauranga,Tauranga City
4478cd54-1f62-4831-abee-0b4e9665d2c9,8.0,High Producing Exotic Grassland,Pongakawa,Western Bay of Plenty District
44796020-2534-4e12-9d28-339fddf90984,10.0,Indigenous Forest,,Western Bay of Plenty District
4480734,8.0,Indigenous Forest,,Whakatane District
4480846,9.6,Indigenous Forest,,Western Bay of Plenty District
4481900,8.0,Indigenous Forest,,Whakatane District
4481929,10.0,Indigenous Forest,,Western Bay of Plenty District
4482334,8.0,Exotic Forest,,Whakatane District
4483473,10.0,High Producing Exotic Grassland,,Whakatane District
4483772,10.0,Indigenous Forest,,Western Bay of Plenty District
4484613,8.0,Indigenous Forest,,Whakatane District
4485484,9.6,Indigenous Forest,,Western Bay of Plenty District
4485991,8.4,Exotic Forest,,Western Bay of Plenty District
4487727,8.0,Indigenous Forest,,Whakatane District
4487802,10.0,High Producing Exotic Grassland,,Western Bay of Plenty District
4489245,8.0,Exotic Forest,,Whakatane District
448e3df5-0633-44db-af90-6d3f3e6676f2,8.0,Exotic Forest,,Whakatane District
4491669,8.8,Indigenous Forest,,Western Bay of Plenty District
4491984,8.4,Urban Parkland/Open Space,,Whakatane District
4493828,8.0,Broadleaved Indigenous Hardwoods,,Whakatane District
4495275,8.0,Exotic Forest,,Whakatane District
44961555-19a1-4d23-b53e-74f818ec47fb,8.0,Exotic Forest,,Western Bay of Plenty District
4496784,10.0,Low Producing Grassland,,Whakatane District
4497146,9.6,Indigenous Forest,,Western Bay of Plenty District
4497359,8.0,High Producing Exotic Grassland,,Whakatane District
4498265,8.0,High Producing Exotic Grassland,,Whakatane District
4498309,8.4,Urban Parkland/Open Space,,Whakatane District
449da0de-c7e6-46f0-b382-52c4fb25cf36,10.0,High Producing Exotic Grassland,Tauranga,Western Bay of Plenty District
44a6dbf3-7dc2-4350-bd53-4bae118d1133,10.0,High Producing Exotic Grassland,,Western Bay of Plenty District
44b0694e-e52b-40c5-8815-f34fd945339a,10.0,High Producing Exotic Grassland,,Western Bay of Plenty District
44b81b94-ebab-4cde-8859-ecf674dcee8b,10.0,High Producing Exotic Grassland,,Ōpōtiki District
44bac429-b16c-4324-b823-3e286c188e3c,8.8,High Producing Exotic Grassland,,Western Bay of Plenty District
44c027e8-f26a-4612-a01f-6e63f3514d43,10.0,High Producing Exotic Grassland,,Western Bay of Plenty District
44c3f476-6f2f-42f6-bd61-d612d9c53bee,10.0,High Producing Exotic Grassland,,Tauranga City
44ca3969-cf3b-49d1-9f48-2579d79e2af6,10.0,Broadleaved Indigenous Hardwoods,,Whakatane District
44d215be-8b7c-438c-b97d-a1e2100ac781,10.0,High Producing Exotic Grassland,,Western Bay of Plenty District
44d62589-87a3-4d6b-b398-52229de2d32a,10.0,High Producing Exotic Grassland,Katikati,Western Bay of Plenty District
44d6badc-554b-4dca-ab5b-b0ce8bea9d2f,10.0,Built-up Area (settlement),Tauranga,Tauranga City
44e08024-11b5-4ba0-a2ad-0ca2b38332c8,8.0,High Producing Exotic Grassland,,Whakatane District
44e4d2d5-f52a-4ff2-9fae-c8b75c4eab79,8.0,Manuka and/or Kanuka,,Whakatane District
44e7e6f4-369a-4cda-971a-380fb5fc7686,10.0,High Producing Exotic Grassland,,Western Bay of Plenty District
44ea348b-0de7-47f6-8a37-d7a3d4448a66,10.0,High Producing Exotic Grassland,,Western Bay of Plenty District
44ec52ed-34bc-44d3-af81-21c9c1fc6e6d,8.4,Urban Parkland/Open Space,,Whakatane District
44f28418-1869-481e-abd5-c18fb155700c,8.0,High Producing Exotic Grassland,,Whakatane District
4501371,10.0,Exotic Forest,,Western Bay of Plenty District
4501535,8.0,High Producing Exotic Grassland,,Whakatane District
4502782,8.4,Short-rotation Cropland,,Whakatane District
4504646,8.0,High Producing Exotic Grassland,,Whakatane District
4504652,8.0,High Producing Exotic Grassland,,Whakatane District
4508234,8.0,Manuka and/or Kanuka,,Whakatane District
4508282,8.4,River,,Whakatane District
4508379,10.0,High Producing Exotic Grassland,,Whakatane District
4509153,8.0,Broadleaved Indigenous Hardwoods,,Whakatane District
450a6f9c-d5f3-480e-9b76-2577432056c6,8.0,High Producing Exotic Grassland,,Whakatane District
450b6291-5d9d-451e-ac7a-2b2628eab372,10.0,Indigenous Forest,,Western Bay of Plenty District
450ee8db-ccee-4012-944c-1f3a90056047,10.0,High Producing Exotic Grassland,,Whakatane District
4510626,8.0,Indigenous Forest,,Whakatane District
4511246,8.0,Indigenous Forest,,Whakatane District
4511392,8.0,Indigenous Forest,,Whakatane District
4512043,10.0,Indigenous Forest,,Western Bay of Plenty District
4515972,8.0,Indigenous Forest,,Whakatane District
4521073,8.0,Broadleaved Indigenous Hardwoods,,Whakatane District
4522180,8.0,Indigenous Forest,,Whakatane District
4522685,8.0,High Producing Exotic Grassland,,Whakatane District
45230390-ecf5-4177-9e84-8ae345d1305a,8.0,High Producing Exotic Grassland,,Western Bay of Plenty District
4523470,8.0,High Producing Exotic Grassland,,Whakatane District
4524094,8.0,Broadleaved Indigenous Hardwoods,Pongakawa,Western Bay of Plenty District
4525628,8.0,Exotic Forest,,Whakatane District
4525879,8.0,Indigenous Forest,,Whakatane District
4525966,8.0,Manuka and/or Kanuka,,Whakatane District
4525967,8.0,High Producing Exotic Grassland,,Whakatane District
4529738,10.0,High Producing Exotic Grassland,,Whakatane District
4530541,10.0,High Producing Exotic Grassland,,Western Bay of Plenty District
453062fc-a2bc-425b-b003-6f31039a3148,10.0,High Producing Exotic Grassland,,Western Bay of Plenty District
4531260a-4778-40ac-900c-7c7f729b370b,10.0,Built-up Area (settlement),,Western Bay of Plenty District
4531288,8.0,High Producing Exotic Grassland,,Whakatane District
4531335,8.4,High Producing Exotic Grassland,,Whakatane District
4533588,8.0,Urban Parkland/Open Space,,Whakatane District
4535673,10.0,High Producing Exotic Grassland,,Western Bay of Plenty District
4537045,8.0,High Producing Exotic Grassland,,Western Bay of Plenty District
4537604,8.4,Urban Parkland/Open Space,,Whakatane District
4538592,10.0,Indigenous Forest,,Western Bay of Plenty District
4540084,8.4,High Producing Exotic Grassland,,Whakatane District
4540601,9.6,Manuka and/or Kanuka,,Whakatane District
4541878,8.4,Exotic Forest,,Western Bay of Plenty District
4542114,10.0,Urban Parkland/Open Space,Tauranga,Tauranga City
4544173,8.0,High Producing Exotic Grassland,,Whakatane District
45497fbf-62ed-4eb9-9b88-08df30310918,10.0,High Producing Exotic Grassland,,Western Bay of Plenty District
454de152-981b-4bf8-ac7c-97daa85b1d86,10.0,High Producing Exotic Grassland,,Western Bay of Plenty District
4551286,8.4,River,,Whakatane District
45518789-55f3-4b0c-aff3-0768a100d101,10.0,High Producing Exotic Grassland,,Western Bay of Plenty District
45518b10-0524-4466-80e7-59508a1c4533,8.0,High Producing Exotic Grassland,,Whakatane District
4552575,8.0,Manuka and/or Kanuka,,Whakatane District
4552adbc-c203-4cfc-bc11-7bf9eecfa626,8.0,High Producing Exotic Grassland,,Whakatane District
4554330,8.0,Manuka and/or Kanuka,,Whakatane District
4554460,10.0,High Producing Exotic Grassland,,Western Bay of Plenty District
4554844,8.4,River,,Whakatane District
4556d0e9-fc90-42d4-8d83-9c9e3b926965,8.4,High Producing Exotic Grassland,,Whakatane District
4558364,8.0,Built-up Area (settlement),Tauranga,Tauranga City
4559635,8.4,Exotic Forest,,Western Bay of Plenty District
455d8e51-9a2f-4ae5-886e-845fe72731e7,10.0,High Producing Exotic Grassland,,Western Bay of Plenty District
4560191,8.0,Indigenous Forest,,Whakatane District
4560500,10.0,Built-up Area (settlement),Tauranga,Tauranga City
4562242,8.4,Herbaceous Saline Vegetation,,Whakatane District
4563341a-1f7d-4959-9ef1-815c413c5706,10.0,High Producing Exotic Grassland,,Western Bay of Plenty District
4563f736-44a8-4f40-ac09-8c575b1fd624,10.0,Low Producing Grassland,,Western Bay of Plenty District
4564463,9.6,Broadleaved Indigenous Hardwoods,,Western Bay of Plenty District
4565046,10.0,Urban Parkland/Open Space,Tauranga,Tauranga City
4566322,8.0,Indigenous Forest,,Whakatane District
4566846,8.4,High Producing Exotic Grassland,,Whakatane District
4567030,8.4,High Producing Exotic Grassland,,Whakatane District
4567036,8.0,High Producing Exotic Grassland,,Whakatane District
4568052,10.0,High Producing Exotic Grassland,,Tauranga City
4568053,8.4,High Producing Exotic Grassland,,Whakatane District
4568056,10.0,High Producing Exotic Grassland,,Western Bay of Plenty District
4568083,10.0,Built-up Area (settlement),,Tauranga City
4568085,10.0,High Producing Exotic Grassland,,Western Bay of Plenty District
4568143,10.0,Deciduous Hardwoods,Tauranga,Tauranga City
4568152,8.0,High Producing Exotic Grassland,,Whakatane District
4568167,8.0,Built-up Area (settlement),,Tauranga City
4568187,8.0,Built-up Area (settlement),,Whakatane District
4568191,8.0,Forest - Harvested,,Whakatane District
4568210,8.0,Exotic Forest,,Whakatane District
4568215,8.0,Exotic Forest,,Whakatane District
4568218,10.0,High Producing Exotic Grassland,,Western Bay of Plenty District
4568228,8.0,Forest - Harvested,,Whakatane District
4568229,8.0,High Producing Exotic Grassland,,Whakatane District
4568230,10.0,High Producing Exotic Grassland,Tauranga,Tauranga City
4568286,8.0,High Producing Exotic Grassland,,Whakatane District
4568290,8.0,Built-up Area (settlement),,Tauranga City
4568297,10.0,Herbaceous Saline Vegetation,,Western Bay of Plenty District
4568300,8.0,Exotic Forest,,Whakatane District
4568323,10.0,Urban Parkland/Open Space,Tauranga,Tauranga City
4568325,8.0,High Producing Exotic Grassland,,Whakatane District
4568328,8.0,Indigenous Forest,,Whakatane District
4568331,8.4,High Producing Exotic Grassland,,Whakatane District
4568335,8.0,Built-up Area (settlement),Tauranga,Tauranga City
456a21eb-1860-43e5-a2c0-7c5a7ac438ec,10.0,High Producing Exotic Grassland,,Western Bay of Plenty District
456a63f9-71f1-47ba-8e31-055ea4e5c917,10.0,High Producing Exotic Grassland,,Western Bay of Plenty District
456c533a-92d5-44f2-a12e-d2a5e5eb8f64,8.8,High Producing Exotic Grassland,,Western Bay of Plenty District
4578ec7e-029f-4a3e-b9c9-9e7124e53495,10.0,High Producing Exotic Grassland,Tauranga,Western Bay of Plenty District
457b7887-786c-4698-82f0-c3abf73c0fe3,10.0,High Producing Exotic Grassland,,Western Bay of Plenty District
457d84f7-b940-4e8e-aa6f-00165e6f04c6,10.0,High Producing Exotic Grassland,,Western Bay of Plenty District
457f5cb0-7abb-4d91-80a3-b8a1cc091f02,8.4,High Producing Exotic Grassland,,Ōpōtiki District
4580a23e-bbc2-4d71-bcf8-d9899d00a315,10.0,High Producing Exotic Grassland,,Ōpōtiki District
4580ff1d-066e-4ae8-aa35-809e069666dc,8.0,High Producing Exotic Grassland,,Whakatane District
45874fde-1b96-4672-a8f3-242ddd407228,10.0,Manuka and/or Kanuka,,Ōpōtiki District
458a7f7a-1555-495e-bd17-3b1de083de68,8.4,High Producing Exotic Grassland,,Ōpōtiki District
458e8e4d-c234-44eb-a076-de565a2a2fd2,8.0,High Producing Exotic Grassland,,Whakatane District
45923c4b-a5f1-4410-9b35-3d3b76c85dc9,10.0,High Producing Exotic Grassland,,Western Bay of Plenty District
45a22b7c-420b-4bed-b5a1-cc10f0610ae2,10.0,High Producing Exotic Grassland,,Western Bay of Plenty District
45a8ff54-16f3-47d8-99e1-fc21d99b304c,8.4,High Producing Exotic Grassland,,Whakatane District
45aab392-7f2e-421a-85a4-a40a9ca985d7,8.0,High Producing Exotic Grassland,,Western Bay of Plenty District
45aacf3f-97f3-491d-8bb2-15863d84b0ba,10.0,High Producing Exotic Grassland,,Western Bay of Plenty District
45af5053-e90c-4ea6-85a2-11865be0b794,10.0,High Producing Exotic Grassland,Tauranga,Western Bay of Plenty District
45badaad-d28c-4034-b86c-06343f4d4686,8.8,Indigenous Forest,,Western Bay of Plenty District
45ccd133-8219-4f17-83c3-209641a68379,10.0,High Producing Exotic Grassland,,Ōpōtiki District
45d65741-5480-48cf-8e76-e8997f2212df,8.4,High Producing Exotic Grassland,,Whakatane District
45e4d547-0256-4917-8035-a54317d74947,10.0,High Producing Exotic Grassland,,Western Bay of Plenty District
45ef31f7-e7ec-42a3-a1a5-1f7ba142b52d,10.0,Indigenous Forest,,Whakatane District
45f12149-9310-442c-8920-e6623342ec9b,10.0,High Producing Exotic Grassland,,Ōpōtiki District
45f4543b-2961-4002-b459-c9527f632b16,10.0,High Producing Exotic Grassland,,Western Bay of Plenty District
45fa785a-4dfc-4ce6-b87a-30a79b4dbd54,10.0,Indigenous Forest,,Western Bay of Plenty District
46178dee-7e32-45dc-a14c-3b9e6a54dadb,8.0,Built-up Area (settlement),Tauranga,Tauranga City
461bf092-e2d6-48b8-8fbf-d29a90510da4,10.0,Exotic Forest,,Western Bay of Plenty District
4623c23d-e324-49e7-8f7f-a6a8f6af3a6c,10.0,Urban Parkland/Open Space,Tauranga,Tauranga City
46279776-82eb-4f53-8b0e-b1c95affbe49,8.0,High Producing Exotic Grassland,,Whakatane District
462e610d-347b-47af-8d64-310179a04802,8.0,High Producing Exotic Grassland,,Whakatane District
462ebbe9-32c7-406e-ba27-2017149d18f0,10.0,High Producing Exotic Grassland,,Western Bay of Plenty District
463a8e4b-900e-457e-bccc-99830d2c089a,8.4,High Producing Exotic Grassland,,Whakatane District
4657cdf5-31c6-41aa-b605-87dd4139977d,10.0,High Producing Exotic Grassland,,Western Bay of Plenty District
46644360-6aa3-476a-a842-ba243f30c9f9,8.0,High Producing Exotic Grassland,,Whakatane District
467104f6-f23a-47ff-8aca-6ce1382dc453,10.0,Exotic Forest,Tauranga,Tauranga City
467a07e4-9a3c-4716-8c47-5dadd92e4c21,8.0,High Producing Exotic Grassland,,Whakatane District
468624e4-117d-4d4d-93e7-17d923a5a385,10.0,High Producing Exotic Grassland,,Western Bay of Plenty District
468eb3c6-d92e-4b69-8ab8-6bc8b0db42c3,8.0,High Producing Exotic Grassland,,Western Bay of Plenty District
46907469-492e-44d4-802e-3569bf0c0f46,8.0,High Producing Exotic Grassland,,Whakatane District
4691cee6-21e0-4170-b9d0-3514581009ef,9.6,High Producing Exotic Grassland,,Western Bay of Plenty District
46a1b184-1d26-4993-aa2c-b5c33c056ae5,10.0,High Producing Exotic Grassland,,Western Bay of Plenty District
46a34791-d30b-4de1-ba7e-936bc8d69eef,10.0,High Producing Exotic Grassland,,Western Bay of Plenty District
46af894e-ace3-4fa1-b690-c1549f6a5591,8.0,High Producing Exotic Grassland,,Whakatane District
46b29fc1-cdfb-4763-b9bc-0f1855525126,10.0,Forest - Harvested,Tauranga,Western Bay of Plenty District
46bfd78b-ba4c-4e59-af83-a786be1b32b6,8.0,Built-up Area (settlement),Tauranga,Tauranga City
46c18ddb-4e2a-4e35-bde6-04347834221e,8.0,High Producing Exotic Grassland,,Whakatane District
46c2316e-44db-4d7b-a063-82f76cb027ca,8.0,High Producing Exotic Grassland,,Whakatane District
46c4f045-c5a3-460d-bb9a-4ea2873eb509,10.0,High Producing Exotic Grassland,,Western Bay of Plenty District
46c7874d-2d22-4b05-9da8-1adab8488ab5,10.0,Short-rotation Cropland,,Western Bay of Plenty District
46d34654-d649-4f29-9413-21759f874177,10.0,Deciduous Hardwoods,Tauranga,Tauranga City
46d4941d-5a19-4595-876f-e2d874e53861,10.0,High Producing Exotic Grassland,,Western Bay of Plenty District
46d63d42-6698-42d2-94a0-d72c65623f76,10.0,High Producing Exotic Grassland,,Western Bay of Plenty District
46dc0b18-99ed-4456-9671-e33c5025961f,8.0,Indigenous Forest,,Western Bay of Plenty District
46dcee46-1a16-4a9f-962b-249f3f950b85,10.0,Built-up Area (settlement),Tauranga,Tauranga City
46decbec-13b9-46db-ac59-ace92abd3bb1,10.0,High Producing Exotic Grassland,,Western Bay of Plenty District
46e51cd3-9de4-4d1d-a289-ffb55a22b995,10.0,High Producing Exotic Grassland,,Western Bay of Plenty District
46e82891-967c-4b68-b8bd-5b777ec62253,10.0,High Producing Exotic Grassland,,Western Bay of Plenty District
46f2fe84-f546-40af-87b0-1f9a9217415b,10.0,High Producing Exotic Grassland,,Western Bay of Plenty District
46fe9e97-0863-4fe5-9a94-37fdee58aa1e,10.0,High Producing Exotic Grassland,,Western Bay of Plenty District
470c7a44-7419-4283-9ab8-ecdc0cc19c77,10.0,High Producing Exotic Grassland,,Western Bay of Plenty District
47152855-7081-4fd7-8a4c-3cac6886ce8e,10.0,High Producing Exotic Grassland,Tauranga,Tauranga City
471bf1a4-7efd-418f-994a-0b01d09c1023,10.0,High Producing Exotic Grassland,,Ōpōtiki District
471efb72-3bf5-4d0c-870f-3f6328d5f35c,10.0,High Producing Exotic Grassland,,Western Bay of Plenty District
47203ca7-5395-4b85-9044-722a65b7ed10,10.0,Short-rotation Cropland,,Western Bay of Plenty District
4726f342-ba20-4871-928d-c5d280755ac8,8.0,Urban Parkland/Open Space,Te Puke,Western Bay of Plenty District
472a9399-13b8-4c85-abf6-014f247b477d,8.4,Built-up Area (settlement),,Whakatane District
473945f1-7e16-43bb-993a-1d1bb491b6de,10.0,High Producing Exotic Grassland,,Western Bay of Plenty District
4743d594-9064-4709-ad32-25a3801e2015,8.0,High Producing Exotic Grassland,,Western Bay of Plenty District
4752bb86-bb64-4b06-8226-debc3fbd24e9,10.0,High Producing Exotic Grassland,,Western Bay of Plenty District
475afdf3-491f-41ed-8249-44c7c875bf9b,8.0,High Producing Exotic Grassland,,Whakatane District
476453cc-443d-47be-9fa2-15ff9f1f1dbf,10.0,High Producing Exotic Grassland,,Ōpōtiki District
4767627a-ac6c-49cf-bb7a-64615b1e5d53,10.0,Indigenous Forest,,Western Bay of Plenty District
476ba161-0363-4a48-af47-c6d3b8d384a4,8.0,High Producing Exotic Grassland,,Whakatane District
476c2e05-a231-4c9a-9722-dcbb612c5b71,10.0,Built-up Area (settlement),Tauranga,Tauranga City
4780cd32-ece0-434e-b48c-cf147f80a617,8.8,High Producing Exotic Grassland,,Western Bay of Plenty District
47866829-c795-4885-8110-8ce9e52bfdfb,10.0,High Producing Exotic Grassland,,Western Bay of Plenty District
47877d0c-831c-4848-9a6a-576410bcb5a1,8.0,High Producing Exotic Grassland,,Whakatane District
4797b14c-5a13-4ed0-82d0-3de0806706cd,8.8,High Producing Exotic Grassland,,Western Bay of Plenty District
47983152-a70b-4951-9c5a-bfb05ff983a3,10.0,Mixed Exotic Shrubland,,Western Bay of Plenty District
479c44d1-7a00-421d-a259-251dae3437db,8.0,Exotic Forest,,Whakatane District
479d7e89-3188-4111-9508-934e1ffc0d23,10.0,High Producing Exotic Grassland,,Western Bay of Plenty District
479e4088-396a-45be-9d79-d2c84aee36c5,8.0,High Producing Exotic Grassland,Pongakawa,Western Bay of Plenty District
47a1ac1c-96bc-4db6-87b2-1b0d31a7fea6,10.0,High Producing Exotic Grassland,Tauranga,Tauranga City
47a4905b-eca5-4c85-b958-491af45e1a15,10.0,High Producing Exotic Grassland,,Western Bay of Plenty District
47ae7719-4a2b-4f74-867e-a67a1fc3d94f,10.0,High Producing Exotic Grassland,,Western Bay of Plenty District
47b06c95-745f-43e5-80c3-769d2491fcc2,9.6,Indigenous Forest,,Western Bay of Plenty District
47b3f206-9d91-442c-8ff0-0e2aa8951559,8.0,Deciduous Hardwoods,,Whakatane District
47b8b926-461e-4d48-b309-7396523f4d58,8.4,High Producing Exotic Grassland,,Ōpōtiki District
47c152ed-332c-4a33-957a-6a000baa0974,10.0,High Producing Exotic Grassland,,Western Bay of Plenty District
47c7bebb-227d-42f3-bae7-2512ec9d07c0,10.0,High Producing Exotic Grassland,,Western Bay of Plenty District
47c888ff-f983-4cc5-826c-e561068c0488,10.0,High Producing Exotic Grassland,Tauranga,Western Bay of Plenty District
47caf71f-3782-4f8a-8eda-7a5ec5404452,8.0,High Producing Exotic Grassland,Te Puke,Western Bay of Plenty District
47cf300a-d0c6-447f-b7bc-ed0f55825618,10.0,High Producing Exotic Grassland,,Ōpōtiki District
47d4fd7b-64a5-4e3f-a26c-3fa7caec1aad,10.0,High Producing Exotic Grassland,Tauranga,Tauranga City
47d790d3-ee5f-4de8-b8ca-52cd73506d2f,8.0,High Producing Exotic Grassland,,Whakatane District
47ea89d4-a82b-4b55-89dc-88f7e7278e9b,8.4,Short-rotation Cropland,,Ōpōtiki District
47fed578-2972-4932-827f-6d2722684573,10.0,High Producing Exotic Grassland,Tauranga,Western Bay of Plenty District
480615,8.0,Exotic Forest,,Whakatane District
480bc39a-16d1-49b8-9f2a-e363092d0b90,8.0,High Producing Exotic Grassland,Pongakawa,Western Bay of Plenty District
480ccc1e-ca7c-4bfe-b491-efe278d50832,8.0,High Producing Exotic Grassland,,Whakatane District
480ee1d7-a715-4992-92f0-d6477dfee2d1,10.0,High Producing Exotic Grassland,,Western Bay of Plenty District
48125a8a-9ca6-4ce3-ae7e-1fe6140fbf4a,10.0,High Producing Exotic Grassland,,Western Bay of Plenty District
481f76be-beac-420a-9718-e85dc08ab49a,10.0,High Producing Exotic Grassland,,Western Bay of Plenty District
481f8dcf-ad92-45a7-aa28-4099702d1d2e,10.0,High Producing Exotic Grassland,Tauranga,Western Bay of Plenty District
4825df2f-9c98-40df-883b-659b4e3d48e0,10.0,High Producing Exotic Grassland,,Western Bay of Plenty District
482699,8.0,Exotic Forest,,Whakatane District
482700,8.0,Exotic Forest,,Whakatane District
483089fc-bedf-4fc3-bf4a-6bbde8f7145a,10.0,High Producing Exotic Grassland,,Western Bay of Plenty District
48356fca-03ae-4069-9ffa-09544ea027d7,9.6,Indigenous Forest,,Western Bay of Plenty District
4845f909-db6b-4fad-ac95-4f2439c7147d,8.4,High Producing Exotic Grassland,,Whakatane District
4848f0f9-0a8e-4bc7-b05f-31aa71a70562,8.4,High Producing Exotic Grassland,,Ōpōtiki District
4849d810-6326-47cc-ae1a-78631b792e7b,10.0,High Producing Exotic Grassland,Tauranga,Tauranga City
484faf54-c7b8-40b0-8e4d-32578eb0b0cd,9.6,Exotic Forest,,Whakatane District
485148,10.0,Indigenous Forest,,Whakatane District
4857c5c5-a7dd-440e-852d-87cb909b795e,10.0,High Producing Exotic Grassland,Te Puke,Western Bay of Plenty District
486f4f85-e173-4663-b9e0-8fcb31fc0d04,10.0,High Producing Exotic Grassland,Tauranga,Western Bay of Plenty District
4870d12d-64e5-436f-a7df-82bc126639ec,10.0,High Producing Exotic Grassland,,Western Bay of Plenty District
487af5f3-f54b-48e1-8353-d1b55ae491e8,10.0,High Producing Exotic Grassland,,Western Bay of Plenty District
488525bd-8f8c-4fad-9a86-38eba54b889d,10.0,Low Producing Grassland,Tauranga,Western Bay of Plenty District
4885534e-7acf-44f8-8a92-d7beb67ad2ba,8.0,High Producing Exotic Grassland,,Whakatane District
4885b45a-f60b-408e-8d66-63583255bd54,8.8,High Producing Exotic Grassland,,Western Bay of Plenty District
488eb77f-1ca5-426d-b110-6da68b6b7203,10.0,Exotic Forest,,Western Bay of Plenty District
4890a516-9204-45e2-9470-a7cbf3ea95de,10.0,High Producing Exotic Grassland,,Western Bay of Plenty District
4893081c-322c-489e-ba6b-2f1da99005b5,10.0,Indigenous Forest,,Western Bay of Plenty District
4897c652-fd63-41d9-a08f-491564f79c2e,8.4,High Producing Exotic Grassland,,Whakatane District
489fa8db-ff81-4dbc-bbac-ea72a83803be,8.0,High Producing Exotic Grassland,,Whakatane District
48a5c41d-9119-45d0-9897-daa51fc495ed,8.4,High Producing Exotic Grassland,,Whakatane District
48a9da63-5736-4bc3-beb5-109947bca289,10.0,High Producing Exotic Grassland,,Ōpōtiki District
48b69a99-4cc7-41d8-b138-be2039e3771e,10.0,Indigenous Forest,,Western Bay of Plenty District
48baf711-12b2-420b-a278-9bb4c9ef46f2,10.0,High Producing Exotic Grassland,,Western Bay of Plenty District
48be862d-33e6-41ea-82d3-d82297418bd8,10.0,High Producing Exotic Grassland,,Western Bay of Plenty District
48c96eb2-6595-4fae-8358-fb4c4b9c1194,8.4,High Producing Exotic Grassland,,Ōpōtiki District
48d64c09-c674-4f09-98b6-dcbb823e3c08,10.0,High Producing Exotic Grassland,,Western Bay of Plenty District
48da50ca-69da-4f7d-aa41-6e972c31e3cf,10.0,High Producing Exotic Grassland,Tauranga,Western Bay of Plenty District
48e0e0b4-d330-40bd-9a56-d333d30e09cf,8.0,High Producing Exotic Grassland,,Whakatane District
48e4bc73-fb22-40e0-bc90-f8b9c60134f0,8.0,High Producing Exotic Grassland,,Western Bay of Plenty District
48e59c17-b94c-47a6-b064-ec652d228352,10.0,High Producing Exotic Grassland,,Western Bay of Plenty District
48e648d7-8def-4340-8c89-1987b118e83b,10.0,Short-rotation Cropland,,Western Bay of Plenty District
48e78982-7d8b-4975-bbce-28ec6507e8e0,10.0,High Producing Exotic Grassland,Tauranga,Western Bay of Plenty District
48f249bd-bfd7-46e5-9c1f-3370012f3d31,10.0,High Producing Exotic Grassland,,Western Bay of Plenty District
48f45c3a-c0c1-4234-be31-8a38e51d1552,8.4,High Producing Exotic Grassland,,Ōpōtiki District
48f7a114-8e9f-4150-ac7b-cc2e526a86c4,8.4,Indigenous Forest,,Western Bay of Plenty District
48f91085-7488-4db3-a486-9f882a897bc0,10.0,High Producing Exotic Grassland,,Western Bay of Plenty District
4906abd5-24cf-4902-a0a4-0200e32c1a6a,10.0,High Producing Exotic Grassland,,Whakatane District
4906d19c-ab5d-45b8-90a1-d9a276ab6143,10.0,High Producing Exotic Grassland,,Western Bay of Plenty District
491ae7a5-d7c3-48fa-a7c6-1e76797dec80,8.8,Indigenous Forest,,Western Bay of Plenty District
491ca7b9-dba7-4f06-af12-4e6df8e8fdad,10.0,High Producing Exotic Grassland,,Western Bay of Plenty District
491fcef4-f467-4ddc-87c5-70edc21e59d7,10.0,High Producing Exotic Grassland,Tauranga,Western Bay of Plenty District
492199cf-ba8f-4970-b2b4-cc9734c68958,10.0,High Producing Exotic Grassland,,Western Bay of Plenty District
49265ee0-6485-46b3-a753-52027ae8f1fd,10.0,Built-up Area (settlement),Katikati,Western Bay of Plenty District
49348c6b-848f-4c02-a076-82018aa2d5aa,8.0,Broadleaved Indigenous Hardwoods,,Whakatane District
4947f8fa-bad5-4508-b5cf-1220e34c7d51,8.8,Indigenous Forest,,Western Bay of Plenty District
4949f24d-3526-489b-998c-535769555a2b,10.0,High Producing Exotic Grassland,Tauranga,Western Bay of Plenty District
494b4ef4-284d-4161-805c-23913f1d4eb0,10.0,High Producing Exotic Grassland,,Western Bay of Plenty District
4956d671-c00c-444e-a715-13ff11039743,8.4,Short-rotation Cropland,,Ōpōtiki District
496ca169-fc38-4663-a851-df56553b22e4,10.0,High Producing Exotic Grassland,,Western Bay of Plenty District
496ebc18-0e94-444e-a27c-f2f4ca416e19,10.0,High Producing Exotic Grassland,,Western Bay of Plenty District
49703392-019c-484c-a3aa-0f76c2a3fe0d,9.6,Indigenous Forest,Tauranga,Western Bay of Plenty District
49754acf-7dc0-433f-8464-6d0ee5ae0278,10.0,High Producing Exotic Grassland,,Western Bay of Plenty District
4978f349-a834-45e3-a74a-f6145a561614,8.0,Indigenous Forest,,Whakatane District
497e7d76-0e8d-4341-9d36-77299298d18b,8.4,High Producing Exotic Grassland,,Ōpōtiki District
497ee713-e82d-4710-af35-adcdac5f94be,10.0,Forest - Harvested,,Western Bay of Plenty District
4986ab04-f665-4cf5-a88f-a02fc6feec2e,10.0,High Producing Exotic Grassland,,Western Bay of Plenty District
4987d12d-068f-4536-b056-a8ee25f78741,8.0,High Producing Exotic Grassland,,Whakatane District
498ecb21-3cca-4297-b803-9d39c23902b2,8.0,Indigenous Forest,Te Puke,Western Bay of Plenty District
4990be99-43ab-4214-a2a3-b699ebf0ae34,10.0,Built-up Area (settlement),Tauranga,Tauranga City
4996c412-d7ac-4be1-bc1e-ecddf662fe36,8.0,High Producing Exotic Grassland,,Whakatane District
49b014fc-7169-4152-b3f8-7ff74c9e7f8f,10.0,High Producing Exotic Grassland,,Western Bay of Plenty District
49b7b476-dc13-486e-8d60-3a1287e02c44,10.0,High Producing Exotic Grassland,,Western Bay of Plenty District
49c135a2-df40-4eae-8def-6f25b187990f,10.0,High Producing Exotic Grassland,,Western Bay of Plenty District
49c1d601-d18b-4617-bccf-b3b7b0069add,8.0,High Producing Exotic Grassland,,Whakatane District
49c8a899-26a8-45b1-aba7-37b50e8ec8af,8.0,High Producing Exotic Grassland,,Western Bay of Plenty District
49cb52e8-ec1a-4a41-a899-447791a17c7b,10.0,High Producing Exotic Grassland,,Western Bay of Plenty District
49cd60a5-462b-44be-84e7-9f5c45c747dd,8.4,High Producing Exotic Grassland,,Ōpōtiki District
49d60cc2-5505-492f-b208-5da5647828fd,10.0,High Producing Exotic Grassland,,Western Bay of Plenty District
49ec78a8-b0af-4637-a071-96eb225494cc,10.0,High Producing Exotic Grassland,Tauranga,Western Bay of Plenty District
49eeae0e-fc2e-4bb9-980d-01d30712f497,8.0,Indigenous Forest,Te Puke,Western Bay of Plenty District
49ef870c-c356-4a0e-a776-86c06c7f354c,8.0,Built-up Area (settlement),,Whakatane District
49ff53bd-b8b1-4bee-9056-a4229e3cc1fa,10.0,High Producing Exotic Grassland,,Western Bay of Plenty District
4a02f7fd-18d4-43af-a16f-61e486e47a8a,9.6,Indigenous Forest,Tauranga,Western Bay of Plenty District
4a109e85-86c7-4566-bd3a-80807a6522f9,10.0,High Producing Exotic Grassland,,Ōpōtiki District
4a159262-38a7-442f-8d57-dd32512f8406,10.0,High Producing Exotic Grassland,,Western Bay of Plenty District
4a33e60a-11c8-46c8-8faf-c595c22f2455,10.0,High Producing Exotic Grassland,Tauranga,Tauranga City
4a49a7a1-d5bd-4858-9d9b-f93118c8290a,10.0,Herbaceous Freshwater Vegetation,Tauranga,Western Bay of Plenty District
4a547820-d44a-42a0-aa2a-6a19e66df650,10.0,High Producing Exotic Grassland,,Tauranga City
4a576748-e860-40f8-bd5b-933bc6ba2225,10.0,Manuka and/or Kanuka,,Ōpōtiki District
4a5cadf0-212f-422b-bb99-0384d4a2fa16,8.0,High Producing Exotic Grassland,,Western Bay of Plenty District
4a5dcb25-47fa-4760-be04-cb77f4334cfb,10.0,High Producing Exotic Grassland,,Western Bay of Plenty District
4a7121d3-ddd3-42e5-a60d-27abf2c9bdee,10.0,High Producing Exotic Grassland,,Western Bay of Plenty District
4a7c0d1c-475f-4b99-9254-f3c1da3d1c49,10.0,High Producing Exotic Grassland,,Western Bay of Plenty District
4a7c30fe-0ead-47df-93f4-cd32614d7b0b,10.0,Short-rotation Cropland,,Western Bay of Plenty District
4a831867-b944-43ac-8357-638792b04745,8.4,High Producing Exotic Grassland,,Whakatane District
4a83494d-fea2-40f9-978c-100edfa74ff9,10.0,High Producing Exotic Grassland,,Whakatane District
4a87e4d7-876a-4dab-9cfd-0ce7b7465acf,10.0,High Producing Exotic Grassland,Katikati,Western Bay of Plenty District
4a8e23e0-e833-451d-8f7d-a4f8a2110662,10.0,High Producing Exotic Grassland,,Western Bay of Plenty District
4a8fbd47-f3fc-4a64-8be8-6020554eb342,10.0,High Producing Exotic Grassland,Tauranga,Western Bay of Plenty District
4a9287b7-5e69-4fb5-95f1-bffb1a652a51,8.0,Indigenous Forest,,Whakatane District
4a94b969-474b-4039-8e07-59310a437fa0,10.0,High Producing Exotic Grassland,,Western Bay of Plenty District
4a9eb2c9-1c6d-4f69-92c3-8b2b1bcfca26,8.4,High Producing Exotic Grassland,,Ōpōtiki District
4aa8784b-6868-4015-9036-53040bbf30d9,8.0,Deciduous Hardwoods,,Whakatane District
4ab28023-a7bc-4b53-ba55-a3e5116fada7,10.0,High Producing Exotic Grassland,,Western Bay of Plenty District
4ab50fbc-f234-4ab7-b613-aa4b3734e77a,8.0,High Producing Exotic Grassland,,Western Bay of Plenty District
4abe7c96-7d5a-4aaa-a379-beb41ee9d4e5,10.0,High Producing Exotic Grassland,,Ōpōtiki District
4ac10266-8d4a-4fee-a6d7-28be62e7c096,8.0,High Producing Exotic Grassland,,Whakatane District
4ac41b7a-4986-4d77-b314-97fa613c024d,8.0,High Producing Exotic Grassland,Pongakawa,Western Bay of Plenty District
4ac49e52-67fb-4098-8d1d-863c067b6e83,8.0,High Producing Exotic Grassland,,Whakatane District
4acfa86a-e142-4722-80eb-b6a7478b81b9,8.0,High Producing Exotic Grassland,,Whakatane District
4ad05cfe-abb4-408d-b7e1-3c6b31567759,8.0,High Producing Exotic Grassland,,Whakatane District
4ad80370-7615-4a6d-af74-843c8438eed0,8.0,Manuka and/or Kanuka,,Whakatane District
4ae06a4e-6be1-4486-9de9-fc0885dc8903,8.0,High Producing Exotic Grassland,,Western Bay of Plenty District
4ae2e8f3-2ffc-4df5-bce0-ae6156d52611,10.0,High Producing Exotic Grassland,,Ōpōtiki District
4ae31133-943b-472a-a6fa-e21fdc014d00,10.0,Indigenous Forest,,Western Bay of Plenty District
4aea84d8-922c-4b5f-a1fb-f42ce4b977d9,8.0,Exotic Forest,,Western Bay of Plenty District
4aef483a-7ade-47b4-871b-8d49f2701744,8.0,High Producing Exotic Grassland,,Whakatane District
4afe3cb1-b77c-44bd-b7b9-a853e149a314,8.0,Indigenous Forest,,Whakatane District
4b00286f-2fa3-47bd-b5f8-91efb5e5ef17,10.0,Indigenous Forest,,Western Bay of Plenty District
4b07890f-bf1d-4572-bfc2-f84815dcc897,10.0,High Producing Exotic Grassland,,Western Bay of Plenty District
4b089329-5314-4dea-9f6f-e4545a1e9f98,10.0,Broadleaved Indigenous Hardwoods,,Western Bay of Plenty District
4b146640-a6ec-4771-a471-cdde4902154e,10.0,High Producing Exotic Grassland,Tauranga,Western Bay of Plenty District
4b14b812-3204-4ca6-ad55-1d751e96a3b8,10.0,High Producing Exotic Grassland,,Western Bay of Plenty District
4b184329-c352-47b2-960f-b6d8714a47e2,8.0,Indigenous Forest,,Whakatane District
4b2110fd-5cbc-459f-9691-da737bfd9672,9.6,Indigenous Forest,Tauranga,Western Bay of Plenty District
4b315841-1cb8-46ba-a55b-fc7e8a10759c,10.0,High Producing Exotic Grassland,,Western Bay of Plenty District
4b3dcbb4-8f6e-4e42-9a65-9c6005bd362f,8.0,High Producing Exotic Grassland,,Western Bay of Plenty District
4b400a08-0bea-416c-ab98-e0322c8fc3ae,8.0,Indigenous Forest,,Whakatane District
4b41856d-07ab-467c-ba00-b980e645f676,8.0,High Producing Exotic Grassland,,Whakatane District
4b425a1f-ee7a-44a0-89dd-74dae423fb30,8.0,High Producing Exotic Grassland,,Whakatane District
4b47c41e-da5e-4f85-acd8-8d6572edc9d6,8.0,High Producing Exotic Grassland,,Ōpōtiki District
4b4abe9c-b9ed-408d-bde3-3f2294be5445,10.0,High Producing Exotic Grassland,,Western Bay of Plenty District
4b502b1b-b4df-4423-a155-9dd30e530700,8.0,High Producing Exotic Grassland,,Whakatane District
4b58d205-6574-405e-bc20-2158fbf6042f,8.0,High Producing Exotic Grassland,,Whakatane District
4b622cab-d5a4-4657-9863-6e276881a7f5,10.0,High Producing Exotic Grassland,,Western Bay of Plenty District
4b692bd5-d935-4ee4-9482-e1104037a283,8.4,Indigenous Forest,,Ōpōtiki District
4b6d73bf-2b0f-4f65-b7f4-f5bcb00b0f35,10.0,High Producing Exotic Grassland,,Western Bay of Plenty District
4b782a1c-66e2-4dd2-8d41-f3e4b8c9ee36,8.8,Manuka and/or Kanuka,,Western Bay of Plenty District
4b788f72-659f-4db9-ae56-2d4e1d57540b,8.0,Short-rotation Cropland,,Whakatane District
4b8a0118-9fa3-43df-bbe6-ad2ee9268a28,8.0,High Producing Exotic Grassland,,Whakatane District
4b8a6512-77ed-4a68-ab89-1559b7b36373,8.0,Indigenous Forest,Te Puke,Western Bay of Plenty District
4b8b15ae-465a-4c15-9200-e4fbf6112028,8.8,Indigenous Forest,,Western Bay of Plenty District
4b90ba5e-5b88-4f5e-8753-38f565861606,8.0,High Producing Exotic Grassland,,Whakatane District
4b9af155-3b0a-4a2c-ac16-f1791f418e21,10.0,Broadleaved Indigenous Hardwoods,,Western Bay of Plenty District
4ba0a78c-e551-4d90-a3b9-1d6224960da2,10.0,High Producing Exotic Grassland,,Western Bay of Plenty District
4bc17c62-9a05-4ff1-bcd4-b0811db946d6,10.0,High Producing Exotic Grassland,,Ōpōtiki District
4bc42a04-8c8f-40c0-b657-2cc1bf6d627c,10.0,Built-up Area (settlement),,Tauranga City
4bd82b1a-b31d-4cf8-86fc-97025f448686,10.0,High Producing Exotic Grassland,,Western Bay of Plenty District
4bd959d9-0c82-425d-afe4-d414630d3618,8.4,High Producing Exotic Grassland,,Ōpōtiki District
4bdd4e3e-396b-4765-a193-57d1cd7c30dd,8.0,Built-up Area (settlement),,Tauranga City
4bef1e54-93c8-4a31-85ff-4ff9f24e9881,10.0,High Producing Exotic Grassland,,Western Bay of Plenty District
4bf489f1-00c9-4170-b28b-5bfd39f3c995,10.0,High Producing Exotic Grassland,,Western Bay of Plenty District
4bf63a56-6d34-4c97-8521-00b3e1ba777a,10.0,High Producing Exotic Grassland,,Whakatane District
4bfbedee-fe2f-48a8-bac0-b99b9f51679a,8.4,High Producing Exotic Grassland,,Whakatane District
4bfc2262-965e-4858-a550-da4924481d33,10.0,High Producing Exotic Grassland,,Western Bay of Plenty District
4bfd9105-888f-47a3-a82f-57b7ba810fce,8.0,High Producing Exotic Grassland,,Whakatane District
4c06e93e-6375-450a-9c47-6ed07751b905,10.0,High Producing Exotic Grassland,,Western Bay of Plenty District
4c1bfd08-08e9-47ef-955f-daad4fdb322f,8.0,High Producing Exotic Grassland,,Whakatane District
4c21211e-0107-448f-8658-3244f728f2dc,8.0,Broadleaved Indigenous Hardwoods,,Whakatane District
4c247eee-6bd4-43a7-9cf4-745bdcf2b655,10.0,High Producing Exotic Grassland,Tauranga,Western Bay of Plenty District
4c334c82-4202-454c-a7ad-8f0d51b739d5,8.0,High Producing Exotic Grassland,,Whakatane District
4c38589e-3eb4-4686-bc9a-2842da5ba529,10.0,High Producing Exotic Grassland,,Western Bay of Plenty District
4c3ca682-a6ad-4628-830e-6c81d384a70d,10.0,High Producing Exotic Grassland,,Western Bay of Plenty District
4c4c386c-ee8e-4632-8987-e2cc4300eb08,10.0,High Producing Exotic Grassland,,Western Bay of Plenty District
4c5de3d3-e212-4677-b3d7-8d75f360f858,10.0,High Producing Exotic Grassland,,Whakatane District
4c68845a-88e1-4add-a3ec-93e1d74b2389,8.0,Indigenous Forest,Te Puke,Western Bay of Plenty District
4c71c0b9-1447-4478-8193-5647af9ef245,10.0,High Producing Exotic Grassland,Te Puke,Western Bay of Plenty District
4c7e43ca-8f61-43bb-b5b2-3dcf63ef61b2,10.0,High Producing Exotic Grassland,,Western Bay of Plenty District
4c8bb53b-5164-47f5-be55-41d3a57ab12b,10.0,Low Producing Grassland,,Western Bay of Plenty District
4c993c3a-9a95-4a6f-b155-aabece5c6091,10.0,High Producing Exotic Grassland,,Western Bay of Plenty District
4c9a57bb-97ac-4798-8fae-9af9ad5eb125,8.4,Short-rotation Cropland,,Ōpōtiki District
4c9d7aa6-e70f-4575-aac0-1064ab51a98a,10.0,High Producing Exotic Grassland,,Western Bay of Plenty District
4ca0dff1-7182-4fd1-acf4-7a5697307761,10.0,Urban Parkland/Open Space,Tauranga,Tauranga City
4ca9fbae-74aa-4ea0-bc4d-a0fefae049b0,8.0,High Producing Exotic Grassland,,Western Bay of Plenty District
4caf5ff4-0d73-4744-a809-c9cb7a5c7a0d,8.0,High Producing Exotic Grassland,,Whakatane District
4cb363e7-4b83-4fc7-a616-d49d4b637f86,8.0,High Producing Exotic Grassland,,Whakatane District
4cb44be8-e396-430b-86af-12c7cfb6ec6e,10.0,High Producing Exotic Grassland,,Western Bay of Plenty District
4cb52d2b-289f-4c13-8341-92caf85f8093,10.0,High Producing Exotic Grassland,,Western Bay of Plenty District
4cb6a4eb-1ab2-4771-9af0-2ef5d2fcc5a0,10.0,High Producing Exotic Grassland,,Western Bay of Plenty District
4cbd8d20-addf-4bf7-b835-f365f0e9888b,10.0,High Producing Exotic Grassland,,Western Bay of Plenty District
4cc2be71-0c22-4f94-94e4-f6b42c887b32,10.0,Manuka and/or Kanuka,,Whakatane District
4cc3e34b-5ef1-4d6c-ba33-f9c3a8d2b10e,8.0,Broadleaved Indigenous Hardwoods,,Whakatane District
4ccae7d8-2c01-40c8-b223-e0e12f09135d,8.0,High Producing Exotic Grassland,,Whakatane District
4cd5e3ed-9127-40f9-b3bf-a78a0d6e7555,10.0,High Producing Exotic Grassland,,Western Bay of Plenty District
4cdca159-cb93-44f2-b3c8-5ba961236ed4,8.0,High Producing Exotic Grassland,,Ōpōtiki District
4cdd8a61-4026-457a-a227-958d6d6685c9,10.0,High Producing Exotic Grassland,Tauranga,Western Bay of Plenty District
4cde516a-d2db-4369-95d3-e41a2b78fd64,10.0,Urban Parkland/Open Space,Katikati,Western Bay of Plenty District
4cf74cc5-cbc1-4ed5-afdf-e24021872574,10.0,High Producing Exotic Grassland,,Western Bay of Plenty District
4cf87e48-33cd-43f9-b964-e9d97d7904c5,8.0,High Producing Exotic Grassland,Te Puke,Western Bay of Plenty District
4d02d782-2696-4f3f-b624-0bb74937ea2c,10.0,High Producing Exotic Grassland,,Western Bay of Plenty District
4d0bd42b-06e2-4ea1-b380-e11e952f7212,10.0,Indigenous Forest,,Western Bay of Plenty District
4d17745f-c7e9-496b-a24e-1a1e9bafd2e9,10.0,High Producing Exotic Grassland,,Western Bay of Plenty District
4d37b184-dc8f-4d90-a48f-58326a97e285,8.8,Exotic Forest,,Western Bay of Plenty District
4d4133aa-f085-4c33-9cee-a800c0c1f64d,8.0,High Producing Exotic Grassland,,Whakatane District
4d49ee4d-fa62-45e2-bdfd-276d8bf99694,10.0,Indigenous Forest,,Western Bay of Plenty District
4d528650-ee75-4769-8d89-77bc0c4c2726,8.2,High Producing Exotic Grassland,,Whakatane District
4d61012d-f769-46c9-8131-46c7be0a13d1,10.0,High Producing Exotic Grassland,,Western Bay of Plenty District
4d768cc8-c747-4043-8640-a84ecc35dc67,8.2,High Producing Exotic Grassland,,Whakatane District
4d80a3ce-472f-40e6-9763-27cc35c5e49e,10.0,High Producing Exotic Grassland,,Western Bay of Plenty District
4d886aca-ba28-4601-acd7-3eff13f3076b,10.0,High Producing Exotic Grassland,,Western Bay of Plenty District
4d8c3ae8-d809-41e3-bf66-d91891f7f4a3,8.0,Built-up Area (settlement),Tauranga,Tauranga City
4d9cbceb-0b27-4953-9db5-18c1f72ffc41,10.0,Built-up Area (settlement),Katikati,Western Bay of Plenty District
4da3d509-7317-400a-975b-b98c91d40470,10.0,Manuka and/or Kanuka,,Ōpōtiki District
4daa9798-421c-4daf-b8f0-14df22dcce66,8.0,High Producing Exotic Grassland,,Whakatane District
4daaa1d0-8cdd-4908-848d-1dd8490f5cd4,8.0,High Producing Exotic Grassland,,Whakatane District
4dccc8b3-d86a-4a8b-88c6-95e051cc1374,10.0,High Producing Exotic Grassland,,Ōpōtiki District
4dd2ccdb-4f68-4f01-8be2-c1d1249f5d7d,10.0,High Producing Exotic Grassland,Tauranga,Tauranga City
4dd5b73e-c644-42dc-ba17-e419ff931ba1,8.0,Indigenous Forest,,Whakatane District
4dd87aa4-f907-4cac-bb8b-c086d1e64a87,10.0,High Producing Exotic Grassland,,Western Bay of Plenty District
4de48329-9205-4622-a9d2-a74d7e4e1d1e,10.0,Built-up Area (settlement),,Tauranga City
4defd241-6d35-4647-9979-373b4fcb7e67,10.0,High Producing Exotic Grassland,Tauranga,Tauranga City
4df7011c-72a7-4c63-9729-2ad5da5f438e,10.0,High Producing Exotic Grassland,,Western Bay of Plenty District
4e0253a1-0655-4a04-a52f-4ab1740354a7,8.0,Indigenous Forest,Te Puke,Western Bay of Plenty District
4e041ebd-7719-4ecc-9cbe-cfcfce44a039,8.0,Broadleaved Indigenous Hardwoods,,Western Bay of Plenty District
4e057d14-6c86-43a1-8c06-c832c94922d6,10.0,High Producing Exotic Grassland,,Western Bay of Plenty District
4e0a6d35-bcb3-47c4-8c21-61c091aa8d38,10.0,High Producing Exotic Grassland,Tauranga,Tauranga City
4e18d5ff-73eb-4bc2-b7ed-9b7547f328f1,10.0,High Producing Exotic Grassland,Tauranga,Tauranga City
4e2110d0-1ac0-411a-bdc2-96bd230f7ae6,10.0,High Producing Exotic Grassland,,Western Bay of Plenty District
4e2fdaf7-3078-4fd1-aa11-9e7cb40e60c3,10.0,High Producing Exotic Grassland,,Western Bay of Plenty District
4e30fd4f-b8f4-468d-a131-5ca72f6ead82,10.0,High Producing Exotic Grassland,,Western Bay of Plenty District
4e34f985-8c70-44ba-8366-8b4cdaf38c04,10.0,High Producing Exotic Grassland,,Whakatane District
4e381692-b1ec-4840-bced-9f6a293450bd,8.0,High Producing Exotic Grassland,Te Puke,Western Bay of Plenty District
4e3f261a-364d-456a-9312-9337fcd3798e,8.0,High Producing Exotic Grassland,,Whakatane District
4e40b8eb-2d8c-4181-a9f4-138e11513a17,8.0,High Producing Exotic Grassland,,Whakatane District
4e4479aa-2a65-465c-8f5e-ca11b2366367,10.0,Built-up Area (settlement),,Tauranga City
4e49a123-de66-4823-9ed3-770975d34746,10.0,Indigenous Forest,,Whakatane District
4e588a8f-0315-4e95-bd3a-a8f83b4f2d97,10.0,High Producing Exotic Grassland,Tauranga,Western Bay of Plenty District
4e59882d-6381-4cee-8df3-c88cb1e95dd2,10.0,Urban Parkland/Open Space,Tauranga,Tauranga City
4e637145-6b59-4988-b812-29fd68f9e4d3,8.2,High Producing Exotic Grassland,Opotiki,Ōpōtiki District
4e672c5a-561f-4906-8d52-0ad55d2da029,8.0,High Producing Exotic Grassland,Pongakawa,Western Bay of Plenty District
4e6ba1e9-189d-4396-af38-6c1e7d856c16,10.0,High Producing Exotic Grassland,,Whakatane District
4e73d539-eafa-4b2d-81d0-6cddf8861300,10.0,High Producing Exotic Grassland,,Ōpōtiki District
4e74dc5c-7f3a-46e6-ac2b-440385ff675c,10.0,High Producing Exotic Grassland,,Western Bay of Plenty District
4e7771bf-bd2e-4b08-8354-0358e847e445,10.0,High Producing Exotic Grassland,,Western Bay of Plenty District
4e7d7eb6-f262-464f-916c-e12c4c1e8147,8.2,High Producing Exotic Grassland,,Whakatane District
4e82e93f-2cfa-4c17-a47a-4363ecd9d130,8.0,High Producing Exotic Grassland,,Whakatane District
4e83c956-0441-4a10-8574-8293fc524484,10.0,Indigenous Forest,,Ōpōtiki District
4e890b8e-f1fc-442c-8822-e11c1895f668,10.0,High Producing Exotic Grassland,Tauranga,Western Bay of Plenty District
4ea3fdde-4e0c-4ddc-9bf4-54d8f954b179,8.4,High Producing Exotic Grassland,,Ōpōtiki District
4ea5de3e-ccd0-4a86-9ea2-1b8e93584e1a,10.0,High Producing Exotic Grassland,Tauranga,Tauranga City
4eb58306-db5d-4636-b351-7e7f8928ac34,10.0,High Producing Exotic Grassland,Tauranga,Western Bay of Plenty District
4eb77132-a413-4844-aa66-ced30dbbc23c,10.0,High Producing Exotic Grassland,,Ōpōtiki District
4ec1dd0b-d086-4ae8-860f-014f97b49ad8,10.0,High Producing Exotic Grassland,Tauranga,Tauranga City
4ec4dd52-40fc-42c4-bbaf-638174408ee5,8.4,High Producing Exotic Grassland,,Whakatane District
4ec8bb5c-595b-4156-ab96-ed9167a9fd4c,10.0,High Producing Exotic Grassland,,Ōpōtiki District
4ecbf686-46e2-4c7e-9033-19aae0b260c3,10.0,High Producing Exotic Grassland,Tauranga,Tauranga City
4ecd96ce-38c2-4dae-bd37-fa51ccc2bb3b,10.0,High Producing Exotic Grassland,,Western Bay of Plenty District
4ececef2-e571-4a2c-a84a-244bbdf8b56f,8.0,Built-up Area (settlement),,Whakatane District
4ed0a834-cca3-4c4c-9857-d0af779389ea,10.0,High Producing Exotic Grassland,,Western Bay of Plenty District
4eda33b5-f45e-491a-b8da-fb9a8ab3be21,8.0,Exotic Forest,,Whakatane District
4edaa78e-4a2b-4b5f-939c-c6a9f242b459,10.0,High Producing Exotic Grassland,,Whakatane District
4edb5134-3cd4-4481-ba38-9d16eb4d8f3a,10.0,High Producing Exotic Grassland,,Western Bay of Plenty District
4edd2463-05d9-4802-80ea-f9257fd13ca7,8.4,Short-rotation Cropland,,Ōpōtiki District
4ee49a00-8c4a-4d71-bc71-f8f1fffc4b37,10.0,High Producing Exotic Grassland,,Tauranga City
4ee7d50d-8c26-4d49-8057-75de9b085348,9.6,Indigenous Forest,,Western Bay of Plenty District
4ef8db99-2f6f-48c0-bd98-f0f33c64aaee,10.0,High Producing Exotic Grassland,Tauranga,Western Bay of Plenty District
4efe8af3-1b79-4282-8e39-5b991f14af42,10.0,High Producing Exotic Grassland,,Western Bay of Plenty District
4eff6339-361e-4be2-a539-a09d1152ba6c,8.4,Short-rotation Cropland,,Ōpōtiki District
4f0447a7-480c-42b7-b435-1d4bc9668eb4,10.0,High Producing Exotic Grassland,,Western Bay of Plenty District
4f04abac-782d-47e7-b406-98e4058e00d1,8.0,Deciduous Hardwoods,,Ōpōtiki District
4f0d04aa-13ee-4f46-bbcd-3be98a0e09a2,8.0,High Producing Exotic Grassland,,Whakatane District
4f0f7b26-e061-4197-88af-adf97b3d6ff7,8.4,Short-rotation Cropland,,Whakatane District
4f128f5d-1020-4b12-a205-70b0ae3c57ff,8.0,High Producing Exotic Grassland,,Whakatane District
4f1576b3-ff04-48d5-94e9-9932a8dd91df,8.0,Forest - Harvested,,Whakatane District
4f213114-0014-44d0-bef9-851b68713791,10.0,High Producing Exotic Grassland,,Western Bay of Plenty District
4f27653a-8903-4d98-bde9-58cf1d8b14dc,8.4,High Producing Exotic Grassland,,Western Bay of Plenty District
4f2ae5c3-2139-4323-8845-602605945935,10.0,High Producing Exotic Grassland,,Western Bay of Plenty District
4f304843-f99c-4c76-8ea8-2f6675867ead,8.0,High Producing Exotic Grassland,,Whakatane District
4f3a1c1f-9959-430e-b0db-3e668c93c5e6,10.0,High Producing Exotic Grassland,,Western Bay of Plenty District
4f4628c9-ec52-4488-bc44-327c658f256a,8.0,High Producing Exotic Grassland,,Western Bay of Plenty District
4f5b8f96-8c21-4d1b-8ec1-4ffea57896a5,10.0,High Producing Exotic Grassland,,Western Bay of Plenty District
4f6460da-f1c3-4caf-8e18-af08bc652233,8.0,High Producing Exotic Grassland,,Western Bay of Plenty District
4f64dcb6-c5bc-49a2-8e1d-3aab88215d60,10.0,Deciduous Hardwoods,,Western Bay of Plenty District
4f682188-f4a1-426b-9968-ea27308521ba,10.0,High Producing Exotic Grassland,,Western Bay of Plenty District
4f70f058-733b-448a-ab30-d7d63a1e91d6,10.0,High Producing Exotic Grassland,,Western Bay of Plenty District
4f7db454-7efc-4ea5-a29a-6597f714e63d,10.0,High Producing Exotic Grassland,,Western Bay of Plenty District
4f89b921-7a24-466f-b4ba-f6f0b88705ee,10.0,Exotic Forest,,Western Bay of Plenty District
4f8d431d-d7d9-411c-9442-7ad3930dc9c9,10.0,High Producing Exotic Grassland,,Western Bay of Plenty District
4fa6e2dd-7bce-4999-b19f-9e197d65cc20,9.6,Indigenous Forest,,Western Bay of Plenty District
4faf9fae-7d01-440e-9e3d-59a975db2bcf,8.0,High Producing Exotic Grassland,Pongakawa,Western Bay of Plenty District
4fba7f78-82fa-4db1-8196-4d15c13a71f4,10.0,High Producing Exotic Grassland,,Western Bay of Plenty District
4fc72eb1-0432-4b83-84e8-90759203c262,10.0,High Producing Exotic Grassland,,Western Bay of Plenty District
4fe24c31-2804-43d1-b8df-188987de50f7,10.0,High Producing Exotic Grassland,,Ōpōtiki District
4fe4c1f9-2ebd-470f-b4f5-223dec62d32b,8.0,Manuka and/or Kanuka,,Whakatane District
4fee9b0a-bfcf-456a-b4a3-22965ddb1dd3,10.0,High Producing Exotic Grassland,,Western Bay of Plenty District
4ffc3b4b-2404-48f5-aedc-3994d148b6f0,9.6,High Producing Exotic Grassland,Tauranga,Western Bay of Plenty District
501416,8.0,Exotic Forest,,Whakatane District
50143f87-64c9-4a6a-92e2-cbdd02a738f0,10.0,High Producing Exotic Grassland,,Western Bay of Plenty District
501615,8.0,Exotic Forest,,Whakatane District
501fbc96-507b-4d43-8e25-22ab030beef4,8.0,Exotic Forest,Pongakawa,Western Bay of Plenty District
501fd7a7-7226-450d-abdf-0b798ff4a5e5,10.0,Short-rotation Cropland,,Western Bay of Plenty District
502ce0ec-e607-4898-8b1c-e3a6df8ecbe6,10.0,Exotic Forest,,Western Bay of Plenty District
50301289-d798-468d-a5e9-836c84e91b15,8.0,High Producing Exotic Grassland,,Whakatane District
50378686-e600-4b24-8b5f-fcf8e5223d2c,8.0,High Producing Exotic Grassland,,Whakatane District
5037a389-70d4-450c-8e6c-e0a11c3d3759,10.0,High Producing Exotic Grassland,,Western Bay of Plenty District
503a48af-a11c-4f8b-a641-b41ebcc7fa9f,10.0,High Producing Exotic Grassland,,Western Bay of Plenty District
503dccca-9663-4ca9-ad7a-0008e3d8128a,8.0,High Producing Exotic Grassland,,Whakatane District
505076,8.0,High Producing Exotic Grassland,,Whakatane District
505110bf-d6c2-4921-bd44-b1934e23a8d8,8.4,Exotic Forest,,Ōpōtiki District
50539cdf-cb5b-4908-a550-68749948e78c,8.0,High Producing Exotic Grassland,,Whakatane District
50557ee4-9a7f-4c9c-a03f-6319c2e93ab4,10.0,Urban Parkland/Open Space,,Western Bay of Plenty District
5062477f-7212-4ce7-88b4-046e87b5379f,10.0,Exotic Forest,,Western Bay of Plenty District
506918a0-743e-4cad-94a3-550a6a4b20f9,10.0,High Producing Exotic Grassland,,Western Bay of Plenty District
506a6d33-710f-4810-a2a3-a7e8cbe9e02d,8.0,High Producing Exotic Grassland,,Whakatane District
5072d64e-42a3-4518-acc8-cc791708e74e,8.0,High Producing Exotic Grassland,,Whakatane District
50751a68-2704-4c64-a00b-ca17598e632e,10.0,High Producing Exotic Grassland,,Western Bay of Plenty District
50752a29-12f2-41cb-90f0-201876219027,10.0,High Producing Exotic Grassland,,Western Bay of Plenty District
5078897b-0606-45ac-b603-0f79cb565b10,10.0,High Producing Exotic Grassland,,Western Bay of Plenty District
50804e96-05ba-4205-a135-d0f09a37d7ba,10.0,High Producing Exotic Grassland,,Western Bay of Plenty District
508c7b8c-f981-4a68-94ff-89138de1f8c2,10.0,High Producing Exotic Grassland,,Western Bay of Plenty District
50a4fa89-3f8b-4e83-bc52-eb1687663062,10.0,Low Producing Grassland,,Ōpōtiki District
50a5865c-7e1e-4060-9b96-258cff14954c,10.0,Exotic Forest,,Western Bay of Plenty District
50b28067-f8e9-47cf-9c5c-2088c869c104,10.0,High Producing Exotic Grassland,,Western Bay of Plenty District
50b903db-56e9-4688-b4ab-cfc45794ba3f,10.0,High Producing Exotic Grassland,,Western Bay of Plenty District
50c55fda-a5f9-418f-a219-308c0d649175,10.0,High Producing Exotic Grassland,,Tauranga City
50c5fec7-9ace-4a31-915b-77163dff43bf,10.0,High Producing Exotic Grassland,Tauranga,Western Bay of Plenty District
50c7488e-dc51-4037-bee8-0e00703066b4,10.0,High Producing Exotic Grassland,,Western Bay of Plenty District
50cb89c1-d484-4415-ae74-2ed25aaaa790,8.0,Gravel and Rock,,Ōpōtiki District
50cd380e-fa6a-490b-b5a7-ab8134fc11cf,10.0,High Producing Exotic Grassland,,Western Bay of Plenty District
50e0a38e-cb8e-469b-aa94-fa98bdcfa613,8.0,High Producing Exotic Grassland,,Western Bay of Plenty District
50e1253d-70d5-45b2-a356-7e66d1ddc99f,8.0,High Producing Exotic Grassland,,Whakatane District
50e6cf64-3bee-4055-949f-9537a77ae195,10.0,Exotic Forest,Tauranga,Western Bay of Plenty District
50e89e24-06e7-4bc5-aa42-1f432d1ad256,10.0,High Producing Exotic Grassland,,Western Bay of Plenty District
50ec8376-2e4c-4c2f-9137-294bcc0332a9,10.0,High Producing Exotic Grassland,,Tauranga City
50f1b8bb-2bf0-43a6-8b39-c5effdc74cc9,10.0,High Producing Exotic Grassland,Katikati,Western Bay of Plenty District
50f34ee1-cbb8-4eb7-b09b-7187e684525e,8.0,High Producing Exotic Grassland,,Western Bay of Plenty District
50f3b561-2f1c-472c-a4ff-bfc015830a15,8.0,Broadleaved Indigenous Hardwoods,,Whakatane District
50f4f859-4ff4-4d69-9d55-7e322ffc3bed,10.0,High Producing Exotic Grassland,,Ōpōtiki District
510e9b2b-d269-475d-804c-035164f61134,8.0,High Producing Exotic Grassland,Pongakawa,Western Bay of Plenty District
51125573-7ba2-41fd-bd17-08cb3237eebd,10.0,High Producing Exotic Grassland,,Western Bay of Plenty District
51137def-8309-47d6-990e-2bc817a5ae09,8.0,High Producing Exotic Grassland,Pongakawa,Western Bay of Plenty District
5117d5bd-638c-4518-8f88-9d8d0765e68e,10.0,High Producing Exotic Grassland,,Western Bay of Plenty District
512106af-34b8-44f0-a230-31d22887ab98,9.6,Indigenous Forest,,Whakatane District
513ae554-c920-4bbb-badc-17932ab95a3d,10.0,High Producing Exotic Grassland,,Ōpōtiki District
51410cc8-8407-4520-ad31-4ef5be91e673,9.6,Low Producing Grassland,,Whakatane District
514c38fd-d786-4d57-828e-02c345629cad,10.0,High Producing Exotic Grassland,,Western Bay of Plenty District
515623bc-1798-45de-868d-6ec7ed0c28e1,8.0,Manuka and/or Kanuka,,Whakatane District
516bf76b-20be-42df-bbbb-0384f51c266a,10.0,High Producing Exotic Grassland,,Western Bay of Plenty District
5176630c-0d06-4ad8-a864-46e970d3d121,10.0,High Producing Exotic Grassland,,Western Bay of Plenty District
517933,9.6,Indigenous Forest,,Western Bay of Plenty District
518f04bc-b0fb-4c63-8436-961b7109a857,8.0,High Producing Exotic Grassland,Pongakawa,Western Bay of Plenty District
5192a405-14ff-49b4-9124-a410ba447471,8.0,Short-rotation Cropland,,Whakatane District
51aceaae-bc10-4aac-b2c1-e9750d09878b,8.0,High Producing Exotic Grassland,,Whakatane District
51b0c119-0d40-42ca-a336-badf763ea7d3,8.8,Broadleaved Indigenous Hardwoods,,Western Bay of Plenty District
51b0dd64-dc04-4e27-a341-37dad32feea5,9.6,Broadleaved Indigenous Hardwoods,,Whakatane District
51b10f41-8ea5-423f-9b02-47c53923ecb6,10.0,High Producing Exotic Grassland,,Western Bay of Plenty District
51b41bc2-0f8e-4c62-8379-83e93847cb8a,8.4,Short-rotation Cropland,,Ōpōtiki District
51b8c09b-e2ea-4113-a1ef-55e0648d8342,10.0,High Producing Exotic Grassland,,Western Bay of Plenty District
51c1cd5c-6860-4b3c-9d74-fe09d667e67c,8.0,High Producing Exotic Grassland,Te Puke,Western Bay of Plenty District
51c60cfa-bc54-4597-bb6d-73628e299417,8.4,High Producing Exotic Grassland,,Ōpōtiki District
51c6d37a-0179-4450-9558-796c07890c30,10.0,High Producing Exotic Grassland,Tauranga,Tauranga City
51cd1543-8c85-492c-88e3-4cc3bdb5c5d3,8.0,High Producing Exotic Grassland,,Whakatane District
51d8bb42-6a39-4f55-bf99-f507773e37c5,10.0,High Producing Exotic Grassland,,Western Bay of Plenty District
51d8e45e-2724-4e29-b626-a1abe863aac8,10.0,High Producing Exotic Grassland,,Western Bay of Plenty District
51da7dfb-9ca8-48fa-87b4-a7b9416b4ac3,8.4,Indigenous Forest,,Western Bay of Plenty District
51dd0acf-602e-4a50-9466-18d88799e013,10.0,High Producing Exotic Grassland,,Western Bay of Plenty District
51f9cf69-aa2e-46cb-8a00-76ea884348b2,10.0,High Producing Exotic Grassland,,Western Bay of Plenty District
5217f969-75e9-49eb-89b8-167cc21594a2,8.0,High Producing Exotic Grassland,,Whakatane District
5222ebc9-e046-47d2-8922-7c4e067a6b32,10.0,High Producing Exotic Grassland,,Western Bay of Plenty District
5224fa02-b85c-438d-bfdc-970b454696da,10.0,High Producing Exotic Grassland,,Western Bay of Plenty District
523c99e8-19d2-48f1-8bd4-ef27114ad00d,10.0,High Producing Exotic Grassland,,Ōpōtiki District
52416f47-3209-4929-86e4-11b6ad5bba16,10.0,High Producing Exotic Grassland,Tauranga,Western Bay of Plenty District
52438072-5530-4436-b70d-b4a5f65119d8,10.0,Indigenous Forest,,Ōpōtiki District
524a29db-4ffd-4828-b27b-03acea58300f,10.0,Built-up Area (settlement),Tauranga,Tauranga City
525425b6-6c89-4c5b-bbc2-70ff6b4c3f99,8.4,Indigenous Forest,,Ōpōtiki District
52542ed5-1077-42e1-a313-66fee7ded486,10.0,Indigenous Forest,,Ōpōtiki District
525c2437-3a53-4c4a-bdb8-5e3f2681eeaf,10.0,High Producing Exotic Grassland,Tauranga,Tauranga City
525ecc3d-0114-40f1-b21e-9a8a39d9e494,10.0,High Producing Exotic Grassland,,Western Bay of Plenty District
525f4048-7b0d-49e9-b245-f1e5777cc84b,10.0,High Producing Exotic Grassland,,Western Bay of Plenty District
5270bfc3-9d1b-4b48-b10a-67075989058f,10.0,High Producing Exotic Grassland,,Western Bay of Plenty District
52715698-ca09-41cb-a521-bf082696f4f0,10.0,High Producing Exotic Grassland,Tauranga,Western Bay of Plenty District
52753330-8b22-4769-bec8-6cdbe3fc499a,10.0,High Producing Exotic Grassland,,Western Bay of Plenty District
52761ac7-588f-46d6-824b-352e412f8e62,10.0,Indigenous Forest,Tauranga,Western Bay of Plenty District
52777f87-0b8b-4418-b8b3-8875f052777c,10.0,High Producing Exotic Grassland,,Western Bay of Plenty District
527ce39a-dc32-40bf-93a9-5cae78a40265,10.0,High Producing Exotic Grassland,,Western Bay of Plenty District
527d9fa0-c332-4232-a690-53f896135193,8.0,High Producing Exotic Grassland,Pongakawa,Western Bay of Plenty District
527e1847-736e-4c35-b1d7-f4eba2cdd71b,10.0,High Producing Exotic Grassland,Tauranga,Western Bay of Plenty District
52810e58-b0e2-4c10-b044-1e8b6419b12a,10.0,Broadleaved Indigenous Hardwoods,,Tauranga City
5285cfda-fdca-4436-8a16-cb6b3fc1b8c5,10.0,Broadleaved Indigenous Hardwoods,,Western Bay of Plenty District
5287e7df-dbed-4001-8cf8-c51dbe96adcc,10.0,Exotic Forest,,Western Bay of Plenty District
52900c6f-2670-4470-bda5-6ae043650c01,8.0,High Producing Exotic Grassland,,Western Bay of Plenty District
529354c2-f7cc-4451-8e4b-5789f4ea26c8,10.0,High Producing Exotic Grassland,,Ōpōtiki District
52956072-f6da-4672-9894-16ef0bf6e827,9.6,Broadleaved Indigenous Hardwoods,,Western Bay of Plenty District
52996178-79c2-4fec-939a-967be66b40e9,8.0,High Producing Exotic Grassland,Pongakawa,Western Bay of Plenty District
52a0f012-f5c3-41fe-9dfd-0be997b54363,8.0,High Producing Exotic Grassland,,Whakatane District
52a5a50c-9b8c-4c67-b2c8-72008d0a6509,8.0,High Producing Exotic Grassland,,Whakatane District
52a92c21-21bd-4a4b-8fbb-3442d6e850e5,8.0,High Producing Exotic Grassland,,Whakatane District
52aec789-f2d2-4939-a6b2-36e6e1cdf738,10.0,Built-up Area (settlement),Tauranga,Tauranga City
52b115ea-44e2-4b2d-9b2f-4bedba4532ad,8.0,Indigenous Forest,,Whakatane District
52b3813b-34e0-462a-bfc9-6ab445e8ad7c,10.0,Exotic Forest,,Western Bay of Plenty District
52ba4a28-d509-4e0f-8722-9b0521a930f5,8.0,High Producing Exotic Grassland,,Whakatane District
52cde312-2e2d-43f7-9765-46f47b8f69b1,8.0,High Producing Exotic Grassland,,Whakatane District
52d559bd-43ea-44ee-8c20-d7742db2677b,10.0,High Producing Exotic Grassland,,Western Bay of Plenty District
52df90f1-08a2-4ea8-99e0-c6a152d37389,8.0,High Producing Exotic Grassland,,Whakatane District
52e0e2d6-fe3c-4e4f-9d89-49ba08f41481,10.0,High Producing Exotic Grassland,,Whakatane District
52e4908f-3ee5-48e4-b19d-75a07e80bf67,10.0,Indigenous Forest,Tauranga,Western Bay of Plenty District
52f02fdb-dfcf-4cd6-b230-37b5eba8cf0f,9.6,Exotic Forest,,Western Bay of Plenty District
52f300a5-e602-439e-a6a1-f7c9aa69e129,8.4,High Producing Exotic Grassland,,Ōpōtiki District
52f48818-33d3-4f00-b911-b52c3d35c665,8.4,High Producing Exotic Grassland,,Ōpōtiki District
52f52878-d676-4804-87cf-f8194b66eb75,9.6,Exotic Forest,,Whakatane District
5302861e-d9c5-41b1-a55d-c212a2cd9696,8.0,High Producing Exotic Grassland,,Whakatane District
5308d610-e6ca-4452-9bdc-2495ef76a033,10.0,High Producing Exotic Grassland,Tauranga,Tauranga City
530a0c9f-53f0-48fa-bbcb-69635c47a6ce,8.0,High Producing Exotic Grassland,,Whakatane District
530a6a81-d119-4427-85f8-85758594657a,10.0,High Producing Exotic Grassland,Tauranga,Tauranga City
530dec9e-6f18-4a4c-abe7-e681d9eb89a1,10.0,High Producing Exotic Grassland,,Western Bay of Plenty District
5313fa8c-b9f5-4619-aaaa-5ecc2d256b6e,10.0,High Producing Exotic Grassland,,Western Bay of Plenty District
531cab3b-fbc1-49c0-a895-a6c980ca6969,8.0,High Producing Exotic Grassland,Te Puke,Western Bay of Plenty District
532bd33b-a3c0-43b2-8f46-e8503afbdb05,10.0,High Producing Exotic Grassland,,Western Bay of Plenty District
532c87fe-5da1-49fc-b981-d684b0ee0d3e,10.0,High Producing Exotic Grassland,,Western Bay of Plenty District
532c8c06-a016-4b67-8264-c2ed09a45a07,10.0,High Producing Exotic Grassland,,Western Bay of Plenty District
532f0e91-f7a6-4d44-bbf4-8acb2054fa00,8.0,High Producing Exotic Grassland,,Whakatane District
5333e0a8-44db-4715-8a0b-f86f0b52ed54,10.0,Urban Parkland/Open Space,Tauranga,Tauranga City
5341fd23-5e6c-40dc-afba-1a3a692819df,8.0,High Producing Exotic Grassland,,Whakatane District
535445d2-1ea9-40db-902e-57cc919536ef,10.0,High Producing Exotic Grassland,,Western Bay of Plenty District
53599ce2-0eaa-4bf8-b80d-d349ae614360,10.0,Exotic Forest,,Whakatane District
535f049f-3bbd-4e81-b2b2-36f55970ba8a,10.0,High Producing Exotic Grassland,Tauranga,Tauranga City
5361906f-71da-41ac-a76f-d00a213e21c3,10.0,High Producing Exotic Grassland,,Western Bay of Plenty District
5369a75b-cf34-4db2-8727-5bb1c61acbe8,10.0,High Producing Exotic Grassland,,Western Bay of Plenty District
536b5072-614f-41cd-bb3c-b41d5c14ebd3,10.0,Built-up Area (settlement),Tauranga,Tauranga City
536cf571-6c55-41bd-a7bf-a3035784215f,10.0,Deciduous Hardwoods,Tauranga,Tauranga City
5375f43b-17ac-4fff-b96e-711c3630a3f6,8.0,Built-up Area (settlement),Te Puke,Western Bay of Plenty District
537bc237-0594-42a6-8e2f-96ffcc71636c,10.0,High Producing Exotic Grassland,Tauranga,Western Bay of Plenty District
537d0822-ebf6-4eb1-a4fe-ed44ea53951b,8.4,Built-up Area (settlement),,Western Bay of Plenty District
5383b5c7-87fa-4203-8091-76ebadf05dcc,10.0,High Producing Exotic Grassland,Tauranga,Tauranga City
538769ac-c641-4e9e-a9d0-1e6e12847558,10.0,Exotic Forest,Tauranga,Western Bay of Plenty District
53893b32-beee-4401-96f1-58bd31a03cb5,9.6,High Producing Exotic Grassland,,Whakatane District
5396bee5-fcaa-4e03-9b11-0dc8e72236a0,8.4,High Producing Exotic Grassland,,Whakatane District
539759e7-2771-4a41-b73c-eac2dedd74c5,10.0,High Producing Exotic Grassland,,Ōpōtiki District
5397b4a9-37ba-497b-bf4f-40dea8f33c4c,10.0,High Producing Exotic Grassland,,Western Bay of Plenty District
539a07a2-b290-417b-ae54-b16da4ba88bf,10.0,High Producing Exotic Grassland,,Western Bay of Plenty District
539c8461-3ea2-4d99-b235-8b15008a3b5f,10.0,Indigenous Forest,,Ōpōtiki District
539cfc13-6005-44c3-b8ad-32fe28d3a61c,10.0,High Producing Exotic Grassland,,Western Bay of Plenty District
53a5378b-b4e9-4e7d-b812-b168ceee2ac7,10.0,High Producing Exotic Grassland,,Western Bay of Plenty District
53aa7594-421a-4455-9a4e-24416b478a21,8.0,Indigenous Forest,,Ōpōtiki District
53b52d4c-2cae-4bbb-91e7-a027f699dfb4,10.0,High Producing Exotic Grassland,,Western Bay of Plenty District
53c3e225-d570-4a8f-9119-1e16770a792c,8.4,High Producing Exotic Grassland,,Ōpōtiki District
53c6b620-4130-4f02-87b7-025a877e3b99,10.0,High Producing Exotic Grassland,,Ōpōtiki District
53d2b140-bf15-4d34-b899-3f5ea7567133,10.0,High Producing Exotic Grassland,Tauranga,Western Bay of Plenty District
53d4db93-8787-458a-8391-cd68656d60fa,10.0,High Producing Exotic Grassland,Tauranga,Tauranga City
53d6cd0d-1111-47b1-baaa-fbe815d8786d,8.0,High Producing Exotic Grassland,,Whakatane District
53e8c0ab-2013-465c-ad47-4594b85efa7e,10.0,High Producing Exotic Grassland,,Western Bay of Plenty District
53eaed10-c1cb-4f88-be29-74f459376617,10.0,High Producing Exotic Grassland,,Ōpōtiki District
53ec4839-a901-42d0-8c3a-fc57707f7f3c,10.0,High Producing Exotic Grassland,,Western Bay of Plenty District
53f6ec98-35d5-483c-8685-7594d6fb795b,10.0,High Producing Exotic Grassland,,Western Bay of Plenty District
53f754a2-db5a-4a3d-bde9-ed8e440e79b7,10.0,High Producing Exotic Grassland,,Western Bay of Plenty District
53fcbacd-5626-4ff9-9551-9dbf1f43c7a9,10.0,High Producing Exotic Grassland,,Western Bay of Plenty District
5415845d-0dce-4453-af2b-08a924e1947b,10.0,Built-up Area (settlement),,Western Bay of Plenty District
5416d787-3fe0-4335-b242-9cff655bce6d,8.0,Built-up Area (settlement),Te Puke,Western Bay of Plenty District
541df552-18b4-4961-9412-d7b7e1f28e8a,10.0,High Producing Exotic Grassland,,Western Bay of Plenty District
5421a93b-7f60-46c0-99a8-c201fc5ef338,8.0,High Producing Exotic Grassland,,Whakatane District
5422c0eb-436f-4eca-aa8d-b5501a944cdc,8.4,Exotic Forest,,Western Bay of Plenty District
5426b322-ae86-4fa7-aa69-3b0536908a4a,8.4,High Producing Exotic Grassland,,Ōpōtiki District
542e075a-4409-41d7-a1dc-a831d30e147c,8.0,High Producing Exotic Grassland,,Whakatane District
543130e9-5c88-4827-94f1-2e0adc7fe3fa,8.0,High Producing Exotic Grassland,,Western Bay of Plenty District
5432a650-e9d0-43ae-8407-2db295d9ea58,9.6,High Producing Exotic Grassland,,Western Bay of Plenty District
5442f49e-e5a0-4d3f-a710-5660ccdf3821,8.0,High Producing Exotic Grassland,,Whakatane District
544a9c1a-eecd-4919-a298-78d37457f757,10.0,High Producing Exotic Grassland,,Western Bay of Plenty District
545047e9-4ed4-46fe-812e-e641567a3c82,9.6,Indigenous Forest,,Western Bay of Plenty District
5455b4d2-9c6d-4741-8ad5-2150aa72a0a2,10.0,High Producing Exotic Grassland,Pongakawa,Western Bay of Plenty District
5462a4c7-2805-4c4a-a76e-1e4f24fbdc70,10.0,High Producing Exotic Grassland,,Ōpōtiki District
546d4cc5-ed7f-4cea-a49e-461bcbec53e8,8.0,High Producing Exotic Grassland,,Tauranga City
5471d90c-01da-4cd5-a052-1310fdc55d2e,10.0,High Producing Exotic Grassland,,Western Bay of Plenty District
54a63498-c0cf-48cd-9524-679fc51e469c,10.0,High Producing Exotic Grassland,,Western Bay of Plenty District
54ac7668-a58d-45f3-a6a0-d8b21577845e,8.4,High Producing Exotic Grassland,,Whakatane District
54ada78c-f07c-4e07-a6ee-4ef2d16675cd,10.0,Built-up Area (settlement),Tauranga,Tauranga City
54b5432d-5450-435a-8c97-e156ac43eda7,10.0,High Producing Exotic Grassland,,Western Bay of Plenty District
54b824db-81f5-4b20-86d9-632f37592226,10.0,Built-up Area (settlement),Tauranga,Tauranga City
54b845d6-e345-47e3-a303-48ebdc9df524,10.0,Deciduous Hardwoods,,Western Bay of Plenty District
54c139a1-ab51-4081-b611-2f46c6e453f1,10.0,High Producing Exotic Grassland,,Western Bay of Plenty District
54c3721c-a196-4b9d-b895-df8208f6cd33,10.0,High Producing Exotic Grassland,,Whakatane District
54c671aa-bfc0-4675-b130-235140e26106,10.0,High Producing Exotic Grassland,,Western Bay of Plenty District
54d0ea9f-7204-40be-890c-ba14e4d6fa12,10.0,High Producing Exotic Grassland,Tauranga,Western Bay of Plenty District
54e09071-81e0-493e-b460-20588ab878a0,8.0,High Producing Exotic Grassland,,Whakatane District
54e782d8-c560-4de6-ac05-080879fea3d7,10.0,High Producing Exotic Grassland,,Ōpōtiki District
54e83379-e0c4-4ee8-b59c-7daaa9bec8f2,10.0,High Producing Exotic Grassland,,Ōpōtiki District
54f0ecf8-c17a-48a4-902b-b9df0ab5961b,10.0,High Producing Exotic Grassland,,Western Bay of Plenty District
54f7dd05-dfea-4dd9-9506-62c9b26b7e31,8.0,High Producing Exotic Grassland,,Whakatane District
54f92873-e1a9-4e4b-af9d-16004f0abb58,8.0,High Producing Exotic Grassland,,Whakatane District
5505af79-d2eb-4f53-90f9-8d0e3561859a,10.0,High Producing Exotic Grassland,,Western Bay of Plenty District
5508a535-c7f1-4903-9a78-4c846721a3e7,8.0,Manuka and/or Kanuka,,Whakatane District
550c7bdd-709b-4547-adbc-62cb889c8065,8.8,Mangrove,,Western Bay of Plenty District
550f86e6-6488-4140-b1c7-d1c93e1140a2,8.4,High Producing Exotic Grassland,,Whakatane District
5515016d-cc5a-48a9-914b-983dfb5a2f91,8.0,Manuka and/or Kanuka,Pongakawa,Western Bay of Plenty District
55311fbc-b1c3-4e71-92ec-387b24beb79a,10.0,High Producing Exotic Grassland,,Western Bay of Plenty District
5531e68b-219a-40b9-984b-ad3a1ba10799,10.0,High Producing Exotic Grassland,,Western Bay of Plenty District
55356133-fc82-4382-8d6e-32c8bd8ba8a9,10.0,High Producing Exotic Grassland,Tauranga,Tauranga City
5544e86f-027f-41ba-81d1-d97fa894c19b,8.4,High Producing Exotic Grassland,,Whakatane District
5545b97f-6357-4583-81a6-5cd5ce9896f2,8.0,Indigenous Forest,,Ōpōtiki District
554b0772-3e83-4d8b-ab5a-d3ceb6934a2a,10.0,High Producing Exotic Grassland,,Western Bay of Plenty District
5552a7ac-70a8-4cca-b1aa-3c51aae0c72d,10.0,High Producing Exotic Grassland,,Western Bay of Plenty District
555cb68b-cc9f-4b70-ab6e-7405ede18c66,10.0,Indigenous Forest,,Western Bay of Plenty District
556d64f8-e77b-4830-8487-83e037c7cd60,10.0,Built-up Area (settlement),,Western Bay of Plenty District
55731dc6-9cf0-4917-83a0-507a87841599,8.0,High Producing Exotic Grassland,,Western Bay of Plenty District
55838dd7-8884-439d-b249-cab4604649ce,8.0,High Producing Exotic Grassland,,Whakatane District
558b5e89-ac3a-47eb-8383-a92c1b00b5e7,9.6,High Producing Exotic Grassland,,Western Bay of Plenty District
55989ba9-fafd-46ad-ae13-ea969e44c7c3,10.0,Deciduous Hardwoods,Katikati,Western Bay of Plenty District
55ab845e-39c4-4586-a328-0f6bda21aa5d,10.0,High Producing Exotic Grassland,,Ōpōtiki District
55acea06-36ef-4fd3-b84d-5bd6b99862d4,10.0,High Producing Exotic Grassland,,Western Bay of Plenty District
55af32d8-36ce-42d9-ae4b-50c4c0fdd2c6,10.0,High Producing Exotic Grassland,,Western Bay of Plenty District
55b78ddc-827a-4cee-810c-8bb211c9ddf6,10.0,High Producing Exotic Grassland,,Western Bay of Plenty District
55befe33-b8b5-4d1a-8bbc-cd3b282d43e4,8.0,High Producing Exotic Grassland,,Western Bay of Plenty District
55c5149d-18f0-475d-ae28-0dea2e87e4c2,10.0,High Producing Exotic Grassland,,Western Bay of Plenty District
55ca182a-22d0-46d8-8bdf-41cc4234d401,8.0,High Producing Exotic Grassland,Te Puke,Western Bay of Plenty District
55ce16db-06f1-4e22-9352-817982515bf4,9.6,High Producing Exotic Grassland,Tauranga,Tauranga City
55cf1f33-6b8c-40eb-a41c-289bf49c7828,10.0,High Producing Exotic Grassland,,Western Bay of Plenty District
55d91023-b278-4df9-ad09-5bbfd9ae4e7d,10.0,Forest - Harvested,,Ōpōtiki District
55e5af23-49ec-49c2-a876-c08d13c69209,10.0,High Producing Exotic Grassland,,Western Bay of Plenty District
55ee3103-667e-40d5-b9e1-dd6b8f59d8d6,10.0,High Producing Exotic Grassland,Tauranga,Western Bay of Plenty District
55ff0e03-379c-49aa-848c-ad88f492eab4,10.0,High Producing Exotic Grassland,,Western Bay of Plenty District
560ee918-3d21-4624-bdf2-90dc8602e340,10.0,High Producing Exotic Grassland,Tauranga,Tauranga City
560fbd5a-0804-4e39-a1cf-a157bbf545f8,10.0,High Producing Exotic Grassland,Tauranga,Western Bay of Plenty District
56162386-b991-414f-851f-083364e3799a,10.0,High Producing Exotic Grassland,,Ōpōtiki District
56178386-aa5b-446d-a61b-e7a519ff0892,8.0,High Producing Exotic Grassland,,Whakatane District
561e171d-c687-4348-8b5f-752ad16c0100,10.0,High Producing Exotic Grassland,,Western Bay of Plenty District
56204136-60e0-475e-ab39-94c654fca556,10.0,High Producing Exotic Grassland,Tauranga,Tauranga City
5621d9fd-cfb0-4e83-93fb-ac2d936964f9,10.0,High Producing Exotic Grassland,,Ōpōtiki District
5632fa7b-61df-4f29-a625-9c30bbbc37b9,8.0,Indigenous Forest,,Whakatane District
5634c619-dbd2-4331-9f21-a02a43093aaf,10.0,High Producing Exotic Grassland,Tauranga,Western Bay of Plenty District
563cbdd7-8754-4226-83de-0bbecfd6a9b0,10.0,High Producing Exotic Grassland,Tauranga,Western Bay of Plenty District
564be9d4-873d-4dce-a8fc-63797b548bd5,8.0,Exotic Forest,,Western Bay of Plenty District
564d5149-1205-4548-bd57-8bec702436c5,8.4,High Producing Exotic Grassland,,Ōpōtiki District
565161eb-0f18-4483-ba8f-f1b81bbb550a,10.0,High Producing Exotic Grassland,,Western Bay of Plenty District
5671e117-d10d-419b-a01d-896d7512b201,10.0,High Producing Exotic Grassland,,Western Bay of Plenty District
567a7105-37e9-4524-acee-cf33e67b184b,10.0,High Producing Exotic Grassland,,Ōpōtiki District
567c1a8b-1166-401c-97dc-5515550397aa,10.0,High Producing Exotic Grassland,,Western Bay of Plenty District
567de197-3759-4cd4-8c50-fd1424902847,8.0,Indigenous Forest,,Whakatane District
56880434-f328-4036-80c2-6342e32bad62,8.4,High Producing Exotic Grassland,,Whakatane District
568957ed-21fe-4191-8f7e-c262ef86ef41,10.0,Low Producing Grassland,,Western Bay of Plenty District
56920d26-0346-470a-bb9b-4050b7a1a6d6,10.0,Exotic Forest,,Western Bay of Plenty District
569421ba-a269-4474-97c8-f2ea063a816b,8.0,Low Producing Grassland,,Whakatane District
5694ee38-a8ee-4a27-ba78-8e8d5026c01a,8.8,Indigenous Forest,,Western Bay of Plenty District
56961286-4c27-4c32-aa81-2b3d97126676,10.0,High Producing Exotic Grassland,,Western Bay of Plenty District
569de2bc-df0e-4e47-b308-aaa13fd10367,10.0,High Producing Exotic Grassland,,Western Bay of Plenty District
56a017da-01c5-4f47-bdb4-38d279b29ebc,10.0,High Producing Exotic Grassland,,Ōpōtiki District
56aa6b1c-3449-4cf4-af02-57eb473a3457,10.0,High Producing Exotic Grassland,,Western Bay of Plenty District
56acf099-30c9-4655-b681-e63f830d6639,8.0,Urban Parkland/Open Space,Te Puke,Western Bay of Plenty District
56ae56c5-7ae2-41ee-a5b6-d127affb27c5,10.0,High Producing Exotic Grassland,,Western Bay of Plenty District
56b23388-b4e9-48d6-b6bf-10e3869c5798,10.0,High Producing Exotic Grassland,,Western Bay of Plenty District
56b8be96-9e3b-427c-9737-a7ff5143a363,8.0,High Producing Exotic Grassland,,Whakatane District
56c084ef-5885-4d09-b043-b751788f2482,10.0,High Producing Exotic Grassland,,Tauranga City
56cf1fb7-29e7-410f-8e2b-51c1f034eb67,8.0,Forest - Harvested,,Western Bay of Plenty District
56e1c47f-ce63-4048-a9ac-68029cadc5a3,10.0,High Producing Exotic Grassland,,Tauranga City
56e5f391-6f06-4d2f-96d4-b143c80ed553,10.0,Exotic Forest,,Western Bay of Plenty District
56e724fa-2a8e-4e47-882a-ff7113ae11f6,10.0,High Producing Exotic Grassland,,Western Bay of Plenty District
56f677d7-b463-4eaa-bedf-9cab90ea9cf0,10.0,High Producing Exotic Grassland,,Western Bay of Plenty District
56fba0a1-d429-4511-bca4-f5dd8a34d2cb,8.0,Short-rotation Cropland,,Whakatane District
56fc44b6-4f08-42ea-81e7-3e240645860a,10.0,High Producing Exotic Grassland,,Western Bay of Plenty District
570510b4-836d-42c3-bcf3-828b7867339c,10.0,High Producing Exotic Grassland,,Ōpōtiki District
5706a4a3-60cd-40c9-afbd-d3e23d03bfff,10.0,Indigenous Forest,,Whakatane District
5709be68-e983-47ad-b38f-74daf15ef0b8,8.0,Indigenous Forest,Te Puke,Western Bay of Plenty District
570ea859-5926-450d-8dad-f7d7bd24aef6,8.0,High Producing Exotic Grassland,,Whakatane District
571e8498-ddc0-47bb-910a-d91050fa5a79,10.0,Exotic Forest,,Western Bay of Plenty District
57200d5b-5334-42de-bcf2-a87c632409b0,10.0,Low Producing Grassland,,Western Bay of Plenty District
5720600f-4acd-4495-9bc1-c11e391993e1,8.0,High Producing Exotic Grassland,,Western Bay of Plenty District
572de36e-adfd-4348-83fa-098616efa209,8.0,Indigenous Forest,,Whakatane District
572eb2f6-aefd-4f44-8f88-a5b103b20395,8.0,High Producing Exotic Grassland,,Whakatane District
5736b816-3659-4b57-b51f-4dc9e6f11e56,8.0,High Producing Exotic Grassland,,Whakatane District
5742f539-f2ee-4515-a39c-f039e5a2ce7f,10.0,High Producing Exotic Grassland,Tauranga,Western Bay of Plenty District
57492bd6-02ca-49c0-9d91-1822381b51b5,10.0,High Producing Exotic Grassland,,Western Bay of Plenty District
576fa640-de09-4e56-9fe2-880ec43647d8,10.0,Deciduous Hardwoods,Te Puke,Western Bay of Plenty District
5774f906-dc59-446f-a2c8-faefc0a32ecb,10.0,High Producing Exotic Grassland,,Western Bay of Plenty District
577a3974-c6c4-42a3-a4ee-3413f006cb40,8.0,High Producing Exotic Grassland,,Western Bay of Plenty District
577d1cff-9526-42cb-b155-78e7a5826d25,10.0,Built-up Area (settlement),,Western Bay of Plenty District
578a00da-d1d2-4851-a82d-3b3a76874d4f,8.0,High Producing Exotic Grassland,,Whakatane District
57949b28-2b38-46d8-8abe-b85d67c801ea,8.0,High Producing Exotic Grassland,,Western Bay of Plenty District
57957ae7-2968-4c96-baf3-24f4cec0646c,10.0,High Producing Exotic Grassland,,Western Bay of Plenty District
57963a95-c14a-4927-aa82-8a699801026a,10.0,High Producing Exotic Grassland,,Western Bay of Plenty District
57992937-d914-4f50-a8fc-65035c440056,10.0,High Producing Exotic Grassland,,Western Bay of Plenty District
579ab292-42ba-4cf5-8741-389dc32545bd,8.8,High Producing Exotic Grassland,,Western Bay of Plenty District
57a9579d-cb32-4102-8169-6a40bc29250e,8.0,High Producing Exotic Grassland,,Whakatane District
57ae1979-9eb6-4bfd-80da-5381bd2ff2a2,10.0,High Producing Exotic Grassland,,Ōpōtiki District
57ae2acc-e2f1-4f86-ac23-32a7ea55695f,10.0,Indigenous Forest,,Western Bay of Plenty District
57b10357-166d-45b7-a56b-6c5b02e6c4a9,8.8,High Producing Exotic Grassland,,Western Bay of Plenty District
57beb329-72d9-4b3b-a4ad-91fbe52f5ff5,8.8,High Producing Exotic Grassland,,Western Bay of Plenty District
57c23003-9419-4cb6-a7ac-1767f500e506,8.0,Exotic Forest,,Whakatane District
57c54273-e850-47a2-a07f-e879d5937b93,10.0,Indigenous Forest,,Ōpōtiki District
57d5b775-e827-4ae2-8452-aaa28779b79d,10.0,High Producing Exotic Grassland,,Western Bay of Plenty District
57dcb67c-51d5-492f-8c63-3d93e5299ee3,8.8,High Producing Exotic Grassland,,Western Bay of Plenty District
57df11f5-ef86-4ab8-a46f-f59b011a850a,10.0,High Producing Exotic Grassland,,Tauranga City
57e95e0d-3e49-4f45-b389-496d8190c795,10.0,High Producing Exotic Grassland,,Western Bay of Plenty District
57f95697-7409-47f7-9a32-4c58b84cbf65,10.0,Urban Parkland/Open Space,Tauranga,Tauranga City
57ff7d6e-0fd1-4b8d-8aa9-7783aa9774db,8.4,Short-rotation Cropland,,Whakatane District
5800290e-ae69-4d89-adcc-edcbbb8f8b59,8.0,Short-rotation Cropland,,Whakatane District
5807699e-dfa0-4438-becd-c5d75a50cb12,8.0,Broadleaved Indigenous Hardwoods,Te Puke,Western Bay of Plenty District
5809bcdf-bc13-44a7-81d1-c2ff595f4aff,8.8,High Producing Exotic Grassland,,Western Bay of Plenty District
580aedee-d0e7-42ba-bb84-6236b61a22d2,10.0,High Producing Exotic Grassland,,Western Bay of Plenty District
581418d1-d258-445e-bbe2-a1de37cba29a,8.4,Short-rotation Cropland,,Whakatane District
5817cf1a-be8d-4c7d-aeae-00fa347a353b,8.0,High Producing Exotic Grassland,,Whakatane District
582480b5-d2f1-40e6-91d3-dbdf7daba9b3,8.0,High Producing Exotic Grassland,,Whakatane District
582b030e-36bf-442f-a373-eab901de2eb8,10.0,Built-up Area (settlement),,Western Bay of Plenty District
582fd2dc-4fe8-4090-bf08-2453cefb407b,8.0,High Producing Exotic Grassland,,Whakatane District
583307,8.0,Exotic Forest,,Whakatane District
583bf1b8-6d6e-49e4-8c53-aecce9981ff9,8.0,High Producing Exotic Grassland,,Ōpōtiki District
583f19a1-3ddf-473c-a047-332b2a99a434,10.0,High Producing Exotic Grassland,,Western Bay of Plenty District
5846017e-8741-4c6d-a895-0b23864684fc,8.0,High Producing Exotic Grassland,,Whakatane District
5847bc84-57c6-40ac-912e-c6e66d325217,8.0,Exotic Forest,,Whakatane District
5854045e-2471-4bc2-9b95-b1ca35ddcc4d,8.4,Built-up Area (settlement),Opotiki,Ōpōtiki District
586137e6-ec22-4cf0-ab08-56d2aedc4c93,8.0,High Producing Exotic Grassland,Pongakawa,Western Bay of Plenty District
58627f03-c3ba-4c69-82e8-a5cf33cb4d46,8.0,High Producing Exotic Grassland,Pongakawa,Western Bay of Plenty District
586be560-23f1-483b-b287-8b0f1555bf5e,9.6,Indigenous Forest,,Western Bay of Plenty District
586cb0a0-28ae-4a03-b130-ebca52f16542,10.0,High Producing Exotic Grassland,,Western Bay of Plenty District
586d3d3e-6d65-4bce-8f8a-8da42aeca6bb,10.0,High Producing Exotic Grassland,,Ōpōtiki District
5874b9bf-d381-42b2-be21-fc5236a8cae5,8.4,High Producing Exotic Grassland,,Ōpōtiki District
587e8f19-846c-416f-884c-65ff56972564,10.0,High Producing Exotic Grassland,,Western Bay of Plenty District
5881a3ee-5e52-4fcb-9fb0-2d5d51819a0c,10.0,Broadleaved Indigenous Hardwoods,,Western Bay of Plenty District
58898f30-64f5-426a-b605-49258d941e77,10.0,High Producing Exotic Grassland,,Western Bay of Plenty District
5891a64a-376c-4de7-aae5-4b6cb6be1836,9.6,High Producing Exotic Grassland,,Western Bay of Plenty District
5895dc1a-c632-4743-88b2-0812cb8ea3fc,10.0,High Producing Exotic Grassland,Tauranga,Tauranga City
589bce57-f2c4-4cc9-9059-a508da3d06d5,10.0,Indigenous Forest,,Western Bay of Plenty District
589ebf7c-bb5e-4ff7-9331-c8577fc21d1e,8.0,High Producing Exotic Grassland,,Western Bay of Plenty District
58a8e796-c713-4d50-bc70-0782d0440bc8,10.0,Urban Parkland/Open Space,Tauranga,Tauranga City
58a9aee0-2e5d-48a4-b8f9-5b053aa317b6,9.6,Indigenous Forest,Tauranga,Western Bay of Plenty District
58b2f97d-9e68-47a8-bc5f-4f70ae2f793c,8.0,High Producing Exotic Grassland,,Whakatane District
58b595cc-2609-4d40-9608-aac62762c490,10.0,High Producing Exotic Grassland,,Western Bay of Plenty District
58bc43be-92ca-402e-b323-995cd813f048,10.0,High Producing Exotic Grassland,Tauranga,Western Bay of Plenty District
58c02d34-51c8-4013-a635-ffa81abe4652,10.0,High Producing Exotic Grassland,,Ōpōtiki District
58c3ca44-eff2-46a4-8ca6-2796ccfbdb36,10.0,High Producing Exotic Grassland,,Western Bay of Plenty District
58c42666-1cb2-4cab-9c10-146ca1120ed3,10.0,High Producing Exotic Grassland,Tauranga,Western Bay of Plenty District
58e0321c-1455-493a-b464-801f143577c3,8.8,High Producing Exotic Grassland,,Western Bay of Plenty District
58ef43c5-5d06-4596-9561-87fcb293e75e,8.0,High Producing Exotic Grassland,,Whakatane District
5916912d-6adc-4bd0-ab15-33d7a1f853f1,10.0,High Producing Exotic Grassland,,Western Bay of Plenty District
59305bdc-9c0b-49aa-8ef7-186d85d41534,10.0,High Producing Exotic Grassland,,Western Bay of Plenty District
5940d678-d0ab-43c9-ac29-d7047da1ac2c,8.0,High Producing Exotic Grassland,,Western Bay of Plenty District
5947f419-00c7-4026-bcc8-6a5a36e9c04c,8.0,High Producing Exotic Grassland,,Ōpōtiki District
594e24aa-fa1e-4304-a248-f214e8699a01,10.0,Indigenous Forest,,Ōpōtiki District
5952df57-073d-424a-8593-816c3d1ed889,10.0,High Producing Exotic Grassland,Tauranga,Tauranga City
5958cc64-96be-4dc5-bb3e-23c5c2272ab7,8.4,Short-rotation Cropland,,Whakatane District
595cf2ce-233f-40ca-a862-8ccf7136c6e7,10.0,High Producing Exotic Grassland,,Ōpōtiki District
595d0f4e-7eb5-4e3f-aeb7-451fada93f14,10.0,Built-up Area (settlement),,Tauranga City
595e8fb6-f0dd-414a-bf53-ce5e51748975,8.0,Exotic Forest,,Western Bay of Plenty District
5963d2a5-3ee2-4328-a201-e28756fd5d53,8.4,Exotic Forest,,Ōpōtiki District
596881b6-ae18-4cb9-bf1f-d22afd1a0e55,10.0,High Producing Exotic Grassland,,Western Bay of Plenty District
596aeb35-667e-4ba0-9688-beb21da335bb,10.0,High Producing Exotic Grassland,,Western Bay of Plenty District
596c1dcc-7b2c-45fe-ae7c-99967afc5dc4,8.0,Exotic Forest,,Western Bay of Plenty District
598034ae-2e4d-4d65-833f-28810d7cd628,10.0,High Producing Exotic Grassland,,Western Bay of Plenty District
598a0b05-b376-4e4e-91a7-42af519e77ca,9.6,Broadleaved Indigenous Hardwoods,,Western Bay of Plenty District
5995487f-f022-489b-87ea-ad2916958070,8.0,High Producing Exotic Grassland,Pongakawa,Western Bay of Plenty District
5999530e-576c-4dda-bc7e-3d2e28903dcf,8.4,Short-rotation Cropland,,Ōpōtiki District
59abcdf2-dd04-40be-b40e-daefe75909a0,10.0,High Producing Exotic Grassland,,Western Bay of Plenty District
59b3b46b-0c47-4350-927e-11cff41a4325,10.0,High Producing Exotic Grassland,,Western Bay of Plenty District
59c84a46-965e-4d9d-a48f-5a16fa2d75b9,8.0,High Producing Exotic Grassland,,Whakatane District
59d23ae0-f485-4321-aca2-fa3638e5174f,8.0,High Producing Exotic Grassland,,Whakatane District
59d2b799-e6c3-4daa-a626-181932ff6357,8.4,High Producing Exotic Grassland,,Whakatane District
59d4411c-c88c-49cb-92dc-b9e3b5edec80,8.0,Exotic Forest,,Whakatane District
59d71585-7a96-46b6-9dd9-5c76316b59b4,10.0,High Producing Exotic Grassland,,Tauranga City
59dbd7d4-98b4-4914-bd34-f33efc7e8a36,10.0,High Producing Exotic Grassland,,Western Bay of Plenty District
59dc67b9-1e21-4978-b625-0f32bd9bc56e,10.0,High Producing Exotic Grassland,,Whakatane District
59dfb3c3-6cdc-4ff4-a1a8-f365f40811e5,9.6,Indigenous Forest,,Western Bay of Plenty District
59e626e4-da5b-43f1-94e6-6e66d8669f15,8.0,Indigenous Forest,,Whakatane District
59eb739f-eb23-4342-a287-f898847f33c8,10.0,Indigenous Forest,,Ōpōtiki District
59f5c33d-0d3f-4b60-b22e-8a98b97f58ef,10.0,High Producing Exotic Grassland,,Western Bay of Plenty District
59fd7035-fb5a-44b4-8b34-e060dc355638,10.0,High Producing Exotic Grassland,Opotiki,Ōpōtiki District
5a011e49-93d8-4229-883b-c1a1fcdafa56,10.0,High Producing Exotic Grassland,,Whakatane District
5a06864c-d8da-463e-9553-525b0e604cca,10.0,High Producing Exotic Grassland,,Western Bay of Plenty District
5a0999c6-d7cc-4eda-b74f-1fdcacefc239,8.4,High Producing Exotic Grassland,,Ōpōtiki District
5a0be2e2-61f0-4560-8094-6dc64ecba820,8.0,High Producing Exotic Grassland,,Whakatane District
5a1aa491-2284-44a4-a8df-32562290c8ea,10.0,High Producing Exotic Grassland,,Western Bay of Plenty District
5a23d20f-6adb-44e1-ad45-8471888d2830,10.0,High Producing Exotic Grassland,,Western Bay of Plenty District
5a2d2546-c544-45fb-b7c4-58e48f033f20,10.0,High Producing Exotic Grassland,,Ōpōtiki District
5a3f26e8-2a36-40d1-9059-4d3649c90458,10.0,Indigenous Forest,,Western Bay of Plenty District
5a43c722-8c75-496d-92a4-fb475e3d8c07,8.0,Exotic Forest,Pongakawa,Western Bay of Plenty District
5a4a600a-a82a-4a48-af45-2041814b3600,10.0,High Producing Exotic Grassland,Tauranga,Tauranga City
5a4da369-fc66-4923-ae91-c55e4738712b,10.0,High Producing Exotic Grassland,,Western Bay of Plenty District
5a5453aa-5bf5-42f3-bd06-fac8353d2d87,8.0,Low Producing Grassland,,Western Bay of Plenty District
5a58b762-b9f6-4831-b5ac-52210d98c4ad,10.0,Indigenous Forest,,Western Bay of Plenty District
5a5a9717-5cfb-4952-8623-3561c39bb667,10.0,High Producing Exotic Grassland,,Tauranga City
5a5abfcc-7dec-43c3-89c4-bd4ab7f9c12b,10.0,High Producing Exotic Grassland,,Western Bay of Plenty District
5a621eba-f53a-4293-b5ca-2dd69f42059c,8.8,Indigenous Forest,,Western Bay of Plenty District
5a657d61-acc9-4c09-ba6b-e61ded1fd904,10.0,High Producing Exotic Grassland,,Western Bay of Plenty District
5a65f9d2-bf6e-4eb8-97df-b43c3b22a7a7,9.6,Indigenous Forest,,Western Bay of Plenty District
5a662987-ee1a-43a9-95f5-6aef2ae4424e,10.0,High Producing Exotic Grassland,Tauranga,Western Bay of Plenty District
5a7343d6-56e3-4f06-b2a7-772d6c9ee7ee,10.0,High Producing Exotic Grassland,,Western Bay of Plenty District
5a768483-5b76-460a-a7a4-99b0e6783b07,8.4,High Producing Exotic Grassland,,Ōpōtiki District
5a7ad17a-1876-45e4-a91b-8f8f5094c5ef,10.0,High Producing Exotic Grassland,,Western Bay of Plenty District
5a9013c0-8f69-448a-acd4-08b1d6eb0ef8,8.0,High Producing Exotic Grassland,,Whakatane District
5a93437a-4c25-45ba-b483-c376911a476d,8.4,Built-up Area (settlement),,Whakatane District
5a9f6384-3e1e-49ac-a177-105c4bbca70e,8.4,High Producing Exotic Grassland,,Whakatane District
5aa2da26-38f9-490d-8e65-79ed75b26836,10.0,Indigenous Forest,Tauranga,Western Bay of Plenty District
5aa90698-bd9d-4c42-845f-96c1f3be1e06,8.8,High Producing Exotic Grassland,,Western Bay of Plenty District
5aaf3c1f-dd7f-4e8b-8bc8-98076f21c07a,8.0,Indigenous Forest,,Western Bay of Plenty District
5ab58f78-d472-48cc-a73b-0b3f7716afab,8.0,Exotic Forest,,Whakatane District
5acf9d0d-89a9-4ee2-8036-aa837de0cb77,8.8,Indigenous Forest,,Western Bay of Plenty District
5ad80aa5-679d-4972-9e56-55e994536167,10.0,High Producing Exotic Grassland,,Western Bay of Plenty District
5ad9c311-0251-4636-a733-408079e049f4,10.0,Indigenous Forest,Tauranga,Western Bay of Plenty District
5adc4a19-a8e6-4921-be54-f186cc71a88e,10.0,High Producing Exotic Grassland,,Western Bay of Plenty District
5add373b-4658-4ae2-a2e4-8ba0ca00c661,10.0,High Producing Exotic Grassland,Tauranga,Tauranga City
5adea63a-8b31-417f-984b-60d890d1c333,8.0,High Producing Exotic Grassland,,Whakatane District
5ae03f3a-29bf-4ff4-a3dc-a05ebf3dff83,10.0,Deciduous Hardwoods,,Western Bay of Plenty District
5ae45e48-d9cf-4061-b2f6-c65bee79c852,10.0,Built-up Area (settlement),,Western Bay of Plenty District
5af0b549-1b6f-4876-93b4-63068babce10,10.0,Indigenous Forest,Te Puke,Western Bay of Plenty District
5af9736e-3b61-4a9c-9cc4-a4548ed2de1f,8.8,High Producing Exotic Grassland,,Western Bay of Plenty District
5afb38d6-b0dc-4e63-a2cf-23bacc923c0f,10.0,High Producing Exotic Grassland,,Ōpōtiki District
5b021c90-e1b2-4e77-b26e-66c4bac139ec,8.4,High Producing Exotic Grassland,,Ōpōtiki District
5b028eb6-004f-47fe-9932-1bba846fc8af,9.6,Manuka and/or Kanuka,,Whakatane District
5b0ac5d1-4ec2-438a-bfa5-5b227fb1981b,8.0,Short-rotation Cropland,,Whakatane District
5b0b6dc3-4425-4cb3-82d7-a0b78e1e73a1,10.0,Exotic Forest,,Ōpōtiki District
5b1754cc-4413-4a15-abc0-03c9063715c7,10.0,High Producing Exotic Grassland,,Whakatane District
5b28e0c2-29a5-4758-b40a-24ac0ee1dec3,8.0,Exotic Forest,,Western Bay of Plenty District
5b33d52d-2e6c-40bf-aab7-ed37d23fceb3,10.0,Broadleaved Indigenous Hardwoods,,Western Bay of Plenty District
5b3f4ba7-fae1-4169-97f8-8f63f0fe79cc,10.0,High Producing Exotic Grassland,,Western Bay of Plenty District
5b413da6-cad7-4061-a958-6b8ae20d55ad,10.0,High Producing Exotic Grassland,Tauranga,Western Bay of Plenty District
5b48bfa5-54cd-475f-b413-8214aef02c11,10.0,Built-up Area (settlement),,Western Bay of Plenty District
5b496c67-f6f7-40b4-a6af-9d3170893ae5,10.0,Indigenous Forest,,Whakatane District
5b4fff8d-b165-475f-be6a-ad58dd02eec0,10.0,High Producing Exotic Grassland,,Western Bay of Plenty District
5b513ada-6984-45ab-9f44-6857cf181594,8.0,High Producing Exotic Grassland,Pongakawa,Western Bay of Plenty District
5b5c2792-a49e-45b6-b944-d7f03abb5c01,8.4,High Producing Exotic Grassland,,Ōpōtiki District
5b5dcc74-3587-4651-9a35-84ffdd5b7845,10.0,High Producing Exotic Grassland,,Whakatane District
5b5f12bf-a8ce-4bc8-b596-ad7824b6f915,10.0,Indigenous Forest,,Western Bay of Plenty District
5b5fa544-7adb-47ef-bfd7-cfb76c1d55cc,10.0,High Producing Exotic Grassland,,Western Bay of Plenty District
5b5fe0c6-2125-4d7b-afe8-fa62fe5ddeb1,8.0,High Producing Exotic Grassland,,Whakatane District
5b73a5bb-32a6-40ba-8781-028f939cf4a6,10.0,High Producing Exotic Grassland,,Western Bay of Plenty District
5b80bcdb-24d8-4bd4-a363-79355de124bf,10.0,High Producing Exotic Grassland,,Western Bay of Plenty District
5b9aa690-1342-465a-9516-1dea960b7184,10.0,High Producing Exotic Grassland,,Western Bay of Plenty District
5b9b2ca5-78af-43a9-b2c9-57aaf167799f,10.0,Indigenous Forest,,Whakatane District
5b9e15d4-1df1-45d4-856d-ac31f807c5af,10.0,Exotic Forest,,Western Bay of Plenty District
5b9fc082-88ec-4702-9857-1234d0780b44,10.0,High Producing Exotic Grassland,,Western Bay of Plenty District
5ba769f7-c427-465f-8222-2f62ba57b1f8,10.0,Manuka and/or Kanuka,Tauranga,Western Bay of Plenty District
5ba83392-02bb-4597-b5d0-1f2d2ddc4eba,8.0,Built-up Area (settlement),Tauranga,Tauranga City
5baa3e48-acf6-4fd3-a200-8c8903de794d,10.0,High Producing Exotic Grassland,Tauranga,Tauranga City
5bb7b233-05ba-42e8-a996-70ccd4cea60c,10.0,High Producing Exotic Grassland,,Whakatane District
5bc4d8b0-b34a-4be3-86ac-29b48278e3ab,10.0,High Producing Exotic Grassland,,Western Bay of Plenty District
5bc5ef60-fdb4-487b-96cb-70f87be85faf,10.0,Indigenous Forest,,Western Bay of Plenty District
5bc96078-1e7b-405e-9bb5-d2aa1fcd8aa6,8.0,High Producing Exotic Grassland,Pongakawa,Western Bay of Plenty District
5bd3d569-4569-4fb0-bb7e-5bfb41bc251e,10.0,High Producing Exotic Grassland,Tauranga,Tauranga City
5bd3f372-4cfb-4826-847f-e75e39a69778,8.4,High Producing Exotic Grassland,,Whakatane District
5bd49f1a-f125-451e-b7b2-3df1c1925dfe,10.0,Indigenous Forest,,Western Bay of Plenty District
5bdde5f7-968b-4c94-9bce-ad2d61d7d769,10.0,High Producing Exotic Grassland,Te Puke,Western Bay of Plenty District
5bfe528d-72f8-4411-8765-2088435dcae9,10.0,Short-rotation Cropland,Tauranga,Western Bay of Plenty District
5c201138-9d58-4172-9baa-2efc3a45004c,10.0,High Producing Exotic Grassland,,Western Bay of Plenty District
5c2d0f7a-c0ad-49e5-b41a-323b1238aff5,9.6,Urban Parkland/Open Space,Tauranga,Tauranga City
5c30260e-99f6-4d86-9e31-52ed90b62cea,10.0,High Producing Exotic Grassland,,Western Bay of Plenty District
5c3280e0-0a1c-49fc-8468-cf9172464219,9.6,High Producing Exotic Grassland,Tauranga,Western Bay of Plenty District
5c36d90b-9382-4ccb-93de-0e9d951d3959,10.0,High Producing Exotic Grassland,,Ōpōtiki District
5c3b936a-3206-42ea-acf3-d1e369d2efa0,10.0,High Producing Exotic Grassland,Tauranga,Western Bay of Plenty District
5c41df49-6bdd-43e9-91da-26960f47ae8d,10.0,High Producing Exotic Grassland,,Western Bay of Plenty District
5c43be8e-6eac-48fb-b3ed-69207137f7d2,10.0,Indigenous Forest,,Western Bay of Plenty District
5c4d6b7e-4815-4bce-88a1-18c6d7e43178,10.0,Exotic Forest,Tauranga,Tauranga City
5c525584-f6d9-43f3-add7-38d2903658d5,10.0,High Producing Exotic Grassland,,Whakatane District
5c5fd23e-584a-4506-aea5-eb1af454486c,10.0,High Producing Exotic Grassland,,Western Bay of Plenty District
5c6fe359-ec16-404a-b385-38081dddfd3d,8.4,Sand and Gravel,,Ōpōtiki District
5c741eff-74e0-41f2-9e58-d07c9ec39b9a,10.0,High Producing Exotic Grassland,,Western Bay of Plenty District
5c77e454-814d-4fe3-87e9-430580fb3a4c,8.0,High Producing Exotic Grassland,Pongakawa,Western Bay of Plenty District
5c8a84bd-5b43-4745-872e-d859611794ca,10.0,High Producing Exotic Grassland,,Western Bay of Plenty District
5c9ddfa8-3681-4541-9098-ce1801369d8e,10.0,High Producing Exotic Grassland,,Western Bay of Plenty District
5c9f9e54-6627-4d91-a7d7-63331757fa3e,9.6,Indigenous Forest,Tauranga,Western Bay of Plenty District
5ca6516e-2162-43d1-8170-590fb499113b,8.4,High Producing Exotic Grassland,,Ōpōtiki District
5ca6e7c5-1b0b-4510-803e-0ed39636d149,8.0,High Producing Exotic Grassland,,Western Bay of Plenty District
5cb24e9f-9b5d-4f19-bf6c-cf6bd3d4427e,8.0,Exotic Forest,,Western Bay of Plenty District
5cb56c77-6ad2-44a1-9c3a-e0d014c1d18c,10.0,High Producing Exotic Grassland,,Western Bay of Plenty District
5cc5bf74-a313-4a13-8ecb-13afd32eff83,10.0,High Producing Exotic Grassland,,Western Bay of Plenty District
5cc6e751-14c9-4773-aed1-2734dd7d3b06,8.0,Indigenous Forest,,Western Bay of Plenty District
5cd9e1e4-79c6-43ab-8873-9a48ce4471ec,10.0,High Producing Exotic Grassland,,Western Bay of Plenty District
5cdf12d8-7b1e-4b9c-aedd-d475576ed0e7,10.0,Built-up Area (settlement),,Tauranga City
5ce6e23e-1572-420b-930f-e66566688913,10.0,High Producing Exotic Grassland,,Western Bay of Plenty District
5ced0a62-158a-4460-95e4-0ba0dace7e6b,8.0,High Producing Exotic Grassland,,Whakatane District
5cf0621e-5879-4fe5-b005-a48f295497b0,8.0,High Producing Exotic Grassland,,Whakatane District
5d06e7b7-abe1-43bf-bf00-7bd12ef6b1ce,8.0,High Producing Exotic Grassland,,Whakatane District
5d0f8e79-1fd5-4f4d-a57c-2b8d1915c019,10.0,Built-up Area (settlement),Tauranga,Tauranga City
5d18286f-7f9d-4d1d-91d9-c3f27e295c97,10.0,High Producing Exotic Grassland,,Western Bay of Plenty District
5d19f29c-e776-4144-b830-e731094d3bfd,10.0,High Producing Exotic Grassland,,Western Bay of Plenty District
5d224d55-28aa-4071-a5b7-4c957f4d3996,10.0,High Producing Exotic Grassland,,Western Bay of Plenty District
5d302924-d2d4-4d77-9ad4-f659fbff159a,10.0,High Producing Exotic Grassland,,Ōpōtiki District
5d31b7e4-2e21-4b29-9ff6-8a42dedcbbed,10.0,High Producing Exotic Grassland,,Western Bay of Plenty District
5d31c01a-6f56-4b67-a725-91957028e223,10.0,High Producing Exotic Grassland,,Ōpōtiki District
5d331f6e-ed6d-4d08-bb0d-536e39415c38,10.0,Built-up Area (settlement),Katikati,Western Bay of Plenty District
5d3a479d-3181-4f4d-b004-cf7ed685ce33,10.0,High Producing Exotic Grassland,,Western Bay of Plenty District
5d519ce3-8a26-4872-bb8e-2e1438391650,8.0,High Producing Exotic Grassland,,Western Bay of Plenty District
5d57ceec-04fa-41c8-a136-619e721ad9fe,10.0,High Producing Exotic Grassland,,Western Bay of Plenty District
5d58d980-89f8-496f-91db-2ad4db75e394,10.0,High Producing Exotic Grassland,,Western Bay of Plenty District
5d5cb9ce-91a7-4247-8029-cd096567b703,9.6,High Producing Exotic Grassland,Tauranga,Western Bay of Plenty District
5d62243d-6e98-4089-9457-f180c5200f97,8.0,High Producing Exotic Grassland,Te Puke,Western Bay of Plenty District
5d6c8ebe-64c4-4e3e-a772-65c3d30cea0d,10.0,High Producing Exotic Grassland,,Whakatane District
5d7d03f3-1d99-4888-9571-5917136ba6be,10.0,High Producing Exotic Grassland,,Western Bay of Plenty District
5d86d621-5f29-42da-81cc-3d9fcce7c1ec,8.0,High Producing Exotic Grassland,,Whakatane District
5d8864e0-264c-42a2-b5fd-8cdf204e56c0,10.0,High Producing Exotic Grassland,Tauranga,Western Bay of Plenty District
5d8b8eac-f5e5-4425-80f3-ac5d10dab1a5,10.0,High Producing Exotic Grassland,,Western Bay of Plenty District
5d8c30d9-0687-4d60-8278-b6554eb59dd2,10.0,High Producing Exotic Grassland,,Western Bay of Plenty District
5d906b8b-3d06-4d7d-9a83-596e0754080e,8.0,High Producing Exotic Grassland,,Whakatane District
5d9804d0-64f7-41c6-8da8-0a7dff254da2,8.0,High Producing Exotic Grassland,,Western Bay of Plenty District
5d982a41-ae96-4fb9-8215-33a5d7d5c7b5,8.0,High Producing Exotic Grassland,Te Puke,Western Bay of Plenty District
5d99466e-8cac-4046-9a44-3c1d46b2ba71,10.0,High Producing Exotic Grassland,,Western Bay of Plenty District
5dad243b-3ca2-4c06-af09-9b8729be7a0c,8.0,High Producing Exotic Grassland,,Whakatane District
5dd26ab2-c446-4e4e-ba30-7f8e66045a7f,8.4,Short-rotation Cropland,,Ōpōtiki District
5ddbc598-4c54-40e1-89cd-b03e3e6365aa,10.0,High Producing Exotic Grassland,,Western Bay of Plenty District
5ddd5751-c197-4319-b454-79b82f8bca8f,10.0,High Producing Exotic Grassland,Tauranga,Tauranga City
5dddc565-5b06-4343-a186-ecc2b0ca9d3f,10.0,High Producing Exotic Grassland,,Western Bay of Plenty District
5df550aa-72fd-49e3-a87a-bd2db99f9f22,8.0,Broadleaved Indigenous Hardwoods,,Western Bay of Plenty District
5e055085-033f-4b79-8e5e-fb33b1f1f0aa,10.0,High Producing Exotic Grassland,,Western Bay of Plenty District
5e0ceb4f-e8b9-437b-9a56-46fdb49365d2,8.4,High Producing Exotic Grassland,,Ōpōtiki District
5e0de285-0020-4728-b861-52216531ca61,8.4,High Producing Exotic Grassland,,Whakatane District
5e1ca0bc-90c8-40a3-b51b-ffe8814150a1,10.0,High Producing Exotic Grassland,Tauranga,Tauranga City
5e1f2756-60c7-44f0-82e7-5b133faf5585,10.0,High Producing Exotic Grassland,Tauranga,Tauranga City
5e1f4296-2449-4492-9ab5-49eaf8df8e2e,8.8,Broadleaved Indigenous Hardwoods,,Western Bay of Plenty District
5e21ab41-717d-4ba8-ba51-1729ca7eddfa,10.0,High Producing Exotic Grassland,Tauranga,Tauranga City
5e27ecd3-83a9-411c-91fd-159b29e9fd15,8.0,High Producing Exotic Grassland,,Whakatane District
5e293b9c-f60b-42e8-abd1-aa837366cc1e,10.0,High Producing Exotic Grassland,Tauranga,Western Bay of Plenty District
5e2e8f3b-e01f-4e62-b607-0430892eaf79,8.0,Manuka and/or Kanuka,,Whakatane District
5e3342ea-3cb7-4cf6-a827-5c286274ef01,8.4,High Producing Exotic Grassland,,Ōpōtiki District
5e36b7e6-718b-4195-a81e-c85d46ddffdf,8.0,High Producing Exotic Grassland,,Western Bay of Plenty District
5e50f14d-8ec2-472f-8c0d-6a829d60deb9,10.0,High Producing Exotic Grassland,,Western Bay of Plenty District
5e53d833-c96d-47d4-9f61-0343d5159cb0,10.0,High Producing Exotic Grassland,,Western Bay of Plenty District
5e581c5c-98a3-4b58-a036-5f732949cc25,8.0,High Producing Exotic Grassland,,Whakatane District
5e5ab550-8fa9-442b-a107-ac9b72d2a281,10.0,High Producing Exotic Grassland,,Western Bay of Plenty District
5e5eb8b5-4d39-4866-81a5-581bf972370c,10.0,High Producing Exotic Grassland,,Western Bay of Plenty District
5e5ed2da-0136-45dd-a54b-e80f34f362b8,10.0,High Producing Exotic Grassland,,Western Bay of Plenty District
5e621b1b-4ea3-4c52-907b-a4ce84d14d63,9.6,Indigenous Forest,,Western Bay of Plenty District
5e64510c-37a4-48cb-9753-407b977c1060,10.0,Built-up Area (settlement),Tauranga,Tauranga City
5e693758-898b-43d8-a232-62f847154be6,10.0,High Producing Exotic Grassland,,Western Bay of Plenty District
5e6a3972-2c9c-4fdd-8bce-2602cdc2bb18,8.0,High Producing Exotic Grassland,,Western Bay of Plenty District
5e6ebfde-3a95-415d-be9f-a748595781e1,10.0,High Producing Exotic Grassland,,Western Bay of Plenty District
5e6f734b-2185-47e1-a337-9048bcc8c93c,8.0,High Producing Exotic Grassland,,Whakatane District
5e7a5837-4e8a-47f9-b4b5-b7d3b69cdd9f,8.0,High Producing Exotic Grassland,,Whakatane District
5e871dd6-ca88-4541-8611-2cbd5d9cc439,9.6,Forest - Harvested,,Tauranga City
5e94a9c9-8b76-47ca-8b3c-f7d579763713,8.0,High Producing Exotic Grassland,,Whakatane District
5ea62ea4-468c-4555-8e4b-685756cc1c08,10.0,Built-up Area (settlement),Tauranga,Tauranga City
5eae327f-819c-4c8f-ab56-7da0864928ea,9.6,High Producing Exotic Grassland,,Western Bay of Plenty District
5eb22c0b-d00e-405b-9528-e241ff32748c,8.4,Manuka and/or Kanuka,,Ōpōtiki District
5eb39273-4b8a-4b9f-bce3-6ba5aa7e507e,8.0,High Producing Exotic Grassland,,Whakatane District
5eb55b8f-bfa2-4c26-b4d5-88de18251033,10.0,Exotic Forest,,Western Bay of Plenty District
5eb78e3d-fcf0-480b-a6b5-cabdf74bf1ea,10.0,High Producing Exotic Grassland,,Western Bay of Plenty District
5eb8c5c2-2063-433d-844c-92d102ed92ac,9.6,High Producing Exotic Grassland,,Western Bay of Plenty District
5eb973d2-48d5-445a-aae8-9f4acd070b8c,10.0,High Producing Exotic Grassland,Tauranga,Western Bay of Plenty District
5edd0633-db07-4ee1-bd3a-c6ebcd94a23d,10.0,Built-up Area (settlement),,Tauranga City
5ee6689b-3a92-4d0e-94ef-71b3282bd441,8.0,High Producing Exotic Grassland,,Whakatane District
5ef34f47-4b9e-4cb1-899f-173a30949619,10.0,Indigenous Forest,,Western Bay of Plenty District
5efe1590-e88b-4858-8efb-d65cc93c6624,10.0,High Producing Exotic Grassland,Tauranga,Western Bay of Plenty District
5eff0ce3-a554-499e-b82d-01e5c8181da0,8.0,Manuka and/or Kanuka,,Whakatane District
5f052549-df3a-4ca2-88a9-f057121f163e,8.4,High Producing Exotic Grassland,,Ōpōtiki District
5f05e0fe-cd3b-4ae8-9d51-ace40ec2a90c,10.0,High Producing Exotic Grassland,Tauranga,Western Bay of Plenty District
5f07387d-f780-4f05-b476-9b933d23fc27,8.0,High Producing Exotic Grassland,Te Puke,Western Bay of Plenty District
5f079f05-f8ef-4436-a71e-c194cf042dba,10.0,High Producing Exotic Grassland,,Western Bay of Plenty District
5f0a98af-d03f-4d6d-9c8b-2a09eb6e9e89,8.4,High Producing Exotic Grassland,,Whakatane District
5f1c8196-43f5-48cb-b456-f6add7358438,8.4,Indigenous Forest,,Ōpōtiki District
5f1deb61-a184-4ea4-8ced-0b02571d6b50,10.0,High Producing Exotic Grassland,,Western Bay of Plenty District
5f27333d-7827-4258-b385-4e30d17dbc30,10.0,High Producing Exotic Grassland,Tauranga,Western Bay of Plenty District
5f2e229b-ad96-4ee4-a6db-d28a98a3e77d,8.0,Exotic Forest,,Western Bay of Plenty District
5f45da13-a37d-4844-8abc-602fb923013e,8.0,High Producing Exotic Grassland,,Whakatane District
5f493e45-f265-4c79-8954-a1d18ab5d58f,8.4,High Producing Exotic Grassland,,Ōpōtiki District
5f5d6559-7ac2-465a-b910-85109e2f67f4,10.0,High Producing Exotic Grassland,,Western Bay of Plenty District
5f5f75f0-c06f-44a6-9b46-fa87279126f2,8.0,Short-rotation Cropland,,Whakatane District
5f64ca96-9022-405f-a6ef-ebf2f98e117e,8.0,Exotic Forest,,Whakatane District
5f74a415-0ac6-4fc0-9a8d-51217a906c72,10.0,Mixed Exotic Shrubland,Tauranga,Western Bay of Plenty District
5f750c75-b0ec-4314-9f31-fa4413a3499c,9.6,Indigenous Forest,,Western Bay of Plenty District
5f820ef0-b44f-4c9f-a3ba-0e0544dd9f56,10.0,Built-up Area (settlement),,Western Bay of Plenty District
5f865814-ff81-4414-9aa3-b0d385fcaf22,10.0,High Producing Exotic Grassland,,Western Bay of Plenty District
5fae4cff-70c5-4a74-9721-70933c92427d,10.0,High Producing Exotic Grassland,,Western Bay of Plenty District
5fbca8ba-711c-44c1-a90f-8b32966bdc69,10.0,Indigenous Forest,,Western Bay of Plenty District
5fcb1964-5cf7-420c-9851-f69505db4210,10.0,Exotic Forest,Tauranga,Tauranga City
5fce696d-43ce-47e3-bc20-479a77f29de2,8.4,High Producing Exotic Grassland,,Whakatane District
5fe5029c-5970-44db-8aec-7bc83a612d41,10.0,High Producing Exotic Grassland,,Western Bay of Plenty District
5fed10a6-5e17-4f78-ab5b-b1f3d1e8b742,8.0,High Producing Exotic Grassland,,Western Bay of Plenty District
5ffe27b8-a031-4ac1-abad-7487a98cd806,10.0,High Producing Exotic Grassland,,Western Bay of Plenty District
600139,8.0,Exotic Forest,,Whakatane District
6005cab9-2804-4948-83d1-9583c0d35884,8.4,High Producing Exotic Grassland,,Whakatane District
6005f8a6-1736-4247-8fc1-7bb677650bf0,10.0,Indigenous Forest,,Western Bay of Plenty District
60064f23-96de-44a1-a548-4892cc7384b8,8.0,High Producing Exotic Grassland,,Western Bay of Plenty District
600acb5b-c98a-4f2d-851f-dc42770f6881,10.0,High Producing Exotic Grassland,Opotiki,Ōpōtiki District
60218ee8-adf2-4d9a-834a-b4662cb21252,10.0,High Producing Exotic Grassland,,Whakatane District
60349875-f9e4-4644-ad31-c819e4b37f9b,8.0,Low Producing Grassland,Te Puke,Western Bay of Plenty District
6037234a-3ada-4b0b-a444-07245a1c2e33,10.0,Low Producing Grassland,,Western Bay of Plenty District
603cfb34-ee0d-428a-878b-570484ed5271,10.0,High Producing Exotic Grassland,,Western Bay of Plenty District
60440491-0e5e-49cc-a280-b82b3c5791ff,10.0,High Producing Exotic Grassland,Tauranga,Western Bay of Plenty District
604d1909-9bd9-4435-a4b2-fe5835327650,10.0,High Producing Exotic Grassland,,Ōpōtiki District
6055fa68-a10b-4b29-a0a6-8430e67a5c88,8.0,High Producing Exotic Grassland,Pongakawa,Western Bay of Plenty District
60603f51-945b-4c65-a47f-9b25be106f4a,8.0,High Producing Exotic Grassland,Pongakawa,Western Bay of Plenty District
60618db2-39f5-43d1-aa23-77c5f747ecea,8.4,High Producing Exotic Grassland,,Ōpōtiki District
606288,8.0,Exotic Forest,,Whakatane District
60643599-6aef-4408-b55a-4a668839d93d,9.6,Indigenous Forest,,Western Bay of Plenty District
606603ba-3339-47e7-8c33-cc747327647f,8.0,High Producing Exotic Grassland,,Western Bay of Plenty District
6068c0f1-bd22-4178-a6e3-0e12fe110cd5,10.0,High Producing Exotic Grassland,,Western Bay of Plenty District
6072f009-284a-437b-a35f-aacc55f06bc4,10.0,High Producing Exotic Grassland,Tauranga,Western Bay of Plenty District
6078b516-a41d-4b67-99e3-f232ac582967,10.0,High Producing Exotic Grassland,Tauranga,Tauranga City
607d3028-ad5c-4fe9-a0ce-883020100e08,10.0,High Producing Exotic Grassland,,Western Bay of Plenty District
607ef617-b3a9-4aaf-9616-64037253b811,8.0,High Producing Exotic Grassland,,Western Bay of Plenty District
6089b727-6e57-4d41-8f5b-a0a4af060cc5,10.0,High Producing Exotic Grassland,Tauranga,Western Bay of Plenty District
6093a23e-0649-4f6f-9467-91e0cab31afe,10.0,High Producing Exotic Grassland,,Western Bay of Plenty District
60949a06-b042-46c6-b7cc-b58cbdfce6ff,10.0,High Producing Exotic Grassland,,Western Bay of Plenty District
6095a9e4-c7a2-406e-8798-a4aa0e28fa92,8.0,Indigenous Forest,Te Puke,Western Bay of Plenty District
609827f7-d508-4d33-9fba-a8e318867d5d,8.0,High Producing Exotic Grassland,Pongakawa,Whakatane District
609900bc-4330-45d1-9790-9fd2f01b6e02,8.0,High Producing Exotic Grassland,,Whakatane District
60a2d737-1528-405f-bea7-e7638133fc33,8.0,High Producing Exotic Grassland,Pongakawa,Western Bay of Plenty District
60bb49cc-72c3-4db8-b023-ff66f6078778,8.0,High Producing Exotic Grassland,,Whakatane District
60c119d4-32ba-4ae8-bb68-f364195194af,10.0,Urban Parkland/Open Space,Tauranga,Tauranga City
60c30939-69aa-43f1-b392-b48577799a69,8.0,High Producing Exotic Grassland,,Whakatane District
60cb90e2-9d78-456e-931c-0a69586c271a,10.0,High Producing Exotic Grassland,,Western Bay of Plenty District
60cbc61b-1336-410d-92a3-4afda0393f78,10.0,High Producing Exotic Grassland,,Western Bay of Plenty District
60ce9dd8-15b1-4e55-a0dc-83e7b79f3f8b,8.0,High Producing Exotic Grassland,,Western Bay of Plenty District
60d4cc72-b611-4606-8570-67e4d3e8fcaf,10.0,High Producing Exotic Grassland,Tauranga,Tauranga City
60d73300-9ff8-46fb-bb0c-8075abd7a297,10.0,High Producing Exotic Grassland,,Western Bay of Plenty District
60ebfadd-1c83-4089-a89a-1c5ebeb0f10d,8.0,Built-up Area (settlement),Te Puke,Western Bay of Plenty District
60f2831c-25df-4c16-8c40-9ae559ab76ce,8.4,High Producing Exotic Grassland,,Whakatane District
6106c4ca-bfd7-4fc2-abd1-ff6cf1354e6b,10.0,High Producing Exotic Grassland,,Ōpōtiki District
6108313e-f8a2-4842-9eb9-0aeb7a627aa0,8.0,High Producing Exotic Grassland,,Whakatane District
610c9a85-d8bf-48b9-86f4-b6b76eea20ff,8.0,High Producing Exotic Grassland,,Whakatane District
612627,8.0,Forest - Harvested,,Whakatane District
612629,8.0,Forest - Harvested,,Whakatane District
612630,8.0,Forest - Harvested,,Whakatane District
612633,8.0,Exotic Forest,,Whakatane District
612634,8.0,Forest - Harvested,,Whakatane District
612637,9.6,Exotic Forest,,Whakatane District
612638,8.0,Exotic Forest,,Whakatane District
612867,10.0,Indigenous Forest,,Whakatane District
612dd604-ea9b-41e1-a776-5bcb19bd967f,10.0,High Producing Exotic Grassland,,Western Bay of Plenty District
61301da0-f85d-4693-b07d-528718ed5d51,10.0,High Producing Exotic Grassland,,Tauranga City
6136d3c2-6040-47c3-9e82-cccf29e827aa,10.0,High Producing Exotic Grassland,,Ōpōtiki District
613a2277-ea78-4f4c-a56d-d15446ce2e2e,10.0,High Producing Exotic Grassland,Tauranga,Western Bay of Plenty District
613a79c0-c695-4fd2-81b1-527df9053f45,8.0,Exotic Forest,,Whakatane District
614a255f-bfb5-4339-97a9-4d50fbe9b994,8.0,High Producing Exotic Grassland,,Western Bay of Plenty District
614e3ebf-a2ff-4e0a-84a3-9930a230d20c,8.4,High Producing Exotic Grassland,,Whakatane District
615b3cac-879e-4739-b43f-610bf33d523e,10.0,Indigenous Forest,,Western Bay of Plenty District
616a8ad2-470c-4761-855a-baf325d527cd,8.4,High Producing Exotic Grassland,,Ōpōtiki District
616b8a94-03b2-410a-9d59-072dee958f55,10.0,High Producing Exotic Grassland,,Western Bay of Plenty District
616bd0bc-c362-4485-811a-71f746f1d666,10.0,High Producing Exotic Grassland,,Western Bay of Plenty District
616d9e5b-0679-4d06-8b3e-f393d5df1f9a,8.0,Broadleaved Indigenous Hardwoods,,Western Bay of Plenty District
6170b4eb-863b-48c5-8137-7f2e5194bbc1,10.0,High Producing Exotic Grassland,,Tauranga City
6173c748-2df6-4a44-ad1e-88df7c337411,10.0,High Producing Exotic Grassland,,Western Bay of Plenty District
6185c60c-216d-474a-850f-7bc71725880f,10.0,Indigenous Forest,,Western Bay of Plenty District
618e291c-d4ef-422d-a04c-0e7b7c6f14d7,10.0,High Producing Exotic Grassland,,Western Bay of Plenty District
61905e8c-8ab7-4264-a444-58015be7723f,10.0,High Producing Exotic Grassland,,Western Bay of Plenty District
619118,8.0,Exotic Forest,,Whakatane District
61970ea8-02f2-4042-ae64-4a9a6d0f9a30,10.0,Broadleaved Indigenous Hardwoods,Te Puke,Western Bay of Plenty District
619fecb7-7c5e-49f9-903f-748a37f494b2,10.0,High Producing Exotic Grassland,,Western Bay of Plenty District
61a21c32-f9f0-4dd4-83b2-05cad991a8ff,8.8,High Producing Exotic Grassland,,Western Bay of Plenty District
61b9f221-d1a5-435e-a144-e33e756375a7,8.0,High Producing Exotic Grassland,,Whakatane District
61bb9f42-0a74-4e16-bb50-ad1b33959410,10.0,High Producing Exotic Grassland,,Western Bay of Plenty District
61c5eab5-91a0-4ba0-b15c-fe621ddd0590,10.0,High Producing Exotic Grassland,,Western Bay of Plenty District
61c6efa2-05bb-4bfb-bd3c-b924abab86d3,8.4,High Producing Exotic Grassland,,Ōpōtiki District
61c95f19-5219-458a-9a08-f2eb370007fe,10.0,High Producing Exotic Grassland,,Whakatane District
61d24701-053e-4048-83fc-b9ea68d3140f,8.4,High Producing Exotic Grassland,,Ōpōtiki District
61d3bdd0-b55b-4182-9797-be2e25423934,10.0,High Producing Exotic Grassland,,Western Bay of Plenty District
61d67031-d1bc-41d1-bb3e-8d2357c1c3ae,10.0,High Producing Exotic Grassland,,Western Bay of Plenty District
61d7ad8c-559a-4feb-a620-36ffa24eecba,8.0,High Producing Exotic Grassland,,Western Bay of Plenty District
61db5e94-29e5-45c6-b80d-2e3a4b6239d9,10.0,High Producing Exotic Grassland,,Western Bay of Plenty District
61dd939e-ec6a-4cef-ac39-404398abc97a,8.0,High Producing Exotic Grassland,,Western Bay of Plenty District
61e8a41c-7953-49b5-b89d-c0d7a1dbd01c,10.0,High Producing Exotic Grassland,,Western Bay of Plenty District
61ff7d82-639b-47a3-8f32-8d989c35a274,8.0,Broadleaved Indigenous Hardwoods,,Western Bay of Plenty District
6213b117-2f79-4e32-a82e-7a300e329dea,9.6,High Producing Exotic Grassland,,Western Bay of Plenty District
621564,8.0,Manuka and/or Kanuka,,Whakatane District
621e41eb-43e0-4fed-af14-8093d27629ad,10.0,High Producing Exotic Grassland,,Western Bay of Plenty District
62210476-9f7b-46d8-8a44-76ba658d635d,10.0,High Producing Exotic Grassland,,Whakatane District
6221119d-8bee-48ed-893b-8dd20ba1d45b,8.0,High Producing Exotic Grassland,,Whakatane District
6234b529-7591-4aa5-aa21-9d3c6c9eb4e1,8.0,Short-rotation Cropland,,Whakatane District
62378e93-0aee-4a42-8a44-d113cc69418c,10.0,High Producing Exotic Grassland,,Western Bay of Plenty District
623b5f96-a1cf-42b3-8450-d57af62d932f,10.0,High Producing Exotic Grassland,,Western Bay of Plenty District
62404dd3-5e0c-4d8a-b99b-133a71eff3ba,10.0,High Producing Exotic Grassland,Tauranga,Western Bay of Plenty District
6242fbd2-cc74-4714-a030-80ab06aa2a67,10.0,High Producing Exotic Grassland,,Western Bay of Plenty District
62460509-2746-491c-a5ab-0ff50abd5971,10.0,High Producing Exotic Grassland,,Western Bay of Plenty District
625578a7-3833-4c50-9c15-0987e4c5af76,10.0,High Producing Exotic Grassland,,Western Bay of Plenty District
6257f335-a438-4167-982c-8e8a42a24634,10.0,High Producing Exotic Grassland,,Western Bay of Plenty District
625865bd-daf4-4430-a31a-c247f6017479,9.6,High Producing Exotic Grassland,,Western Bay of Plenty District
6259342f-92e6-4842-8e54-d2bfb512dbbe,8.0,High Producing Exotic Grassland,,Whakatane District
625e9797-2fc4-4aad-9ea3-3e8bbf0cd53e,8.4,High Producing Exotic Grassland,,Whakatane District
6264010c-5435-4c3e-bc94-c9096590752c,10.0,High Producing Exotic Grassland,,Western Bay of Plenty District
62660285-8eb2-4bcc-bc5f-7f5e33f62b6e,8.0,High Producing Exotic Grassland,,Whakatane District
62684040-cc00-416b-8c4c-1c51154e65be,10.0,High Producing Exotic Grassland,,Tauranga City
626af4f4-e14e-426c-a6e2-15c5f9527d36,10.0,High Producing Exotic Grassland,,Western Bay of Plenty District
626b1041-9596-4c96-af1e-0696a55fa414,9.6,Urban Parkland/Open Space,Tauranga,Tauranga City
626f9b39-73ed-4753-9333-df2ead75d929,10.0,Exotic Forest,,Western Bay of Plenty District
62767809-77ce-4c6e-99dd-8679909f3d4b,10.0,Manuka and/or Kanuka,,Ōpōtiki District
6276c78d-95d5-45ae-86c8-717d63b8231f,8.0,High Producing Exotic Grassland,,Whakatane District
6278ee43-5aab-415d-9b2d-7e7f13c82745,8.0,Indigenous Forest,,Western Bay of Plenty District
627982a6-666c-45fa-80eb-da53b652f37a,8.8,High Producing Exotic Grassland,,Western Bay of Plenty District
627d00bb-7069-4dfb-855a-04ca840cc1fb,8.4,High Producing Exotic Grassland,,Ōpōtiki District
6283b1ae-347b-4f48-b80c-1b82920e147e,10.0,High Producing Exotic Grassland,,Western Bay of Plenty District
62846d66-2fbc-4503-bc3d-79096fdc7f9d,8.4,High Producing Exotic Grassland,,Whakatane District
628d05f1-5793-4fe1-bbf5-bf9ebd9c6c6c,8.0,High Producing Exotic Grassland,,Whakatane District
629505bd-5714-47d2-9d20-4ded609f375b,10.0,High Producing Exotic Grassland,,Western Bay of Plenty District
6297c1db-45b6-4aca-a08c-fa7ca38fdeb6,10.0,High Producing Exotic Grassland,Katikati,Western Bay of Plenty District
62a306c0-e5e5-4d3f-bb61-57b265ee5111,10.0,Indigenous Forest,Tauranga,Western Bay of Plenty District
62af6bec-1d41-4934-898f-3716a47caa1e,8.4,Urban Parkland/Open Space,,Whakatane District
62bc501c-d157-4ef2-a7ca-20cd31b0f16f,10.0,High Producing Exotic Grassland,,Ōpōtiki District
62c3a38a-d583-4dd0-9ec7-9aaa88d0f00f,8.0,High Producing Exotic Grassland,Pongakawa,Western Bay of Plenty District
62c5b3fb-88c8-476d-a018-f313e15c0e36,10.0,High Producing Exotic Grassland,,Western Bay of Plenty District
62d983e5-570b-4de5-b9a6-a02222d45be8,8.4,High Producing Exotic Grassland,,Ōpōtiki District
62dc22dc-b0bb-4372-8ac2-00930b87bff2,10.0,High Producing Exotic Grassland,Tauranga,Tauranga City
62e6b242-d9e5-4028-9abc-dd6a68d465b3,8.4,Manuka and/or Kanuka,,Ōpōtiki District
62e9b189-d634-46b6-a57b-310efabc82d8,8.8,Indigenous Forest,,Western Bay of Plenty District
62fe93f9-8d2c-4001-bc4f-01a11f05ce7f,10.0,Broadleaved Indigenous Hardwoods,Tauranga,Tauranga City
6301d953-8f5c-4c8d-afe8-d4cb1f43d807,8.8,High Producing Exotic Grassland,,Western Bay of Plenty District
6314591f-f6cb-48c2-bf4d-60932f911d13,10.0,High Producing Exotic Grassland,,Western Bay of Plenty District
6314c4fe-e481-4373-9a7a-99e4c5394dd9,10.0,High Producing Exotic Grassland,,Western Bay of Plenty District
631c771c-2b8e-4cd8-8e61-59124f6cc2d0,10.0,Exotic Forest,,Western Bay of Plenty District
63293944-358f-42e6-a709-49bacd603a3c,10.0,High Producing Exotic Grassland,,Western Bay of Plenty District
6329b70a-1754-4fa7-b1ac-79594dedf16e,8.0,High Producing Exotic Grassland,Pongakawa,Western Bay of Plenty District
632c965f-da8d-4f5c-83a3-eec1e6632ca1,10.0,High Producing Exotic Grassland,,Ōpōtiki District
6331dc3c-d534-4f88-aedb-11618f4dfbc2,10.0,High Producing Exotic Grassland,,Western Bay of Plenty District
633400ac-6b91-444f-ac16-aa7325ba3cfd,10.0,High Producing Exotic Grassland,,Western Bay of Plenty District
633e042c-b805-482c-af41-82d8cb3c9156,10.0,High Producing Exotic Grassland,,Western Bay of Plenty District
63452c81-fa40-4e5c-8766-ec290af97d65,10.0,Gorse and/or Broom,,Western Bay of Plenty District
6350fcd1-fd18-4f7d-b715-d91255b218ef,8.4,High Producing Exotic Grassland,,Ōpōtiki District
63541004-f2d4-4fe6-98c7-8fbfbde2746c,10.0,High Producing Exotic Grassland,,Western Bay of Plenty District
6374a9e3-99d1-45c8-91ef-82bfcbf81b5d,10.0,High Producing Exotic Grassland,Tauranga,Tauranga City
638034d7-0cd0-4e29-bd54-5a5d4365a863,10.0,High Producing Exotic Grassland,,Whakatane District
63868b8f-adbb-4250-98e3-bc939dc5502d,9.6,High Producing Exotic Grassland,Tauranga,Western Bay of Plenty District
6391cfba-bf4c-477e-8d10-b5fad2275013,10.0,High Producing Exotic Grassland,,Tauranga City
63921963-26f2-4831-b187-8710f73501db,8.0,High Producing Exotic Grassland,,Whakatane District
63931626-822e-40ab-89b8-78481f4f2787,10.0,High Producing Exotic Grassland,,Western Bay of Plenty District
639b7ad6-7817-47c9-af47-328d5c0a2311,10.0,High Producing Exotic Grassland,,Ōpōtiki District
639c5088-6f7f-4673-ad06-0eaffb4b91d9,10.0,Deciduous Hardwoods,,Western Bay of Plenty District
639c86bd-361e-422d-bcf8-3c221d486b36,10.0,High Producing Exotic Grassland,,Western Bay of Plenty District
63adcaa7-9696-4077-9363-33a3782d84f4,10.0,Built-up Area (settlement),Tauranga,Tauranga City
63b3460a-d8bc-4ab1-9215-4363f90cad16,8.0,Built-up Area (settlement),,Whakatane District
63b59754-030f-4e8e-abd3-ea70baf0b002,10.0,High Producing Exotic Grassland,,Western Bay of Plenty District
63b629e9-8c1d-41bc-859f-4275ae9f963c,8.0,Mixed Exotic Shrubland,,Whakatane District
63bd315b-6a2d-486f-b569-74d19591e692,8.0,Indigenous Forest,,Whakatane District
63c19648-0fec-44f3-b782-95b255966304,10.0,High Producing Exotic Grassland,,Whakatane District
63c48948-4b68-4eac-83ee-a13b91a6bf9d,8.0,High Producing Exotic Grassland,,Whakatane District
63c8d63a-252c-43fc-a034-fd2427240cfe,8.0,Manuka and/or Kanuka,,Whakatane District
63ced157-4bd7-4e54-9363-4f754b65fba3,10.0,Built-up Area (settlement),,Tauranga City
63d0de91-20ca-4740-94fc-aca4a385ea8e,8.0,High Producing Exotic Grassland,,Whakatane District
63d5a384-cb57-4992-9fcb-e6c28256e539,10.0,High Producing Exotic Grassland,,Western Bay of Plenty District
63d8c77e-cffa-4406-aec2-2c070e1d1f0d,10.0,High Producing Exotic Grassland,Te Puke,Western Bay of Plenty District
63e11113-3e21-4c3f-9b71-8e9530395f99,10.0,High Producing Exotic Grassland,,Western Bay of Plenty District
63e7c15a-d272-4b09-aac7-19d23ba85b49,8.0,Built-up Area (settlement),Te Puke,Western Bay of Plenty District
63eda354-8770-4e8c-b1fc-9700739381bc,8.0,High Producing Exotic Grassland,,Whakatane District
63f53968-292a-4b6e-b3c0-ce34b4c6f2bb,10.0,High Producing Exotic Grassland,,Western Bay of Plenty District
63f640f2-9380-4850-81c7-d95ee14232c6,10.0,High Producing Exotic Grassland,,Western Bay of Plenty District
63fa4db4-3ce3-4724-9732-ef79c2d15a20,8.0,Exotic Forest,,Whakatane District
63fe82d8-37b2-4051-8e2f-da4f3e2c0e59,10.0,Exotic Forest,,Western Bay of Plenty District
63feab02-b110-4ffd-85a3-917f8afe60f3,10.0,High Producing Exotic Grassland,Te Puke,Western Bay of Plenty District
63ff7e90-f685-406d-9b5b-ef1bbe6e9bed,10.0,High Producing Exotic Grassland,,Western Bay of Plenty District
6408318c-e18c-47dc-ba31-105bc438b133,10.0,High Producing Exotic Grassland,,Western Bay of Plenty District
640d6644-3ae1-4374-b364-c9ed17a40ee8,8.0,High Producing Exotic Grassland,,Western Bay of Plenty District
6413731c-3b90-47df-b1d7-0e77d5f7454a,8.0,Broadleaved Indigenous Hardwoods,,Whakatane District
6416844c-f6c9-40d2-848e-f9bbb6c2d004,8.0,Short-rotation Cropland,,Whakatane District
64168f5a-bbb4-42dc-8dba-3781723253e8,8.0,High Producing Exotic Grassland,,Whakatane District
64192715-c992-42cd-b87e-78a28ffd45f9,10.0,High Producing Exotic Grassland,,Western Bay of Plenty District
6419cecd-b4ec-4cbf-9722-55e9e5964425,10.0,High Producing Exotic Grassland,,Western Bay of Plenty District
64202c10-4bad-47ac-b340-bb8cb81e33f1,8.4,Short-rotation Cropland,,Ōpōtiki District
64204083-2329-4bb0-89b9-f1ed45c1b654,10.0,High Producing Exotic Grassland,,Western Bay of Plenty District
6420c8ea-0873-4cb4-b20f-05ce0ffb9e94,10.0,Built-up Area (settlement),Tauranga,Tauranga City
6424b7fb-1379-4521-b396-d6c2ed248f63,8.0,High Producing Exotic Grassland,,Western Bay of Plenty District
64266549-ee88-41f4-9bb0-ffe97ba159e2,8.8,Indigenous Forest,,Western Bay of Plenty District
6426abd6-005e-4ab4-83df-3387cfaeda40,10.0,High Producing Exotic Grassland,,Western Bay of Plenty District
642f2627-8437-4f81-abf3-6aa129fa5769,8.4,High Producing Exotic Grassland,,Ōpōtiki District
64335c47-ae14-459c-b54f-984f9aaac899,10.0,High Producing Exotic Grassland,,Western Bay of Plenty District
64443318-9c40-412a-a712-018ea6360b38,10.0,Urban Parkland/Open Space,Tauranga,Tauranga City
64503147-08e4-48d6-befb-b2042e9d29f9,10.0,High Producing Exotic Grassland,,Western Bay of Plenty District
645a5c28-a506-462b-90f0-f72ab479e7d4,10.0,High Producing Exotic Grassland,Tauranga,Tauranga City
645e50b8-865c-4135-9500-669e17297ae8,8.0,High Producing Exotic Grassland,,Whakatane District
64600d3f-9c95-4bd9-8f1c-6c11b9b26f83,8.8,High Producing Exotic Grassland,,Western Bay of Plenty District
6460f778-6bbe-4dce-9ef4-3e6675d31ca5,10.0,High Producing Exotic Grassland,,Ōpōtiki District
6466cd5c-c21b-4e02-8308-c203b206c746,10.0,High Producing Exotic Grassland,,Western Bay of Plenty District
646a9690-ffdf-4630-b981-1238d96b9ba9,8.4,Broadleaved Indigenous Hardwoods,,Ōpōtiki District
6473031a-96de-4fb4-bdb5-936751cd5839,10.0,High Producing Exotic Grassland,,Western Bay of Plenty District
64737287-c705-4716-83f4-aec5cffe7f27,8.0,Indigenous Forest,Te Puke,Western Bay of Plenty District
6484ea53-3758-4514-9886-d54ba91f8573,9.5,High Producing Exotic Grassland,,Ōpōtiki District
64887abf-1195-45ed-a1e1-7e56482c7aee,10.0,Indigenous Forest,,Western Bay of Plenty District
6495129a-f7e5-4c79-9761-b1067bc3cba6,10.0,High Producing Exotic Grassland,,Western Bay of Plenty District
64b0c500-7f69-4c70-ab84-55859239c315,8.4,High Producing Exotic Grassland,,Ōpōtiki District
64b3e9b2-83af-425d-bbb7-db052f748bb5,10.0,High Producing Exotic Grassland,,Western Bay of Plenty District
64b448d6-09ac-41c3-a40b-3d7022adf985,8.0,High Producing Exotic Grassland,,Whakatane District
64ba1910-8fa1-43e3-a5f4-f87d27a368b3,10.0,High Producing Exotic Grassland,,Western Bay of Plenty District
64c19fa8-6e93-49c5-aea9-2441fa2b9c7e,10.0,High Producing Exotic Grassland,,Western Bay of Plenty District
64c28692-4c24-4a1d-83b8-a6520ecde861,8.0,High Producing Exotic Grassland,Te Puke,Western Bay of Plenty District
64c744e6-9825-4c79-8f03-d841e273308b,8.0,High Producing Exotic Grassland,,Whakatane District
64cb8213-9c67-4870-9622-ad284425e701,10.0,High Producing Exotic Grassland,,Ōpōtiki District
64d66550-a61b-478d-9ebe-17297c113edc,10.0,High Producing Exotic Grassland,,Western Bay of Plenty District
64d93f47-e3c6-43a1-8203-c3e25a33a5b1,8.0,High Producing Exotic Grassland,Pongakawa,Western Bay of Plenty District
64e374d4-0673-4df6-8d1e-21f0549157d8,10.0,High Producing Exotic Grassland,,Western Bay of Plenty District
64e5f780-1d54-463b-8ffb-261fc4bb7b60,10.0,Indigenous Forest,,Ōpōtiki District
64ecb854-e91e-414a-8223-1c0daf98e72d,10.0,High Producing Exotic Grassland,Tauranga,Western Bay of Plenty District
64ecb872-3c04-44e7-9d4f-5903d27207e6,8.4,Short-rotation Cropland,,Whakatane District
64f5a4e5-29af-415a-a5ca-932539926acd,10.0,High Producing Exotic Grassland,,Western Bay of Plenty District
64ff4042-d016-4123-81ab-ff202c66517a,10.0,High Producing Exotic Grassland,Tauranga,Western Bay of Plenty District
6504b983-3582-449b-8001-5d376c3ac316,10.0,Short-rotation Cropland,,Western Bay of Plenty District
6504d305-1f51-4b7f-866a-583f054462af,8.0,High Producing Exotic Grassland,,Western Bay of Plenty District
6520b53b-7c58-4423-b085-9725ae111667,10.0,High Producing Exotic Grassland,Te Puke,Western Bay of Plenty District
652421da-e219-4ff4-93ec-c15077ee9b00,10.0,High Producing Exotic Grassland,,Western Bay of Plenty District
6525b0e0-ffd3-4533-abe3-1f6ee61bc812,10.0,High Producing Exotic Grassland,,Western Bay of Plenty District
652f84fb-e0b4-4e95-9362-05b307782d8b,8.0,High Producing Exotic Grassland,,Western Bay of Plenty District
65426984-857b-4d98-b6cc-abcbfd283e0d,10.0,Built-up Area (settlement),,Western Bay of Plenty District
6546ab4a-0552-4570-9f63-669b534f8cb5,10.0,High Producing Exotic Grassland,Tauranga,Western Bay of Plenty District
654c8928-0a02-4c73-a778-042946a151e5,10.0,Indigenous Forest,,Western Bay of Plenty District
65501d03-5590-4228-a945-0cf5f675cb29,10.0,High Producing Exotic Grassland,,Western Bay of Plenty District
655c6e2b-9af5-478d-bf91-e7628aa1c1e7,10.0,High Producing Exotic Grassland,,Western Bay of Plenty District
6564363c-f5f8-4882-b3fa-f9f505959d68,8.8,High Producing Exotic Grassland,,Western Bay of Plenty District
656db229-3e8a-43f8-ab22-2ad5282736f6,10.0,High Producing Exotic Grassland,,Western Bay of Plenty District
656e33b9-3ff9-4162-9624-df60b46d2d50,10.0,High Producing Exotic Grassland,,Western Bay of Plenty District
6573802b-2998-49e0-92fc-5c78f1284253,10.0,High Producing Exotic Grassland,,Western Bay of Plenty District
6577a6ee-e429-4237-bc70-1b65c8d3425d,10.0,Indigenous Forest,,Western Bay of Plenty District
65840569-3f76-470e-8824-429f0620a3e5,8.0,High Producing Exotic Grassland,,Whakatane District
6585d093-9d54-4cb0-8e06-9a0bf57f0879,8.0,High Producing Exotic Grassland,,Whakatane District
658a0192-f088-420a-ad17-edb4049e58e8,8.0,Indigenous Forest,,Western Bay of Plenty District
6592a090-72b9-45cb-8055-05285b4b4358,9.6,Broadleaved Indigenous Hardwoods,Tauranga,Tauranga City
659f8514-d9e3-4876-83f3-3033260e527a,10.0,High Producing Exotic Grassland,,Whakatane District
65acfbd1-4fd0-48a6-803f-ce36f7299ce2,10.0,High Producing Exotic Grassland,Katikati,Western Bay of Plenty District
65afcea5-5d23-4901-8a11-23a006f91931,10.0,Built-up Area (settlement),Tauranga,Tauranga City
65cb01f7-115c-416e-bec8-8ca45f80c552,8.4,High Producing Exotic Grassland,,Whakatane District
65d9c723-b933-4980-88c8-79f8873cfe75,8.0,High Producing Exotic Grassland,,Whakatane District
65eab9e7-558f-46d9-b960-e8dd79d91395,10.0,High Producing Exotic Grassland,,Western Bay of Plenty District
65ecc7d9-105f-4760-99ce-eb77fe9537a1,8.4,High Producing Exotic Grassland,,Whakatane District
65f4f54c-2363-4b41-a1ec-fe209eedabb5,10.0,High Producing Exotic Grassland,,Western Bay of Plenty District
65ff3061-e327-46b9-a7bc-c60f43e74e0f,10.0,High Producing Exotic Grassland,,Western Bay of Plenty District
661278,10.0,Indigenous Forest,,Western Bay of Plenty District
661283,10.0,Indigenous Forest,,Western Bay of Plenty District
662ec059-0e90-4c01-bb79-9496c399f3f9,8.4,High Producing Exotic Grassland,,Ōpōtiki District
662f6351-d228-4ea0-ada4-71b3c496d132,10.0,High Producing Exotic Grassland,,Western Bay of Plenty District
662fdb28-452a-4d19-bd6b-a0c713224050,10.0,High Producing Exotic Grassland,,Western Bay of Plenty District
663091fa-8b45-430d-90c6-ce590252a31a,10.0,Exotic Forest,,Ōpōtiki District
6637713,8.0,Indigenous Forest,,Western Bay of Plenty District
663cf38b-900f-4bca-b351-9de1935cc717,8.0,High Producing Exotic Grassland,Pongakawa,Western Bay of Plenty District
6649f8fe-15b4-48dc-8ec7-c35dac80a4a9,8.2,High Producing Exotic Grassland,,Whakatane District
6650062c-5455-4d36-97f2-a092d097270f,8.0,High Producing Exotic Grassland,,Western Bay of Plenty District
665149,8.0,High Producing Exotic Grassland,,Whakatane District
66551f19-2fc2-4f81-a060-30733c554f79,9.6,Broadleaved Indigenous Hardwoods,,Western Bay of Plenty District
665e8fed-4e89-4a4f-9efa-3b03afd5afd6,10.0,Built-up Area (settlement),Tauranga,Tauranga City
665f34a0-8db7-45e9-9e52-382dcd081375,10.0,Indigenous Forest,,Western Bay of Plenty District
6667c84e-af0e-4b89-a0f1-3b3a1f6c3443,8.4,High Producing Exotic Grassland,,Ōpōtiki District
667831d7-a542-4f42-8d9f-2f3bcbf6a04f,8.0,High Producing Exotic Grassland,,Whakatane District
6680e015-703f-42da-a080-06802f29aba4,8.0,High Producing Exotic Grassland,,Western Bay of Plenty District
6683742f-2bf0-4945-873f-9d27a5120ace,9.6,High Producing Exotic Grassland,Tauranga,Western Bay of Plenty District
668bfbbf-f5ef-4800-9866-f199d98cb304,10.0,Exotic Forest,Te Puke,Western Bay of Plenty District
669599ab-2f35-43fa-8835-109e3eb7e003,10.0,High Producing Exotic Grassland,,Ōpōtiki District
6696b57b-dc05-4610-bceb-050d1b9b7a8e,10.0,High Producing Exotic Grassland,,Western Bay of Plenty District
66977f68-a1f2-40b7-b3eb-e679ffe57274,8.0,Broadleaved Indigenous Hardwoods,,Whakatane District
669ad783-9b5d-4de8-b01c-90cb437db12e,10.0,High Producing Exotic Grassland,,Tauranga City
669b44a8-807b-4eb7-93d2-8c755c334c18,10.0,High Producing Exotic Grassland,,Western Bay of Plenty District
66a5bf3e-e6d2-4129-b765-f8d72639f826,9.6,Manuka and/or Kanuka,,Whakatane District
66b51f0d-da71-4257-8520-63a90d8ebac8,10.0,High Producing Exotic Grassland,Tauranga,Western Bay of Plenty District
66ba11b8-3fb3-46f9-8311-c130dc0ed81b,8.0,High Producing Exotic Grassland,,Ōpōtiki District
66c86bac-568e-4b63-a7e0-6a8197bccf7d,10.0,High Producing Exotic Grassland,,Western Bay of Plenty District
66ce0021-3f5f-42f5-8367-1651a1fb7cd5,8.0,Manuka and/or Kanuka,,Whakatane District
66ea1f04-1d5c-4d70-a768-d37c406a54e5,8.4,Broadleaved Indigenous Hardwoods,,Ōpōtiki District
66ec647a-d59b-41bc-b911-8f2ed2175a78,10.0,High Producing Exotic Grassland,,Western Bay of Plenty District
66f5d3c0-771b-445b-8760-485b5db948e0,10.0,Indigenous Forest,Tauranga,Western Bay of Plenty District
66fe457f-e0be-49e2-87cb-a5a2b9d6b88c,9.6,Indigenous Forest,,Whakatane District
67060821-df2c-4097-85a0-8c594a952bf6,8.0,High Producing Exotic Grassland,,Whakatane District
6708e418-07e3-4b70-8537-c5317414290a,10.0,High Producing Exotic Grassland,,Western Bay of Plenty District
670df185-2260-4115-8d3d-a269482e2b4a,10.0,High Producing Exotic Grassland,,Western Bay of Plenty District
6711c9ae-1f97-48f9-a4fc-1fb7f4712e1c,8.0,High Producing Exotic Grassland,,Whakatane District
6712a819-f54f-4470-bbe8-e344b7d6680a,10.0,Indigenous Forest,,Ōpōtiki District
67130ff4-6d53-43c4-8a0e-91e5fe7bcf65,10.0,Exotic Forest,Tauranga,Western Bay of Plenty District
6719f4cb-7e7d-49ad-a149-1245c8d67a27,8.0,High Producing Exotic Grassland,,Whakatane District
671d7fc7-1979-4b24-8f58-3101be20b64f,10.0,High Producing Exotic Grassland,,Ōpōtiki District
671e5fa7-fdff-4830-9575-42bf75e32594,8.0,High Producing Exotic Grassland,,Whakatane District
671ec26e-6a81-4138-864f-8b264f0d916f,8.0,High Producing Exotic Grassland,,Whakatane District
6724a1ee-661c-415d-b40d-b9b03dcd7fd6,10.0,Short-rotation Cropland,,Whakatane District
672595fb-b552-4f54-84f9-b4d9ed2bbf89,8.4,High Producing Exotic Grassland,,Whakatane District
672b524b-0589-4f6e-adfc-aa806ffd0e9a,8.0,High Producing Exotic Grassland,,Whakatane District
6731e56a-12ee-4369-b690-2d75952bff90,10.0,High Producing Exotic Grassland,,Whakatane District
6742474f-5644-4725-9df6-414a577cf907,10.0,High Producing Exotic Grassland,,Western Bay of Plenty District
674440d0-b092-47c2-b299-cf421e76ecae,10.0,High Producing Exotic Grassland,,Western Bay of Plenty District
674c58a4-e93b-47f7-b112-805a9fdca57d,10.0,Exotic Forest,,Ōpōtiki District
6757e600-d730-4f03-8b93-b817f0f0a12a,10.0,High Producing Exotic Grassland,,Ōpōtiki District
675bbfe0-cd33-4362-87dd-7fa7a85c2b16,8.0,High Producing Exotic Grassland,,Western Bay of Plenty District
675bdb88-033a-4a0c-a583-8df67d3c6ca7,10.0,High Producing Exotic Grassland,,Western Bay of Plenty District
675de338-2b8c-4655-be95-6a74fe2a23fa,10.0,High Producing Exotic Grassland,,Western Bay of Plenty District
675e7ffd-0dd8-447a-9946-931556b77c19,8.0,High Producing Exotic Grassland,,Whakatane District
6761dae2-6f58-4ee8-bf26-9395b61fd5aa,8.0,High Producing Exotic Grassland,,Whakatane District
6767c7b3-ee76-430f-93c8-4ea255a3952e,10.0,High Producing Exotic Grassland,,Tauranga City
676c8426-d2c7-43ae-8a71-368f006067ab,10.0,High Producing Exotic Grassland,,Western Bay of Plenty District
6776645,8.0,Indigenous Forest,,Whakatane District
6777027,8.0,Indigenous Forest,,Whakatane District
6783ddc1-2ec6-4ffb-9b91-9e4810e7b257,10.0,High Producing Exotic Grassland,Tauranga,Western Bay of Plenty District
678c4b05-2ee4-41b4-92ae-7f53dac11e10,8.0,High Producing Exotic Grassland,,Whakatane District
678cdddb-d67b-4819-9f8d-8dfb201252f3,10.0,High Producing Exotic Grassland,,Western Bay of Plenty District
678df4b1-a8d9-47b0-abef-0d900e595c9f,10.0,High Producing Exotic Grassland,,Western Bay of Plenty District
6794e9f5-a4ed-46a2-b38d-a3c64e4f88a9,8.0,High Producing Exotic Grassland,,Western Bay of Plenty District
67a951b7-81cd-4ff9-b744-9c6d9013a748,8.0,Manuka and/or Kanuka,,Whakatane District
67e378f9-4924-4ad7-869e-54be5f690fd7,8.8,High Producing Exotic Grassland,,Western Bay of Plenty District
67e6d846-c367-4a2b-bd2b-d52202367a3e,8.0,Exotic Forest,,Western Bay of Plenty District
67ed2474-12e9-45d9-9a14-2720b8d3e5e1,10.0,Indigenous Forest,,Western Bay of Plenty District
67eee75d-a9c2-46b1-b3f8-b1576fe4d1d8,10.0,High Producing Exotic Grassland,,Western Bay of Plenty District
67f29084-5449-4f28-9072-4c7b3f7cd725,8.0,High Producing Exotic Grassland,,Whakatane District
67f69de7-dfba-4f42-9f2b-f67a2d9c6c33,10.0,High Producing Exotic Grassland,,Western Bay of Plenty District
67fba23b-9cfc-47f5-87cc-7942e86ae3fa,8.0,High Producing Exotic Grassland,,Whakatane District
67feffe9-513d-4f5f-aa13-3cd55ced65c7,9.6,Indigenous Forest,,Whakatane District
68023246-eddc-4923-888e-136c24bb8a10,9.5,High Producing Exotic Grassland,,Western Bay of Plenty District
6812567,8.0,Indigenous Forest,,Western Bay of Plenty District
68133e91-05d4-4299-97c1-21bcb0fa4ac2,8.0,High Producing Exotic Grassland,,Western Bay of Plenty District
68185db6-e6e4-4200-bdc8-5ecce7bf6ca4,8.0,Exotic Forest,,Whakatane District
6819ac41-6cae-4d3d-ba88-204c27a79615,10.0,Broadleaved Indigenous Hardwoods,,Western Bay of Plenty District
682011eb-a174-46c0-af8c-6a7e83db9bb2,10.0,Indigenous Forest,,Ōpōtiki District
6821dc13-af03-46fe-9b66-3e0037bdf6f2,10.0,High Producing Exotic Grassland,Tauranga,Western Bay of Plenty District
6822f6d5-e4af-4ae2-a9c1-3373c4624265,8.0,High Producing Exotic Grassland,,Whakatane District
68284042-2c58-4884-bb34-de18d8877bb8,8.0,High Producing Exotic Grassland,,Whakatane District
682a2b9c-7ff5-4d76-89fc-eee3496936f2,8.0,High Producing Exotic Grassland,,Whakatane District
682d5819-f3fa-48d3-a483-4c3652394c08,8.8,Indigenous Forest,,Western Bay of Plenty District
68306ca4-5e09-46ae-90fa-63c41925bc8d,8.0,High Producing Exotic Grassland,,Whakatane District
68342fa9-6942-4ddb-9b5d-d252b6fa5d10,9.6,High Producing Exotic Grassland,,Western Bay of Plenty District
68428132-25ba-4421-a30f-4fa95e3b063b,10.0,High Producing Exotic Grassland,,Western Bay of Plenty District
6845d127-62eb-47ec-beb1-22ff0c966581,8.0,High Producing Exotic Grassland,Pongakawa,Western Bay of Plenty District
684e9326-85f2-44ab-83cd-fd7d9f7d6fe4,8.0,High Producing Exotic Grassland,,Whakatane District
6850aa51-3d29-4614-bf80-7e7b7256c84d,10.0,High Producing Exotic Grassland,,Western Bay of Plenty District
6853d52e-f619-4abf-b598-74184975b514,10.0,High Producing Exotic Grassland,,Western Bay of Plenty District
685b4203-47f1-4768-88f5-516e00018066,8.8,High Producing Exotic Grassland,,Western Bay of Plenty District
6860e814-bfb7-40a0-bd10-f944a607315b,10.0,High Producing Exotic Grassland,,Western Bay of Plenty District
6861ff38-26d1-4a21-9264-2ceaa3af71dd,8.0,High Producing Exotic Grassland,Pongakawa,Western Bay of Plenty District
6869755,10.0,High Producing Exotic Grassland,,Western Bay of Plenty District
68789d01-c4b8-40de-8160-f754a975d843,10.0,High Producing Exotic Grassland,,Western Bay of Plenty District
6889221,10.0,High Producing Exotic Grassland,,Ōpōtiki District
688cb643-eb3f-43a8-ad3d-3d1c80c40c17,8.8,High Producing Exotic Grassland,,Western Bay of Plenty District
688ff2ec-82f2-46f3-93e8-61782c560b29,10.0,Indigenous Forest,Tauranga,Western Bay of Plenty District
688ff730-b464-4644-b43e-626006311d69,10.0,Indigenous Forest,,Western Bay of Plenty District
6892d5ad-a26c-4985-82bc-953b823d27a6,8.8,Gorse and/or Broom,,Western Bay of Plenty District
68a37e57-c3e0-47c7-b014-8f1ac95e4ba0,8.8,Built-up Area (settlement),,Western Bay of Plenty District
68a3bb82-8bf6-4c11-90c1-ad8a60534f08,10.0,High Producing Exotic Grassland,,Western Bay of Plenty District
68a45d45-a7c6-409f-bd83-ea4013e53ec9,10.0,High Producing Exotic Grassland,Tauranga,Tauranga City
68a50f26-12c1-47a0-a794-336789133553,8.0,High Producing Exotic Grassland,,Whakatane District
68baa837-1f5b-4604-bfc5-11e866591dc5,8.4,Broadleaved Indigenous Hardwoods,,Whakatane District
68c02ba7-d8b3-4231-a6e0-6d4d094eb601,10.0,High Producing Exotic Grassland,,Western Bay of Plenty District
68c606b4-2103-4117-88de-a3b376613549,10.0,High Producing Exotic Grassland,,Western Bay of Plenty District
68caef11-9e1d-4105-8a47-eb6113b22cd7,8.0,High Producing Exotic Grassland,,Whakatane District
68d2ddd2-ecc5-4b84-a03f-60f4d0ec0ed5,8.0,High Producing Exotic Grassland,,Whakatane District
68e434f9-d9dc-494b-9a07-bcae97ec4cec,10.0,High Producing Exotic Grassland,,Western Bay of Plenty District
68ee5d36-b736-48f3-9b63-c75c322b37dd,10.0,High Producing Exotic Grassland,,Ōpōtiki District
68f2c54b-07e6-44e4-96fa-b9d9d310c348,10.0,High Producing Exotic Grassland,,Western Bay of Plenty District
68f7c285-35b3-4397-9ab1-9a6de3b2dcc6,8.0,High Producing Exotic Grassland,,Western Bay of Plenty District
68f8b166-18d1-4b15-8c56-cf4548b8c629,10.0,High Producing Exotic Grassland,,Western Bay of Plenty District
6901c619-8aed-4e71-b249-92b3d9367341,10.0,High Producing Exotic Grassland,,Ōpōtiki District
6904386,8.4,Indigenous Forest,,Ōpōtiki District
6912d86a-d113-4495-9b43-ee03f42b89a2,8.0,Urban Parkland/Open Space,Te Puke,Western Bay of Plenty District
691a45b9-be13-4530-88a3-f6a4fd7eb16f,10.0,High Producing Exotic Grassland,,Western Bay of Plenty District
691c6b42-7b01-4d16-bc3e-82f0f4fb759e,10.0,High Producing Exotic Grassland,,Western Bay of Plenty District
69227561-d311-4e58-85f6-111090c89e1d,8.0,High Producing Exotic Grassland,,Whakatane District
69232ccb-7626-4295-8343-6419df9d2f58,8.0,Forest - Harvested,,Western Bay of Plenty District
6927d7bc-f974-450d-948e-426c5828538e,10.0,High Producing Exotic Grassland,,Western Bay of Plenty District
692a84f9-3eb5-4978-a98b-cbac79981277,10.0,Forest - Harvested,,Western Bay of Plenty District
693456b8-9116-4c3d-95d3-8a97770ef325,10.0,High Producing Exotic Grassland,Tauranga,Western Bay of Plenty District
6939d0af-be04-4170-b00c-347c865f1fc2,10.0,High Producing Exotic Grassland,,Western Bay of Plenty District
693c16b7-7e82-4728-8be3-8fdc674d205e,10.0,High Producing Exotic Grassland,Pongakawa,Western Bay of Plenty District
69455751-0768-4e29-af19-815ff6f75906,10.0,High Producing Exotic Grassland,,Western Bay of Plenty District
694bc5de-dcf7-4349-b055-95636353e50b,8.4,High Producing Exotic Grassland,,Whakatane District
694bf4cd-0ea1-4621-acf9-da7d80a20ec8,10.0,High Producing Exotic Grassland,,Western Bay of Plenty District
694fd4af-9d1c-4a74-b416-8ec10099ab23,10.0,Manuka and/or Kanuka,,Western Bay of Plenty District
695cdb22-d1b2-43e3-8b43-239b9ede6228,8.0,Built-up Area (settlement),Te Puke,Western Bay of Plenty District
6961446,10.0,Urban Parkland/Open Space,Tauranga,Tauranga City
69618418-a817-4782-ad89-ed3ef8871ade,10.0,Mixed Exotic Shrubland,,Western Bay of Plenty District
6965165,10.0,Manuka and/or Kanuka,,Ōpōtiki District
6966180,8.4,Indigenous Forest,,Ōpōtiki District
696dcd06-4024-4377-9a57-11f3b5cd4eb8,8.4,High Producing Exotic Grassland,,Ōpōtiki District
6976086b-cb2a-476c-a774-1e16bb0a2762,10.0,High Producing Exotic Grassland,,Western Bay of Plenty District
69792261-a28a-457b-98cb-ba9d5824099e,10.0,High Producing Exotic Grassland,,Western Bay of Plenty District
69793037-f617-4fb2-8a75-188bf9027811,10.0,High Producing Exotic Grassland,,Ōpōtiki District
697991ec-c397-48dc-8fd9-f5c20773233f,10.0,High Producing Exotic Grassland,,Western Bay of Plenty District
697c6360-69cf-4bd8-a5b1-cabda506ff08,8.4,Indigenous Forest,,Western Bay of Plenty District
697e2a3d-8227-4fb1-8ab0-31740162ca38,10.0,Short-rotation Cropland,,Western Bay of Plenty District
698070dc-d3f6-4d7d-b6cc-4bcc7bcde6da,8.0,High Producing Exotic Grassland,,Whakatane District
69870537-8194-4b88-9b56-79e217e92483,10.0,High Producing Exotic Grassland,,Western Bay of Plenty District
698ec06b-5912-4e5a-b868-354c6acf0823,8.4,High Producing Exotic Grassland,,Ōpōtiki District
699e9758-95b3-48ad-84eb-315b676c34b4,9.6,High Producing Exotic Grassland,,Western Bay of Plenty District
69ae5529-86bf-4aa8-96bf-bb00bb331263,9.6,Indigenous Forest,,Western Bay of Plenty District
69aef13c-14a0-47cc-8c6a-30235243c8a6,10.0,High Producing Exotic Grassland,,Western Bay of Plenty District
69b042e9-d7ff-467a-b468-2b14b36e9912,10.0,High Producing Exotic Grassland,,Western Bay of Plenty District
69c9780d-5ec9-41fa-a3be-bfa6e7e326f2,10.0,Built-up Area (settlement),Tauranga,Tauranga City
69c9f256-3450-4022-a761-427496e55b81,10.0,High Producing Exotic Grassland,,Western Bay of Plenty District
69ce2119-5001-4803-a2bf-0527bbf27675,10.0,High Producing Exotic Grassland,,Western Bay of Plenty District
69d338a6-0d55-4d50-95e9-e259d45fb3b3,10.0,High Producing Exotic Grassland,,Western Bay of Plenty District
69e55d89-f0a5-4e97-bf90-59a52b42f35b,10.0,High Producing Exotic Grassland,,Western Bay of Plenty District
69e64de2-d14b-49f9-8882-852ae6112f11,8.0,Built-up Area (settlement),Tauranga,Tauranga City
69f2c050-fc74-43d0-8d04-5d44f95ea518,10.0,High Producing Exotic Grassland,,Western Bay of Plenty District
69f310d4-1779-4316-aadf-5bd19d9da2a1,8.0,Built-up Area (settlement),,Tauranga City
69fd5f49-56d5-436e-9a57-9559175b9eab,8.4,Manuka and/or Kanuka,,Ōpōtiki District
69fe166a-3b56-4a04-b956-10a711995cd4,8.0,High Producing Exotic Grassland,Te Puke,Western Bay of Plenty District
69fefab1-8744-458b-863b-2f398922bb79,10.0,High Producing Exotic Grassland,,Ōpōtiki District
69ff3c06-163d-412f-9c8a-84bbdd68d604,10.0,Broadleaved Indigenous Hardwoods,,Western Bay of Plenty District
6a027097-eb96-40f1-8c06-3d37a1da66e0,10.0,High Producing Exotic Grassland,,Western Bay of Plenty District
6a08688d-6e5d-4aca-b6d2-95d564eced3f,10.0,Indigenous Forest,,Western Bay of Plenty District
6a135c26-e462-4d46-9926-09b272390047,10.0,High Producing Exotic Grassland,,Ōpōtiki District
6a1725d2-581e-412b-98c4-4bd2498267fa,10.0,High Producing Exotic Grassland,,Western Bay of Plenty District
6a23cda6-3bf6-4a6b-a950-f198ae1fd210,8.0,High Producing Exotic Grassland,,Whakatane District
6a263675-3291-4d32-9957-2f612c3ec4e9,8.0,Deciduous Hardwoods,Te Puke,Western Bay of Plenty District
6a2b0c27-1c08-4f98-8a18-fe2eb7e19fb3,10.0,High Producing Exotic Grassland,,Western Bay of Plenty District
6a2b6d1f-3834-4019-ad26-0cbe9f81d750,10.0,Indigenous Forest,,Western Bay of Plenty District
6a4ecd76-3b7a-4441-96be-50eb9cc0f80d,10.0,High Producing Exotic Grassland,,Western Bay of Plenty District
6a53ffae-697b-4bbb-b654-f49c0e6e8583,10.0,High Producing Exotic Grassland,Tauranga,Western Bay of Plenty District
6a6178cb-95db-4c1b-a98b-570fe5a27135,8.0,High Producing Exotic Grassland,,Western Bay of Plenty District
6a69c5bb-bf6e-4124-95ae-52c63a625cac,10.0,High Producing Exotic Grassland,,Ōpōtiki District
6a89bacb-4adb-4f4d-8062-9e90270ab665,8.0,High Producing Exotic Grassland,,Whakatane District
6a8c868d-ee26-4271-b060-bbc2c64ccad4,10.0,High Producing Exotic Grassland,,Ōpōtiki District
6a8cbf46-c2e7-4d60-8f6c-ba8541c36f3a,8.4,High Producing Exotic Grassland,,Ōpōtiki District
6a9317a7-16da-469f-9167-3ed846e26781,10.0,High Producing Exotic Grassland,,Western Bay of Plenty District
6a9706d5-6b1e-432a-bf2d-df1bf57bed6a,8.0,Indigenous Forest,,Whakatane District
6a99b86c-7e6a-443e-a74d-606e9c825de0,10.0,High Producing Exotic Grassland,,Western Bay of Plenty District
6aa1662e-caf2-4472-b219-c99616ada232,10.0,Built-up Area (settlement),Tauranga,Tauranga City
6aa426de-0d0a-4e3a-9202-68ad41859b29,8.0,High Producing Exotic Grassland,,Whakatane District
6aa730b8-b481-4141-b977-d95e63d87304,8.0,High Producing Exotic Grassland,,Whakatane District
6ab5287f-373b-46e4-9ca1-72cbbe303a13,8.0,High Producing Exotic Grassland,,Whakatane District
6acd042c-442a-4ce5-afd6-9b10c97aa9b5,8.0,High Producing Exotic Grassland,,Whakatane District
6acdbd18-8e85-4427-863a-5f3c7d267a90,10.0,Indigenous Forest,,Western Bay of Plenty District
6ad50976-3dd0-43ca-91a0-a523f3ff159e,8.8,High Producing Exotic Grassland,,Western Bay of Plenty District
6ad623f6-f9b1-45cd-936d-cfe5c5684c6d,9.6,High Producing Exotic Grassland,Tauranga,Western Bay of Plenty District
6adc84e3-1db6-453d-8f2c-3eb5706f231e,9.6,High Producing Exotic Grassland,,Western Bay of Plenty District
6ae54ca6-f357-4421-a3b0-589ac813e38f,10.0,High Producing Exotic Grassland,,Western Bay of Plenty District
6ae688fc-2774-40ef-b7c5-f535997e919b,10.0,High Producing Exotic Grassland,Tauranga,Western Bay of Plenty District
6aea4256-4441-458c-b3aa-eafbcd1d9b7b,8.8,Built-up Area (settlement),,Western Bay of Plenty District
6aeb7b84-db00-4ff1-b140-5a913ea8b807,8.4,High Producing Exotic Grassland,,Ōpōtiki District
6b0d0050-e0b8-44df-8991-cfc180332b84,8.4,High Producing Exotic Grassland,,Ōpōtiki District
6b230224-879d-4db4-8185-bb88506abf3a,8.0,Exotic Forest,,Whakatane District
6b258f64-19b7-4f8b-b8fc-483bc31ea289,8.0,Built-up Area (settlement),Tauranga,Tauranga City
6b2df9c3-67f8-424b-87b0-d2cf3157e03f,8.4,High Producing Exotic Grassland,,Ōpōtiki District
6b2f282d-045c-40fe-a7b4-0e1c09819597,8.0,Low Producing Grassland,,Whakatane District
6b30282d-d38c-49cf-aa69-73cf794df138,10.0,High Producing Exotic Grassland,Opotiki,Ōpōtiki District
6b30448e-a929-47dd-80ea-f801ce91b8ff,8.0,High Producing Exotic Grassland,,Whakatane District
6b361073-3ae0-4366-a98a-c31539ac0b24,10.0,High Producing Exotic Grassland,,Whakatane District
6b3bff10-57f1-43f2-8acc-c35c29497cca,10.0,Built-up Area (settlement),Tauranga,Tauranga City
6b3c7f9c-57dc-4540-8cd3-3eae4dc39b2c,10.0,High Producing Exotic Grassland,,Western Bay of Plenty District
6b501d8f-d9df-4ec6-b67a-d1d0bc1ce94e,10.0,High Producing Exotic Grassland,Tauranga,Western Bay of Plenty District
6b57b245-f68a-400c-89c6-21adc3c74e87,8.8,High Producing Exotic Grassland,,Western Bay of Plenty District
6b73ff67-f08e-40e5-aad2-f8ab888d7fd4,10.0,High Producing Exotic Grassland,,Western Bay of Plenty District
6b8a6ff6-ccfa-4425-b1d1-12e10c9d9954,10.0,High Producing Exotic Grassland,,Whakatane District
6b8c7ab4-7852-498c-8016-32da68e8ce57,8.0,High Producing Exotic Grassland,,Whakatane District
6b9063ce-34c6-46d2-9174-5e13afadbc54,8.0,High Producing Exotic Grassland,,Whakatane District
6b93c56a-24da-469b-be1f-ef300a754fcf,10.0,High Producing Exotic Grassland,Tauranga,Western Bay of Plenty District
6b95ab76-bc59-4e2a-9b13-f5481d018e75,10.0,Built-up Area (settlement),Tauranga,Tauranga City
6b9677a8-c339-49ca-9dc8-c6e35e28fe23,8.0,High Producing Exotic Grassland,,Whakatane District
6b96c300-a9fe-4be9-aff5-ce187210c4ad,10.0,High Producing Exotic Grassland,,Western Bay of Plenty District
6ba4b5b2-89e4-4bc1-b305-193e0f549bb9,10.0,Broadleaved Indigenous Hardwoods,,Ōpōtiki District
6bb12db7-740b-4144-8166-6245c7fd1616,8.0,High Producing Exotic Grassland,,Whakatane District
6bb4d4ec-1b67-413c-8e91-aea3ba20aec7,9.6,High Producing Exotic Grassland,,Whakatane District
6bb70127-b9ed-4fe9-8fa5-5adbf694ddc9,8.0,High Producing Exotic Grassland,,Whakatane District
6bc40b97-ef2e-4c78-be26-d7b97a701baa,10.0,High Producing Exotic Grassland,,Western Bay of Plenty District
6bc5ef1d-03db-46f7-9194-e5bebad9c026,10.0,Indigenous Forest,,Western Bay of Plenty District
6bc7cff4-c27d-4141-98f0-80ad4120e0ed,8.0,High Producing Exotic Grassland,,Western Bay of Plenty District
6bc89522-2c8a-486d-b1f8-0a7d1b87ff8b,10.0,Urban Parkland/Open Space,Tauranga,Tauranga City
6bcb4300-6a01-47ed-b52d-d9f84dddf02f,10.0,High Producing Exotic Grassland,,Western Bay of Plenty District
6bd4e89e-c29a-4e35-99b6-2407de3ee294,10.0,High Producing Exotic Grassland,,Western Bay of Plenty District
6be0e3c1-4923-4bef-ba50-3238aa2d37f9,10.0,Built-up Area (settlement),Tauranga,Tauranga City
6be14206-072d-4b6c-9241-dab5b12a66d1,8.8,Indigenous Forest,,Western Bay of Plenty District
6be4d6b3-ac53-4a8b-b31d-fa96af5e083e,10.0,High Producing Exotic Grassland,,Western Bay of Plenty District
6be5c20e-7ac5-4a3d-8009-c6323c4c72cf,10.0,Built-up Area (settlement),Katikati,Western Bay of Plenty District
6be8af7b-6368-4f97-9604-4e97c095e723,8.0,High Producing Exotic Grassland,Te Puke,Western Bay of Plenty District
6bea1925-b8cf-4f78-9a13-8aa0f9cfdb18,8.0,High Producing Exotic Grassland,Te Puke,Western Bay of Plenty District
6bee6a66-03b6-43f9-8b4d-45e07c8222e0,8.0,High Producing Exotic Grassland,,Western Bay of Plenty District
6bf1ad8f-06ed-40d4-abbe-25833f6394c5,8.0,Built-up Area (settlement),Te Puke,Western Bay of Plenty District
6bf25317-803d-489e-bba4-02b5cfb3b63e,10.0,Exotic Forest,,Whakatane District
6c021f94-054f-4841-b6ad-ea360000f30c,10.0,Urban Parkland/Open Space,,Western Bay of Plenty District
6c04a087-cdf1-4b8d-91ba-73eb121575a8,10.0,High Producing Exotic Grassland,,Western Bay of Plenty District
6c0e20eb-1ce3-43f2-8dc2-5644d4d4b5f7,10.0,High Producing Exotic Grassland,,Western Bay of Plenty District
6c0f353c-d938-4741-af33-7e3efe641e1a,8.0,High Producing Exotic Grassland,,Western Bay of Plenty District
6c1084b5-0672-4749-8ca6-aa4dab3c1e14,10.0,Broadleaved Indigenous Hardwoods,,Western Bay of Plenty District
6c1a1ed4-6093-446d-a6d6-1e078ce59de3,8.0,High Producing Exotic Grassland,,Whakatane District
6c1efb0f-a252-455b-a6cd-c7affecf5ac2,10.0,High Producing Exotic Grassland,Tauranga,Tauranga City
6c21b366-f07f-40d7-aff3-53247de56575,10.0,Indigenous Forest,,Western Bay of Plenty District
6c24f209-a6ac-498d-bd00-ae8904fb99f5,10.0,High Producing Exotic Grassland,,Western Bay of Plenty District
6c28230b-60e0-42a8-99eb-b448ddf337f1,10.0,Deciduous Hardwoods,,Western Bay of Plenty District
6c2ac43e-8467-41f1-954b-3da97612adb0,9.6,High Producing Exotic Grassland,,Whakatane District
6c35c03a-3c45-42eb-a388-87d4073d0aad,8.4,High Producing Exotic Grassland,,Ōpōtiki District
6c3dbd22-bcb7-407f-939c-9a2a9ac1fe0a,10.0,High Producing Exotic Grassland,,Western Bay of Plenty District
6c43338c-5d0b-417b-9b7d-17708aa737b7,8.4,Short-rotation Cropland,,Ōpōtiki District
6c49414f-510d-47ce-879b-850e0b488e86,9.6,Indigenous Forest,,Western Bay of Plenty District
6c52b49e-fc5b-4218-a713-85abf5734363,8.0,Short-rotation Cropland,,Whakatane District
6c5d9683-469d-42de-863a-4d1ca9e3ce85,8.4,High Producing Exotic Grassland,,Whakatane District
6c5fa94e-6ebf-4c9f-a7d7-bc514b772a1f,10.0,High Producing Exotic Grassland,Tauranga,Tauranga City
6c6bb5a4-6e6d-471a-a314-b5cffda5b14e,8.0,High Producing Exotic Grassland,,Western Bay of Plenty District
6c6d12b1-7879-4baa-8f8e-d2fd0c11e948,10.0,Indigenous Forest,,Whakatane District
6c785125-bdc5-481f-bfbd-4cc35c0eac82,10.0,High Producing Exotic Grassland,,Ōpōtiki District
6c78ad35-e0ba-41c1-8394-fe25f7988159,10.0,High Producing Exotic Grassland,,Western Bay of Plenty District
6c7d5142-906b-442f-8226-0b8fb0e0488a,10.0,High Producing Exotic Grassland,,Western Bay of Plenty District
6c7eed11-9444-499f-83a2-7415e9ff7ee6,10.0,High Producing Exotic Grassland,,Ōpōtiki District
6c80ca51-bb26-4d54-ab50-8284ed4b670d,10.0,High Producing Exotic Grassland,,Ōpōtiki District
6c841981-fe54-4ee2-aab5-1952368be0ed,10.0,High Producing Exotic Grassland,,Western Bay of Plenty District
6c9a5c48-71a7-4f59-a313-a77e68e2ac92,10.0,High Producing Exotic Grassland,,Western Bay of Plenty District
6c9a6d1f-be75-430a-825d-e3b4aad3f0ab,9.6,Indigenous Forest,,Tauranga City
6c9db080-768d-4f32-aa72-af58f51c274f,8.0,High Producing Exotic Grassland,,Whakatane District
6c9e6618-1f6e-4ce7-81b4-d3980ca90bf1,10.0,Short-rotation Cropland,,Western Bay of Plenty District
6ca2a640-6c01-4e50-a78f-4e229e08e864,8.8,High Producing Exotic Grassland,,Western Bay of Plenty District
6ca887ef-eee6-45e6-87ec-ad2740d49a31,10.0,High Producing Exotic Grassland,,Western Bay of Plenty District
6cabaf3e-a77b-436d-98ea-616a89cd5eeb,8.4,High Producing Exotic Grassland,,Ōpōtiki District
6caecc8e-3237-463b-a785-96971d9ccc21,10.0,High Producing Exotic Grassland,,Western Bay of Plenty District
6cb705ec-b889-4cf3-87fa-b0dbbe576513,10.0,High Producing Exotic Grassland,,Western Bay of Plenty District
6cb91589-af7d-48b7-bf4c-a0e1e2df02d7,8.0,High Producing Exotic Grassland,,Whakatane District
6cc161ea-3ac9-4d12-9532-e23cde2ce44f,10.0,High Producing Exotic Grassland,,Western Bay of Plenty District
6cccf151-93c4-48d4-9d4c-d219ae8e42b5,10.0,High Producing Exotic Grassland,,Tauranga City
6cd27675-50e1-4108-9a92-c5196c57d1d6,10.0,High Producing Exotic Grassland,,Tauranga City
6cde3322-9f2a-42f9-a12b-56143d3b6e8f,10.0,High Producing Exotic Grassland,Tauranga,Tauranga City
6ce8b033-e362-4b04-b961-27974f0ff54b,9.6,High Producing Exotic Grassland,Tauranga,Western Bay of Plenty District
6ced91d7-4c0e-4b2b-98d3-4cdb0adf2fe8,10.0,High Producing Exotic Grassland,,Western Bay of Plenty District
6d02666b-756e-482f-be88-9176b0d3fcfe,10.0,Built-up Area (settlement),Tauranga,Tauranga City
6d08199b-63ed-4cd7-acf6-6327aafe5080,10.0,High Producing Exotic Grassland,,Western Bay of Plenty District
6d098475-88a7-40c0-8d51-479cfed6ddbe,10.0,High Producing Exotic Grassland,,Western Bay of Plenty District
6d0d0121-ed6f-46fa-b7e8-f3b923165069,8.0,High Producing Exotic Grassland,,Western Bay of Plenty District
6d11301e-dd1b-44ca-9076-303a31deb28c,8.0,Low Producing Grassland,,Western Bay of Plenty District
6d1bae62-875b-4d89-8854-f184631241d4,10.0,High Producing Exotic Grassland,,Western Bay of Plenty District
6d217c18-2a91-41fd-a673-e5b1701ee903,10.0,High Producing Exotic Grassland,Te Puke,Western Bay of Plenty District
6d2e7353-177f-4313-ac5d-12e865a78386,10.0,High Producing Exotic Grassland,,Western Bay of Plenty District
6d33dcf1-6e49-4f81-a475-518e6a35813b,8.0,Exotic Forest,,Whakatane District
6d3d2e7a-5f52-476f-96f0-4a92c6b23471,10.0,High Producing Exotic Grassland,,Western Bay of Plenty District
6d4961f3-6ee8-4478-b61d-f3a0c78a27b3,10.0,Gorse and/or Broom,,Western Bay of Plenty District
6d68cf90-8034-440a-b5a9-a663a3f35228,8.0,Indigenous Forest,,Whakatane District
6d69b0ec-a80a-4075-92a4-31a08f094af2,10.0,Exotic Forest,,Western Bay of Plenty District
6d7de74e-55a2-43cf-b6f9-5ed558f155b6,8.0,High Producing Exotic Grassland,,Whakatane District
6da1d9fb-d491-4b0b-a10a-330e1bb632a4,8.4,High Producing Exotic Grassland,,Ōpōtiki District
6da4512d-283e-41ed-a285-529ef4014fb7,10.0,High Producing Exotic Grassland,Tauranga,Tauranga City
6da47f71-c355-460c-9035-78ff6820c11e,10.0,High Producing Exotic Grassland,,Western Bay of Plenty District
6da902a4-d6ee-42e6-aef2-de40dfb26a12,10.0,High Producing Exotic Grassland,,Whakatane District
6daf088e-9ca3-4a08-8dad-f0b47414b363,10.0,Broadleaved Indigenous Hardwoods,,Ōpōtiki District
6db6ebf6-a0d8-4d13-99ce-31cc62886cf6,10.0,High Producing Exotic Grassland,,Western Bay of Plenty District
6dbe29a7-5b9c-4a1f-b33a-cf574aa91249,10.0,High Producing Exotic Grassland,Tauranga,Tauranga City
6dc26d6b-0b2e-4f7b-93e4-8b4d96fb3501,8.0,High Producing Exotic Grassland,Pongakawa,Western Bay of Plenty District
6dcae50e-67ed-499f-83f7-e9905e8d762b,8.4,Short-rotation Cropland,,Ōpōtiki District
6dccc57e-4d49-4131-8ffb-83a135c3da46,10.0,High Producing Exotic Grassland,,Western Bay of Plenty District
6dd62747-11e4-47b7-8897-100a722505d5,8.0,Short-rotation Cropland,,Whakatane District
6df523e8-a34b-4073-8743-8c83c30f23eb,8.0,High Producing Exotic Grassland,,Whakatane District
6dfd71f1-3164-4c14-9d56-8e71bc7e206b,10.0,High Producing Exotic Grassland,Tauranga,Western Bay of Plenty District
6dfe33b7-c865-4b72-9877-68368af8feb6,9.6,Exotic Forest,,Western Bay of Plenty District
6e09d864-fdb0-4c01-acbc-e9897193ecd6,10.0,Indigenous Forest,,Western Bay of Plenty District
6e1c8d71-9559-4136-9166-09deb7337cad,8.0,Broadleaved Indigenous Hardwoods,,Whakatane District
6e1fb164-114d-447b-a3b6-af9b5dced1b0,10.0,High Producing Exotic Grassland,,Whakatane District
6e2dc5ed-c94d-4647-847a-ca2ab5c82f2a,10.0,High Producing Exotic Grassland,Tauranga,Tauranga City
6e2f4ea4-7559-4d12-870b-ea20d8cb859b,10.0,High Producing Exotic Grassland,,Ōpōtiki District
6e2f783e-91c4-4790-8edd-2540b964d78e,10.0,High Producing Exotic Grassland,,Ōpōtiki District
6e34fe27-5f5a-49e6-ad66-5909e323a71f,8.0,Indigenous Forest,Te Puke,Western Bay of Plenty District
6e3b8137-b509-44d8-8862-0c28d9e23468,10.0,Exotic Forest,,Whakatane District
6e403cd5-e87c-49dc-bc2d-023c46abda17,8.4,Short-rotation Cropland,,Ōpōtiki District
6e49c34c-a6fe-4906-abf7-deaa551b40cd,10.0,High Producing Exotic Grassland,Tauranga,Western Bay of Plenty District
6e5daee9-2623-47a8-8de7-ce33abe8889b,8.0,High Producing Exotic Grassland,,Western Bay of Plenty District
6e74f6c7-e495-4eb5-9871-d1a02ee63b27,8.0,High Producing Exotic Grassland,,Whakatane District
6e75bd35-3f24-4918-9ab2-ce2bb7871b55,8.0,High Producing Exotic Grassland,Te Puke,Western Bay of Plenty District
6e799b27-abcb-4668-a3be-503df793d907,10.0,High Producing Exotic Grassland,,Western Bay of Plenty District
6e87d088-275d-4974-a3f7-f701e8a48d54,10.0,High Producing Exotic Grassland,,Ōpōtiki District
6e8bdc99-73bf-4d2a-8d8b-2a3fe5191283,8.0,Manuka and/or Kanuka,,Whakatane District
6e950da3-bdcb-4f60-85cc-a88df55f7b5e,10.0,High Producing Exotic Grassland,,Western Bay of Plenty District
6e956ca5-35cf-48bd-83e7-4d9beba20a62,8.2,High Producing Exotic Grassland,,Ōpōtiki District
6e97c0a7-544b-409d-9acf-31682e62ecd2,8.0,High Producing Exotic Grassland,,Whakatane District
6e9c76b5-2da7-4cf1-972e-0fe3cd65e745,8.4,High Producing Exotic Grassland,,Ōpōtiki District
6ea757b1-e0df-402a-9735-b9f0331cbbf8,8.0,High Producing Exotic Grassland,,Western Bay of Plenty District
6ea95dcf-5fc8-4d68-b098-d2e17bbf71d4,9.6,Indigenous Forest,,Western Bay of Plenty District
6eab2e5b-076e-4bf4-8add-f1d37f4e1661,8.0,High Producing Exotic Grassland,Pongakawa,Western Bay of Plenty District
6ead247f-75d0-4fd0-967f-6c81043baa5e,8.0,High Producing Exotic Grassland,,Whakatane District
6eadb36d-d7ad-40bf-ad0c-26c05ef18db5,8.0,High Producing Exotic Grassland,,Whakatane District
6eade1ee-1492-4fbe-af97-e33133dc38b4,10.0,Built-up Area (settlement),Tauranga,Tauranga City
6ec1cea1-d9e8-4e2d-9adf-1cec3bc9bf95,8.0,Built-up Area (settlement),Tauranga,Tauranga City
6ec4d35d-2141-42eb-b495-b8ca540f0c02,10.0,High Producing Exotic Grassland,Tauranga,Tauranga City
6ecac326-a4d3-4d58-94e6-e50c99932df6,8.0,High Producing Exotic Grassland,,Whakatane District
6ecc49f1-74af-468a-897e-101d0f4ac074,10.0,High Producing Exotic Grassland,,Western Bay of Plenty District
6ed31153-ea61-4c01-ac65-b618adab0230,10.0,High Producing Exotic Grassland,,Whakatane District
6ed4a4ad-c3c1-4848-9196-e721f91a0506,10.0,Surface Mine or Dump,Tauranga,Western Bay of Plenty District
6edcec74-4f3f-4d7f-99bf-3a15419914df,10.0,High Producing Exotic Grassland,,Western Bay of Plenty District
6ee148d7-a360-48fd-a66d-8cb3dc5911bd,10.0,High Producing Exotic Grassland,Tauranga,Western Bay of Plenty District
6eefdaeb-f10f-4448-9f10-2ae8d950f862,8.0,High Producing Exotic Grassland,,Western Bay of Plenty District
6efe37dc-9a53-44b6-96ae-7423d4430a19,8.0,High Producing Exotic Grassland,,Whakatane District
6f079e7c-0396-4bb1-b0a1-7d4b6d608d0f,10.0,High Producing Exotic Grassland,,Western Bay of Plenty District
6f0a0eac-b6a3-4d93-853f-6a6621e2f78b,10.0,High Producing Exotic Grassland,,Western Bay of Plenty District
6f0fc980-e6f0-476f-adc1-af0b8e0ea559,10.0,High Producing Exotic Grassland,,Ōpōtiki District
6f251f6a-4483-4394-b684-7ea55556c3ad,10.0,High Producing Exotic Grassland,,Western Bay of Plenty District
6f269ad4-4c2e-4670-8e49-93ceac143bc3,10.0,High Producing Exotic Grassland,,Western Bay of Plenty District
6f274d24-905b-410e-8565-cd5e7d80e3ed,8.0,High Producing Exotic Grassland,,Whakatane District
6f34f1b5-79f2-49b4-a457-991492f0bf4b,10.0,Deciduous Hardwoods,,Western Bay of Plenty District
6f3913aa-b668-4cfe-972e-c2b771085214,8.0,High Producing Exotic Grassland,,Whakatane District
6f414d96-3f76-433f-8b93-9e5ce58f497c,8.0,High Producing Exotic Grassland,,Whakatane District
6f432b0c-9a26-4ff8-bc23-a5dd24cdaf48,8.4,Built-up Area (settlement),,Whakatane District
6f485069-2990-484c-8400-290f661b4899,10.0,Urban Parkland/Open Space,Tauranga,Tauranga City
6f53b246-2913-45c4-b9c3-dfbb7d3acbf6,10.0,High Producing Exotic Grassland,Tauranga,Western Bay of Plenty District
6f53e7c9-227d-4563-b825-82acc2f7ec95,9.6,High Producing Exotic Grassland,,Western Bay of Plenty District
6f637f0e-3083-4915-ac4c-c679bd0cce1d,8.0,High Producing Exotic Grassland,Te Puke,Western Bay of Plenty District
6f651621-5694-4dc9-a6ad-fff21c042da7,10.0,High Producing Exotic Grassland,,Western Bay of Plenty District
6f66abb0-ba5d-47f7-8ae7-350a1390dede,10.0,Urban Parkland/Open Space,,Ōpōtiki District
6f7124ce-788b-4d58-a20d-8bf429f1a559,10.0,Indigenous Forest,,Western Bay of Plenty District
6f7a1bf5-7e60-41eb-acdd-b88dfbaa4c08,8.0,Indigenous Forest,,Whakatane District
6f8115f3-d204-4955-853b-119eb0d5e94b,10.0,High Producing Exotic Grassland,,Western Bay of Plenty District
6f8a82b5-3364-4947-bcbc-7bae1fee8623,10.0,Built-up Area (settlement),,Western Bay of Plenty District
6f8f9443-63a2-468e-bbfd-198cd9123c2f,10.0,Indigenous Forest,,Western Bay of Plenty District
6f93d457-bda1-4e70-9a51-410c8d08ea4a,8.0,High Producing Exotic Grassland,,Western Bay of Plenty District
6fa8577d-6846-4497-8381-57c9692ce93d,8.4,High Producing Exotic Grassland,,Ōpōtiki District
6fa8e7bf-f6d5-4351-aadf-2493c03ace84,10.0,High Producing Exotic Grassland,Tauranga,Tauranga City
6fb28a24-c9dd-4d9f-b12a-94f3720447d7,10.0,Manuka and/or Kanuka,Te Puke,Western Bay of Plenty District
6fb954d7-35af-4a1e-877f-10a13e8d9eb2,10.0,High Producing Exotic Grassland,Tauranga,Tauranga City
6fc86680-d4e1-44bb-a284-76b683f09953,10.0,High Producing Exotic Grassland,Tauranga,Tauranga City
6fd29129-384f-41e8-91e7-869f4fad80ce,10.0,High Producing Exotic Grassland,,Western Bay of Plenty District
6fe2f291-69d2-4f0e-9933-f05d9f33c9bb,8.0,High Producing Exotic Grassland,,Whakatane District
6fe6658b-006c-4174-bdbb-483a413ecaf8,10.0,High Producing Exotic Grassland,,Western Bay of Plenty District
6ff52ad1-e51c-4162-9cad-4a9c7bb6989b,10.0,High Producing Exotic Grassland,,Western Bay of Plenty District
6ff8cf3a-2fb1-472a-8d58-927258bc8462,10.0,High Producing Exotic Grassland,,Western Bay of Plenty District
7002987c-754d-40a0-bb7c-70fdf078cf2e,8.4,High Producing Exotic Grassland,,Ōpōtiki District
7003b876-9972-498b-9370-33cc0851ec1d,8.8,High Producing Exotic Grassland,,Western Bay of Plenty District
701eddb0-2de7-4d0c-b1b7-28800b4cfede,8.0,High Producing Exotic Grassland,,Western Bay of Plenty District
702e392d-ce2c-42c2-9546-f619fc060d82,10.0,High Producing Exotic Grassland,,Western Bay of Plenty District
70312a22-2a91-4f76-9077-f5f902534591,8.0,High Producing Exotic Grassland,,Whakatane District
703783e8-9b90-4414-a8f5-33169fd6217e,10.0,Urban Parkland/Open Space,Tauranga,Tauranga City
703bcdd2-fbe8-4f02-9890-2616720a7030,8.0,High Producing Exotic Grassland,,Whakatane District
703e4d3d-bbbc-4358-aab0-7c71d1019a19,10.0,Indigenous Forest,,Western Bay of Plenty District
7050cb65-bf46-4a4f-84bf-901667ea81ac,8.0,High Producing Exotic Grassland,,Whakatane District
70626ff8-42d9-49be-b8bb-5102aeddd9b4,8.0,High Producing Exotic Grassland,,Western Bay of Plenty District
706a96f1-829c-4a21-bb65-a61bb6788527,10.0,High Producing Exotic Grassland,,Ōpōtiki District
706cb146-0bf2-4a1b-847f-584b3967bca3,10.0,High Producing Exotic Grassland,Tauranga,Western Bay of Plenty District
70841a3d-9f3c-420a-a890-7624314bd244,8.4,Short-rotation Cropland,,Ōpōtiki District
7088328,8.0,Urban Parkland/Open Space,,Tauranga City
7095f3fb-31bc-4c79-af92-e81b86c14f8a,8.0,Short-rotation Cropland,,Whakatane District
70973688-b9fd-4133-8f03-b00258e38e4c,8.0,High Producing Exotic Grassland,,Whakatane District
709ca292-c77d-45fd-b699-b09971f257a2,10.0,High Producing Exotic Grassland,,Ōpōtiki District
70a05609-a024-45a3-8278-afdfc7fb31e7,10.0,High Producing Exotic Grassland,Tauranga,Western Bay of Plenty District
70a40fbc-4998-4902-a447-aaf033473a2b,10.0,High Producing Exotic Grassland,Opotiki,Ōpōtiki District
70ad85ae-0663-4def-8b2f-8c6c0feabb3d,8.0,High Producing Exotic Grassland,,Whakatane District
70b85f9c-c268-4867-9221-a11926865aa9,10.0,High Producing Exotic Grassland,Tauranga,Western Bay of Plenty District
70b95357-316f-41db-9329-6c6a8ffec170,10.0,High Producing Exotic Grassland,,Western Bay of Plenty District
70c4d30e-5f5d-4ce8-844a-09f2582dbff9,8.0,Exotic Forest,,Whakatane District
70c5e6a5-d805-412c-8d22-abd5a9bf838f,8.0,High Producing Exotic Grassland,,Western Bay of Plenty District
70c743ba-1fff-4864-b38f-a42c66b9e305,8.0,High Producing Exotic Grassland,,Western Bay of Plenty District
70cec617-9455-4f31-84fe-2bf810136515,8.0,Exotic Forest,,Whakatane District
70f15988-e8a7-4089-816a-65a616880e11,8.0,High Producing Exotic Grassland,,Western Bay of Plenty District
70fe19f8-7ebc-4df5-88f2-989080e3e8f5,8.0,High Producing Exotic Grassland,Pongakawa,Western Bay of Plenty District
7101364,8.4,High Producing Exotic Grassland,,Ōpōtiki District
7117d2c7-7604-42b1-a121-02ea10ae69fe,10.0,High Producing Exotic Grassland,,Western Bay of Plenty District
711920e6-4a5b-488f-80a7-c32f4dd10f82,10.0,Forest - Harvested,,Western Bay of Plenty District
71295e1e-113a-497d-995f-3551493d6665,10.0,Built-up Area (settlement),Tauranga,Tauranga City
712dc154-9c13-4e2c-a85c-3b00e6f8aee9,9.6,Broadleaved Indigenous Hardwoods,Tauranga,Tauranga City
7136181f-1757-450c-a21a-53e4fafdc81c,10.0,High Producing Exotic Grassland,,Western Bay of Plenty District
713ab0b4-7ff2-44b2-be00-cf08cb9068fa,10.0,High Producing Exotic Grassland,,Western Bay of Plenty District
714326cc-7080-4064-8168-3f7fe809b38e,10.0,High Producing Exotic Grassland,,Western Bay of Plenty District
714bc740-7e05-48c1-a89b-4db1e87fe913,10.0,High Producing Exotic Grassland,,Ōpōtiki District
715ce503-f7c5-4a5a-a362-be855e4bc061,8.0,High Producing Exotic Grassland,Pongakawa,Western Bay of Plenty District
7162460,8.0,Exotic Forest,,Whakatane District
7163794,8.0,High Producing Exotic Grassland,,Whakatane District
7163795,8.0,High Producing Exotic Grassland,,Whakatane District
71682920-ab03-478a-83e4-0ce5b8670250,10.0,High Producing Exotic Grassland,,Whakatane District
716f01c6-3314-4b62-9b82-6c8d338092c3,9.6,Indigenous Forest,,Whakatane District
71708b51-6cdf-47f1-be9e-36ac86be99d3,10.0,High Producing Exotic Grassland,,Western Bay of Plenty District
71735e75-375b-46f2-9c7b-9833ccbd3f75,10.0,High Producing Exotic Grassland,,Western Bay of Plenty District
71775bb4-cd5d-46b3-a876-3c595d10fcbe,10.0,High Producing Exotic Grassland,,Western Bay of Plenty District
717cd727-1722-49b3-a62a-1d46e39043f5,10.0,High Producing Exotic Grassland,,Western Bay of Plenty District
718388fc-39a7-4019-a757-7e9493c91e65,10.0,High Producing Exotic Grassland,,Western Bay of Plenty District
7186446f-c2f1-4c9e-bdae-d3d5a68b475b,8.0,High Producing Exotic Grassland,,Western Bay of Plenty District
718783d3-6d98-4e60-9611-7f76538593c1,10.0,High Producing Exotic Grassland,,Western Bay of Plenty District
718a8549-57d1-46ad-aa59-1474462285fd,8.4,High Producing Exotic Grassland,,Whakatane District
7191442,8.4,High Producing Exotic Grassland,,Ōpōtiki District
7192e57e-cc57-4479-b89b-7451aef58b2a,10.0,Manuka and/or Kanuka,,Western Bay of Plenty District
719908c8-35db-4dd8-b834-6bd0f4354b8b,10.0,High Producing Exotic Grassland,,Western Bay of Plenty District
7199fe7e-b1e9-479a-a95c-4e3cebf8e7db,8.0,Short-rotation Cropland,,Whakatane District
71a07f5b-fcce-4b10-a3b9-704704aee470,8.0,High Producing Exotic Grassland,,Ōpōtiki District
71a59869-e2d2-4471-a7db-f8e95fd8d619,8.0,High Producing Exotic Grassland,,Whakatane District
71ae9f60-54f3-43a5-ad6a-fbd65ed23430,10.0,High Producing Exotic Grassland,,Ōpōtiki District
71bac229-cdd0-4394-acfc-901f95bb8b53,10.0,High Producing Exotic Grassland,,Western Bay of Plenty District
71bbb04c-7c00-462e-a652-c610296caf39,8.0,High Producing Exotic Grassland,,Whakatane District
71c1208a-0817-493c-80df-a3c216c272d0,10.0,High Producing Exotic Grassland,,Western Bay of Plenty District
71cac923-263b-4072-8d8b-79d8367d71ec,10.0,Exotic Forest,,Western Bay of Plenty District
71cc3d04-a18d-43ca-ba52-a0262aaf0f59,10.0,Built-up Area (settlement),Tauranga,Tauranga City
71d9125d-893c-454d-a367-0f32672a7c27,10.0,High Producing Exotic Grassland,Tauranga,Western Bay of Plenty District
71d9c34a-b3ee-4cfe-a92a-c27689005071,10.0,High Producing Exotic Grassland,,Western Bay of Plenty District
71efd97a-fbce-4f7d-93c9-f6af336da5ac,8.4,High Producing Exotic Grassland,,Ōpōtiki District
71fb926b-7638-47af-855d-4822189ff55e,10.0,Exotic Forest,Te Puke,Western Bay of Plenty District
71ff3192-6e7d-4534-80c3-bca9956e4b07,10.0,High Producing Exotic Grassland,Tauranga,Tauranga City
720a997a-a73c-4226-a766-642aed87c164,10.0,High Producing Exotic Grassland,,Western Bay of Plenty District
7218bec4-edc0-463a-bf5d-fde0cc6b9771,8.0,High Producing Exotic Grassland,,Whakatane District
721bfcb6-d1e3-4256-8eb2-2247cf58f690,10.0,Urban Parkland/Open Space,,Western Bay of Plenty District
7225b0a3-0084-4973-93c1-6e28efd11df6,10.0,High Producing Exotic Grassland,,Western Bay of Plenty District
722683,8.0,Exotic Forest,Pongakawa,Western Bay of Plenty District
722747,8.0,Exotic Forest,Pongakawa,Western Bay of Plenty District
722772,8.0,Exotic Forest,Pongakawa,Western Bay of Plenty District
722c0233-fa5d-449d-bfd6-0b446c92de27,8.0,High Producing Exotic Grassland,,Whakatane District
723284,8.0,Exotic Forest,Pongakawa,Western Bay of Plenty District
72530ff0-2de9-4c3e-a513-6e5594c06afc,10.0,High Producing Exotic Grassland,,Western Bay of Plenty District
7253698e-0013-49c1-9784-2433e06025d9,8.0,High Producing Exotic Grassland,,Whakatane District
725bcf70-aed4-43d1-951a-c9ad2497a638,8.0,High Producing Exotic Grassland,,Whakatane District
72607c8d-85b4-49bf-b676-7d057bfb018f,10.0,High Producing Exotic Grassland,,Western Bay of Plenty District
72611db6-40e3-431d-8b6c-b658c51cc860,10.0,High Producing Exotic Grassland,,Western Bay of Plenty District
726f8ad5-570b-4c6b-9b40-b2545d4514f0,10.0,High Producing Exotic Grassland,,Whakatane District
7276213,8.0,Built-up Area (settlement),Tauranga,Tauranga City
72791832-ba2d-488d-b2a0-ee331d793c72,8.0,High Producing Exotic Grassland,,Western Bay of Plenty District
7280ad31-97f1-4ed9-bfca-2e45645a32c7,10.0,High Producing Exotic Grassland,,Western Bay of Plenty District
728133a8-fb2d-4caa-8fae-e9fa891276a6,10.0,High Producing Exotic Grassland,Tauranga,Western Bay of Plenty District
72820fba-1c83-458f-9d86-d4c9bfad4271,8.4,High Producing Exotic Grassland,,Ōpōtiki District
728cb8d6-8f81-4c05-b09d-987dc12c00f4,9.6,Forest - Harvested,,Western Bay of Plenty District
72942574-588d-4652-89ff-483f1960b5f6,10.0,High Producing Exotic Grassland,Tauranga,Tauranga City
7294548,8.0,Indigenous Forest,,Whakatane District
7294771,8.0,Indigenous Forest,,Whakatane District
7294772,8.0,Indigenous Forest,,Whakatane District
7294972,8.0,Exotic Forest,,Whakatane District
7294973,8.0,Manuka and/or Kanuka,,Whakatane District
7294d902-60bd-4576-adaf-c4fdb39d932e,10.0,High Producing Exotic Grassland,,Western Bay of Plenty District
729bedfa-ff89-4151-a69c-db5153db9cf4,10.0,Indigenous Forest,Tauranga,Western Bay of Plenty District
729c4099-b3fa-41c3-99f7-94c5c45647b5,8.0,High Producing Exotic Grassland,,Western Bay of Plenty District
729ec809-218e-4f70-bcae-a50eba63c643,8.8,High Producing Exotic Grassland,,Western Bay of Plenty District
729f73ca-74a7-4f1a-9eb4-d958bbd863a8,10.0,High Producing Exotic Grassland,,Whakatane District
72a29a1a-5ce5-438b-baf8-eb104e2b402a,8.0,High Producing Exotic Grassland,,Whakatane District
72a99ea1-c6b8-48c2-b7d3-35f3fe61f132,8.0,Built-up Area (settlement),,Tauranga City
72aa30ea-5103-49f5-af59-0c62b98c008a,8.0,High Producing Exotic Grassland,,Whakatane District
72adb564-ec9e-4a5b-8559-e25c0074e4a4,8.0,Broadleaved Indigenous Hardwoods,Te Puke,Western Bay of Plenty District
72ba460f-1eeb-4f20-9b8c-5839093f7c82,8.4,Built-up Area (settlement),,Whakatane District
72c744d4-c250-4bde-b2bc-e2c73a4c170d,10.0,High Producing Exotic Grassland,Tauranga,Western Bay of Plenty District
72cea33e-9319-491a-b3e4-42012165acf9,10.0,High Producing Exotic Grassland,,Western Bay of Plenty District
72db4884-d336-47db-a512-84334e732da9,8.8,High Producing Exotic Grassland,,Western Bay of Plenty District
72dd1532-a8f5-40af-8c73-0970432deb76,10.0,High Producing Exotic Grassland,Tauranga,Western Bay of Plenty District
72e3c099-a87f-4726-8aaa-6ed435db807d,8.4,High Producing Exotic Grassland,,Whakatane District
72ef45eb-069c-4a56-a584-e36997c10203,8.4,High Producing Exotic Grassland,,Ōpōtiki District
72f3edc4-67ae-4eed-9d62-751f1a827b0e,8.8,High Producing Exotic Grassland,,Western Bay of Plenty District
72f75d6e-48f2-48ce-bc96-28a0939c255d,10.0,High Producing Exotic Grassland,,Western Bay of Plenty District
72fe566c-edc1-4d3d-bdf4-310d4a6f7dd3,8.4,Indigenous Forest,,Ōpōtiki District
730537d5-5d9d-42bc-b0d9-adeb0b216980,10.0,High Producing Exotic Grassland,,Ōpōtiki District
730a2af9-6290-479b-ac99-7612ced96018,10.0,Forest - Harvested,Te Puke,Western Bay of Plenty District
730b3f19-475a-4ab9-812b-98768ab87b72,8.0,Indigenous Forest,Te Puke,Western Bay of Plenty District
730d89de-2106-4d25-acd5-fee5ef042fdf,10.0,High Producing Exotic Grassland,,Western Bay of Plenty District
730efed0-236c-4365-8fd2-a702caade961,10.0,High Producing Exotic Grassland,,Western Bay of Plenty District
731fd8c6-aee6-458b-a84e-960887bb5b30,8.0,High Producing Exotic Grassland,,Whakatane District
7320b3a4-c51c-464e-b016-ebc4bab45ebc,8.0,High Producing Exotic Grassland,,Whakatane District
73286b6b-2edf-4b18-b52a-e5dc52cb9a59,10.0,Broadleaved Indigenous Hardwoods,,Western Bay of Plenty District
73339505-21e0-43a6-bbf9-ccefd9c07c05,10.0,High Producing Exotic Grassland,,Western Bay of Plenty District
7333f578-6317-40ba-89b2-a4b2ce3000b6,10.0,High Producing Exotic Grassland,,Ōpōtiki District
733d8b23-78d4-4943-8b4b-1135005c27be,10.0,High Producing Exotic Grassland,,Ōpōtiki District
733fdcdc-6ce8-4547-8379-bdc30862fbec,8.8,Manuka and/or Kanuka,,Western Bay of Plenty District
73419bcb-8c28-4e91-950e-2057f08fbe1b,10.0,High Producing Exotic Grassland,,Ōpōtiki District
73441fcc-3ea4-42d4-a63a-96b60f1642e2,9.5,High Producing Exotic Grassland,,Western Bay of Plenty District
734d5bd9-0697-4103-9f03-915ccb41ecb4,10.0,Built-up Area (settlement),,Western Bay of Plenty District
736930ac-1f54-41bc-a381-a8559ab35bc2,10.0,High Producing Exotic Grassland,,Western Bay of Plenty District
736a58cc-47ef-47ef-935a-0806abbbef28,8.0,High Producing Exotic Grassland,,Western Bay of Plenty District
737129,8.0,Broadleaved Indigenous Hardwoods,,Whakatane District
73766ad1-5f18-4f8a-aab1-196facfb1497,8.0,Exotic Forest,,Whakatane District
7377c4ea-797b-440d-bf84-6eb521176d11,10.0,High Producing Exotic Grassland,,Western Bay of Plenty District
73792f85-c3f7-4f0b-b24c-f8c130bdc741,8.0,High Producing Exotic Grassland,,Whakatane District
738aadde-d9c3-473d-ba7e-a3bdf50e4e58,10.0,High Producing Exotic Grassland,,Western Bay of Plenty District
738f0504-0d1f-491d-bb11-8010459ca614,8.0,Exotic Forest,,Western Bay of Plenty District
7395965e-9b7a-452f-8a92-ae00c4924a1a,10.0,High Producing Exotic Grassland,,Ōpōtiki District
739a37f5-1403-437e-beef-0063e7665f24,10.0,Indigenous Forest,,Western Bay of Plenty District
73a6ec71-e7d3-4c26-b05e-0901d86c44da,10.0,High Producing Exotic Grassland,,Western Bay of Plenty District
73a6f6db-9439-4785-a189-e8fd0df8f8be,8.0,Exotic Forest,,Western Bay of Plenty District
73a82a58-7eaa-4e1b-83e8-40ffab7836c6,10.0,High Producing Exotic Grassland,,Western Bay of Plenty District
73a96c9d-ef03-4466-bed6-321db47d3a45,10.0,High Producing Exotic Grassland,,Western Bay of Plenty District
73b26ff2-408f-4210-82e8-cdcf349ff77a,10.0,High Producing Exotic Grassland,,Western Bay of Plenty District
73b914f9-3209-4506-817a-07cf6ce08378,8.4,High Producing Exotic Grassland,,Ōpōtiki District
73befa17-2f6b-4761-aaac-d3cc2008a624,8.0,High Producing Exotic Grassland,,Whakatane District
73c81983-2a27-4d76-8fad-e117515e570c,8.4,Indigenous Forest,,Ōpōtiki District
73cbfc3e-7ecb-41d6-b8df-8aa1ce36ea4e,8.4,Short-rotation Cropland,,Ōpōtiki District
73def108-8539-42fb-9469-e973d77a582d,10.0,High Producing Exotic Grassland,,Whakatane District
73e5b336-7ed3-44f8-a0d1-00970f69f1b7,8.0,Exotic Forest,,Whakatane District
73e7ca31-8b25-4a71-9fc7-8f432148f02d,10.0,High Producing Exotic Grassland,Tauranga,Western Bay of Plenty District
73ee2a97-3d70-4b71-b6f9-efc7df65074c,10.0,Low Producing Grassland,,Western Bay of Plenty District
73f6a7bf-ef0e-467c-840a-538296a0703a,8.0,High Producing Exotic Grassland,Pongakawa,Western Bay of Plenty District
73fa80ae-e4ff-47d8-a94a-e3bc710bb168,10.0,Indigenous Forest,Tauranga,Western Bay of Plenty District
7408c6a7-b220-421c-ba27-8548b9dfa1f5,10.0,Indigenous Forest,Tauranga,Western Bay of Plenty District
741a6e17-7d50-4ca8-bda0-5045133058a2,8.0,High Producing Exotic Grassland,Te Puke,Western Bay of Plenty District
7425b9d5-9a78-4f61-8139-d17c432736d7,10.0,High Producing Exotic Grassland,,Ōpōtiki District
7431b827-8d47-497c-8f01-ff3910ee31b6,10.0,High Producing Exotic Grassland,,Western Bay of Plenty District
74338d0e-1584-49a2-8890-1c2984858d89,10.0,High Producing Exotic Grassland,,Western Bay of Plenty District
7436dae3-9616-4b2c-8853-6cc5ef4818cd,8.0,High Producing Exotic Grassland,,Western Bay of Plenty District
7440589,9.6,Exotic Forest,,Western Bay of Plenty District
744062ed-81d4-4297-a644-7b8b1d2f787c,10.0,Indigenous Forest,,Ōpōtiki District
7441b683-d896-4f43-b687-c7511c8a3e73,10.0,High Producing Exotic Grassland,,Western Bay of Plenty District
744201f2-3dfc-49ea-bef8-95ac88e943f7,10.0,High Producing Exotic Grassland,,Ōpōtiki District
7448138c-3025-457c-93fa-6f2dfc415d6c,10.0,High Producing Exotic Grassland,Tauranga,Western Bay of Plenty District
7448464,8.4,High Producing Exotic Grassland,,Whakatane District
7448c260-bd30-4289-aa2b-f172a58c2c07,8.4,High Producing Exotic Grassland,,Whakatane District
744aac0a-07d0-40ba-9f08-5433df7ae0c1,10.0,High Producing Exotic Grassland,,Ōpōtiki District
7454d2f6-a1b2-4f08-a68b-0f32ea0bbc79,8.0,High Producing Exotic Grassland,,Whakatane District
74561d23-6d23-4af0-838d-c1890f059c14,8.0,High Producing Exotic Grassland,,Whakatane District
74594646-f1d0-4422-bf6b-63f1d7627064,8.0,Broadleaved Indigenous Hardwoods,,Whakatane District
745faee6-a4c9-4421-a718-a6b759a2995d,8.0,Broadleaved Indigenous Hardwoods,,Whakatane District
74607b39-2cfc-4c4c-9fef-0630494b1153,10.0,Indigenous Forest,,Western Bay of Plenty District
7460e2a0-80c9-4b27-8884-fb599a351e3c,10.0,Urban Parkland/Open Space,Tauranga,Tauranga City
7463908a-4a00-4834-a7d0-a99d55ded5fa,9.6,Broadleaved Indigenous Hardwoods,,Western Bay of Plenty District
746497a8-c1e4-4a1b-8319-91c472497edb,10.0,High Producing Exotic Grassland,,Western Bay of Plenty District
7472902,10.0,Indigenous Forest,,Western Bay of Plenty District
747b301e-447c-4cb2-a658-75ebdf645375,10.0,High Producing Exotic Grassland,,Western Bay of Plenty District
74811785-03d3-4c33-abea-e3c12f6177e0,10.0,Urban Parkland/Open Space,Tauranga,Tauranga City
7486930,10.0,Exotic Forest,,Western Bay of Plenty District
748c27f3-da7b-449d-8a53-e403e90e0b7d,8.0,High Producing Exotic Grassland,,Western Bay of Plenty District
749b0449-1f85-4890-a918-5e80f3c75486,10.0,High Producing Exotic Grassland,,Western Bay of Plenty District
74aa637a-ad83-42d1-9281-8a60277eed27,10.0,High Producing Exotic Grassland,,Western Bay of Plenty District
74b2391f-0a3b-4727-b34e-64e7a8193fd8,10.0,High Producing Exotic Grassland,,Western Bay of Plenty District
74bd9c2d-447d-42ac-af69-9d03142496aa,8.4,High Producing Exotic Grassland,,Ōpōtiki District
74d476be-6b3a-4c98-a946-2eb6bcce39b3,10.0,High Producing Exotic Grassland,,Western Bay of Plenty District
74dc1d42-19a6-4b6c-90f6-8627801cdaac,8.0,Manuka and/or Kanuka,,Whakatane District
74e85997-c807-4333-9140-d6248101f32f,8.8,High Producing Exotic Grassland,,Western Bay of Plenty District
74e89620-461e-4b69-b196-8b1c308615b5,8.4,Manuka and/or Kanuka,,Ōpōtiki District
74f535f8-3c30-4f49-8c26-9a2cfdd44ebd,8.8,High Producing Exotic Grassland,,Western Bay of Plenty District
74fbffb9-a7fc-451d-9338-04347ef09f11,8.4,High Producing Exotic Grassland,,Ōpōtiki District
7504787,9.6,Indigenous Forest,,Western Bay of Plenty District
751c46a7-928f-470c-964d-e32b8034518f,10.0,Manuka and/or Kanuka,,Ōpōtiki District
751fadfd-1dc5-4a03-8f1a-5a9f0d2c183b,10.0,Broadleaved Indigenous Hardwoods,Tauranga,Tauranga City
75205957-b2d3-4374-b3d4-9ecdb7f21904,10.0,High Producing Exotic Grassland,,Western Bay of Plenty District
75282ccb-6d94-471a-961c-dd18f53416a1,8.0,Indigenous Forest,,Western Bay of Plenty District
75291037-6d8b-43fa-8618-7a3146e78c7f,8.4,Indigenous Forest,,Ōpōtiki District
75362679-7de6-4c35-9030-a85862480239,10.0,High Producing Exotic Grassland,,Western Bay of Plenty District
75367d6d-946e-44ab-8c3b-3d296c76154c,9.6,Manuka and/or Kanuka,,Whakatane District
753bc3bd-9850-40c3-a496-73970a0d270d,8.4,Short-rotation Cropland,,Whakatane District
75413669-664e-4878-ba2f-798fa771994e,8.0,Mixed Exotic Shrubland,Te Puke,Western Bay of Plenty District
754153c4-8f13-4f86-943a-6c6fe62b6ac4,8.0,Urban Parkland/Open Space,Te Puke,Western Bay of Plenty District
7550170,8.0,Exotic Forest,,Whakatane District
7552e50a-26b0-4a06-b143-07d23c820a7a,8.0,High Producing Exotic Grassland,,Whakatane District
7553a440-5daa-43d9-88e7-6b37cfad92a6,10.0,Indigenous Forest,,Western Bay of Plenty District
7555e17b-5187-4d0f-ac76-83f8dd34d08e,8.0,Surface Mine or Dump,,Western Bay of Plenty District
7561454d-c6ed-4430-9a1d-8059ffadd606,9.5,High Producing Exotic Grassland,,Western Bay of Plenty District
7564f985-54f8-4158-ba64-4fdfa54202d3,8.0,High Producing Exotic Grassland,Pongakawa,Western Bay of Plenty District
75661300-ca59-412a-ad43-9cc2d0b52fdc,10.0,High Producing Exotic Grassland,,Western Bay of Plenty District
75693408-3c83-4ba2-b7f8-fd3ea2f5eced,8.0,Indigenous Forest,Te Puke,Western Bay of Plenty District
7573b1cb-4577-4495-8d01-f883310e2894,10.0,High Producing Exotic Grassland,Tauranga,Tauranga City
7588180,8.4,Exotic Forest,,Western Bay of Plenty District
7588188,8.8,Exotic Forest,,Western Bay of Plenty District
7588189,8.8,Exotic Forest,,Western Bay of Plenty District
759ce811-91a2-4d36-87e0-a472d37130b1,10.0,High Producing Exotic Grassland,,Ōpōtiki District
75a7f863-5f98-4cfd-84e4-a0f340cfa574,10.0,High Producing Exotic Grassland,Tauranga,Tauranga City
75a9e4f2-af9c-4e42-9db5-0782f3bf2b72,8.0,High Producing Exotic Grassland,,Whakatane District
75af75c2-6f3c-433b-82fc-2fc800c65a43,10.0,Urban Parkland/Open Space,Tauranga,Tauranga City
75b0b2de-04c0-4f76-adb0-9c992b1dea43,10.0,High Producing Exotic Grassland,,Ōpōtiki District
75b5fa43-f4dd-4754-84f5-0a03b0fed758,8.0,High Producing Exotic Grassland,,Whakatane District
75bdc744-d871-486c-8526-0298a2b1581b,10.0,Indigenous Forest,,Western Bay of Plenty District
75c4f23a-7a5b-410d-9e81-66cab04c9b7e,10.0,High Producing Exotic Grassland,,Western Bay of Plenty District
75dfbdfc-b114-44e0-887c-d25607e731b2,10.0,Indigenous Forest,,Western Bay of Plenty District
75e04852-7967-4a3c-a385-884ff3818c6d,8.8,High Producing Exotic Grassland,,Western Bay of Plenty District
75ebe492-3e29-40ed-93bc-2b5555bc2f1a,8.0,High Producing Exotic Grassland,Pongakawa,Western Bay of Plenty District
75f892f4-4d2b-4c1a-829c-7f71f2c47149,10.0,High Producing Exotic Grassland,,Western Bay of Plenty District
75fded9f-6586-485d-aa1a-70877ad1c711,8.0,Indigenous Forest,,Western Bay of Plenty District
76048551-15d7-4191-bc45-9c9a33b24587,10.0,High Producing Exotic Grassland,,Whakatane District
760596e6-0395-431e-9415-0b6c06a42864,9.6,Exotic Forest,,Western Bay of Plenty District
7608b645-2f27-40d6-a005-a2a6ca5a328d,10.0,Indigenous Forest,Tauranga,Western Bay of Plenty District
76167245-fa45-4f19-9b9c-f1d503db9441,8.0,Broadleaved Indigenous Hardwoods,,Whakatane District
7617953,10.0,Indigenous Forest,,Western Bay of Plenty District
761d0708-c00e-4fd4-9894-0815cf375a7b,8.4,High Producing Exotic Grassland,,Whakatane District
762afdc0-603c-4d01-9ecb-b9d6824b9825,10.0,High Producing Exotic Grassland,,Ōpōtiki District
7638a859-eb9a-4909-859b-8ee1dff142d7,10.0,Indigenous Forest,Tauranga,Western Bay of Plenty District
763a1164-545f-44fa-8bf1-d6b25679382f,10.0,High Producing Exotic Grassland,,Western Bay of Plenty District
763c63cd-6de8-4ab0-844d-42b3d9f5d1f7,10.0,High Producing Exotic Grassland,,Western Bay of Plenty District
763f7588-4129-4bf6-a064-36e6eacc59f3,10.0,High Producing Exotic Grassland,,Western Bay of Plenty District
76403163-833e-4d5a-94c1-63d72509cd98,8.0,Indigenous Forest,,Whakatane District
764307ef-4104-48a3-8599-6d55e0342350,10.0,High Producing Exotic Grassland,,Western Bay of Plenty District
764de405-634d-4aa2-baf9-11cf02933b19,10.0,Low Producing Grassland,,Western Bay of Plenty District
7655192,8.8,Indigenous Forest,,Western Bay of Plenty District
765b4b12-90d5-4511-98e9-05b7d2a9f7e5,10.0,High Producing Exotic Grassland,,Western Bay of Plenty District
7660146d-62c8-4603-9f6b-181b1d96eaf9,10.0,High Producing Exotic Grassland,Te Puke,Western Bay of Plenty District
76664153-3514-429f-851d-0f2f02abe21b,10.0,High Producing Exotic Grassland,,Western Bay of Plenty District
7669fda1-d53c-42dd-af36-b83b6b02fd70,9.6,Exotic Forest,,Western Bay of Plenty District
7676e0d1-aa9c-4a82-8d94-8784a81672fe,10.0,High Producing Exotic Grassland,Tauranga,Western Bay of Plenty District
767973cc-03da-4896-94ae-6592e8997a0c,8.0,High Producing Exotic Grassland,,Whakatane District
767db963-cc89-4463-b732-9559bb3a3254,8.0,High Producing Exotic Grassland,Pongakawa,Western Bay of Plenty District
767f01f3-231e-45ad-9b8c-36332ecd815b,9.6,High Producing Exotic Grassland,Tauranga,Western Bay of Plenty District
768adb8d-fe00-4cb0-a404-fd43260f5800,8.0,High Producing Exotic Grassland,,Western Bay of Plenty District
768b9b32-d09f-41ca-a896-9da13601b595,8.0,High Producing Exotic Grassland,,Whakatane District
7695be89-77ae-43ae-a76e-a7284112f1f8,8.0,Exotic Forest,,Whakatane District
7696943f-2bb4-4a81-b2e3-766f1b221dc7,8.0,High Producing Exotic Grassland,,Western Bay of Plenty District
769aac96-6273-4d0a-b8e7-a7e15b65af30,10.0,High Producing Exotic Grassland,,Ōpōtiki District
76a40586-b409-49c5-a53b-3ff53471d33c,8.0,High Producing Exotic Grassland,,Whakatane District
76a4d008-bc98-4f53-9387-002e358e90bf,8.0,High Producing Exotic Grassland,,Whakatane District
76a5648c-6624-4b6e-bc5f-2435da3a1369,8.0,High Producing Exotic Grassland,,Whakatane District
76b40e18-e18a-429c-8c0f-f6f2e2e291d0,10.0,High Producing Exotic Grassland,,Western Bay of Plenty District
76bd111a-4d38-4acd-8958-a15a081094b4,8.4,High Producing Exotic Grassland,,Ōpōtiki District
76bfc35f-4d42-4cbb-bff4-f4c064832075,10.0,High Producing Exotic Grassland,Katikati,Western Bay of Plenty District
76bff48d-2292-4cce-9601-97651f59e7d0,8.0,High Producing Exotic Grassland,Te Puke,Western Bay of Plenty District
76c0d53b-8d5b-40dd-b284-bef1c520a667,10.0,High Producing Exotic Grassland,,Western Bay of Plenty District
76d069fb-983d-4668-b691-359e19edacc3,8.0,Built-up Area (settlement),,Tauranga City
76e05703-a28e-43a8-8894-c8c508afc8bb,10.0,High Producing Exotic Grassland,,Whakatane District
76f4166a-2129-4a79-b482-8197d8f2ee6c,8.0,High Producing Exotic Grassland,Te Puke,Western Bay of Plenty District
76f5921c-3d5b-49c0-9731-966e8bd9c7bb,10.0,Broadleaved Indigenous Hardwoods,Tauranga,Tauranga City
76f9d212-1be8-4ae4-a34e-f0acee799a38,8.8,Indigenous Forest,,Western Bay of Plenty District
76fa8f70-b1a7-4fe6-b64d-331e9b106ec4,10.0,High Producing Exotic Grassland,,Western Bay of Plenty District
76fcdd63-506c-4ef4-92c0-7b7c34bd0422,10.0,High Producing Exotic Grassland,,Western Bay of Plenty District
7700d35d-b681-4fd0-a109-2bbfde645748,10.0,High Producing Exotic Grassland,,Western Bay of Plenty District
77064459-12f0-4f4f-b260-11267841756b,9.6,High Producing Exotic Grassland,Tauranga,Western Bay of Plenty District
7706b5af-db91-4f05-bf7d-d74144e079a7,8.8,High Producing Exotic Grassland,,Western Bay of Plenty District
770f1f27-ca46-463b-95a5-7945058bc2ab,10.0,High Producing Exotic Grassland,,Western Bay of Plenty District
770f339b-4fc4-41c3-93d1-dc67e4aa3592,8.0,Urban Parkland/Open Space,Te Puke,Western Bay of Plenty District
771d1b0b-ed72-47af-b892-4baeb8fd4a68,10.0,High Producing Exotic Grassland,,Western Bay of Plenty District
771ecd23-da90-45aa-b67a-3f95c003a106,10.0,High Producing Exotic Grassland,Tauranga,Tauranga City
7730b63b-daea-436b-a515-bc320eccb531,10.0,High Producing Exotic Grassland,,Western Bay of Plenty District
7738f6a3-d029-4b6d-b448-57ab322e5507,10.0,High Producing Exotic Grassland,,Whakatane District
773fe1eb-ef20-4ec5-b35f-4a86dfca374c,10.0,High Producing Exotic Grassland,,Western Bay of Plenty District
7740518,8.0,Exotic Forest,,Whakatane District
7747cd48-019c-4611-96c0-ffbc26bc5826,10.0,High Producing Exotic Grassland,,Western Bay of Plenty District
774ac294-dc42-4253-a72c-ab8bc55b76e4,8.8,Indigenous Forest,,Western Bay of Plenty District
775c0f95-6831-4e36-8be0-d3aacd1985b9,10.0,High Producing Exotic Grassland,,Western Bay of Plenty District
7766182f-6d6d-407b-8df2-11ccee79dac2,8.0,High Producing Exotic Grassland,,Western Bay of Plenty District
77676d1b-3798-45bb-899c-ecd18057f107,8.0,High Producing Exotic Grassland,,Western Bay of Plenty District
776836ae-07cf-450f-8f99-fb6f5a870ab0,10.0,Low Producing Grassland,,Western Bay of Plenty District
777e6fd1-d659-4d91-a114-710c7beb7893,10.0,Built-up Area (settlement),Tauranga,Tauranga City
7782490,8.0,Indigenous Forest,,Whakatane District
7782e8f7-c4e9-4047-8904-8ea00fa7d53f,10.0,High Producing Exotic Grassland,,Western Bay of Plenty District
778e1580-abcc-41da-85ef-f884e66e345a,10.0,High Producing Exotic Grassland,,Ōpōtiki District
7799e210-8374-47d4-99a3-6169c562c9ed,10.0,High Producing Exotic Grassland,,Ōpōtiki District
779f9c8f-2258-4de6-bea2-c491721846f9,10.0,High Producing Exotic Grassland,,Western Bay of Plenty District
77a47a24-511a-4144-b558-8aa56acf45eb,10.0,High Producing Exotic Grassland,,Western Bay of Plenty District
77a99726-e304-4215-8811-56a87d3c9c05,8.0,Low Producing Grassland,Te Puke,Western Bay of Plenty District
77ab79b4-e738-4d9e-80d9-592140915992,8.0,High Producing Exotic Grassland,,Western Bay of Plenty District
77b468e6-49ef-4433-8210-6bbc0cb294b2,10.0,High Producing Exotic Grassland,,Western Bay of Plenty District
77bfc4c3-e3f0-42b0-a8ee-caa6fd7d53d1,10.0,Indigenous Forest,,Western Bay of Plenty District
77d38d97-b123-4f91-a72a-e569b90b90dd,8.0,Broadleaved Indigenous Hardwoods,,Whakatane District
77e44af1-e6c5-4d78-a26a-ef764d81cee4,8.8,Indigenous Forest,,Western Bay of Plenty District
77eebac9-514c-4293-823d-30bd117dcdb6,10.0,Built-up Area (settlement),,Tauranga City
77f116c3-5045-4777-8487-3b3f27649cb9,10.0,Indigenous Forest,Tauranga,Western Bay of Plenty District
77ffd2bc-4bb9-4207-83fb-112e471a4f65,8.0,High Producing Exotic Grassland,,Whakatane District
780fad8e-ea42-4727-8924-417d8d7bc638,8.0,High Producing Exotic Grassland,,Whakatane District
781f28e2-347b-4134-b04a-491e76feee7b,10.0,High Producing Exotic Grassland,Tauranga,Tauranga City
785def6c-168b-4afc-99a8-e63c6bf38399,8.0,High Producing Exotic Grassland,,Whakatane District
786370c8-d8c1-4a83-b0b0-047bc7eec79c,10.0,High Producing Exotic Grassland,,Western Bay of Plenty District
78663a5d-4be5-47c2-a0e2-4eba31fed162,10.0,High Producing Exotic Grassland,,Western Bay of Plenty District
786e4d35-e5ba-4063-8ec2-c2713d93e0bd,8.0,Deciduous Hardwoods,,Whakatane District
7874112a-7af8-4b54-977d-d8b315a7d04a,8.4,High Producing Exotic Grassland,,Whakatane District
7875abf9-5e6a-45e2-826f-6004a44b3753,10.0,High Producing Exotic Grassland,,Ōpōtiki District
7877b2fd-92d1-450e-93a1-201f26a89c0c,10.0,Mixed Exotic Shrubland,,Western Bay of Plenty District
78799a69-0f84-47d5-b0c6-697f29cde446,10.0,High Producing Exotic Grassland,,Ōpōtiki District
787f4b5f-e794-4563-a6cb-017607ce99a5,8.0,Indigenous Forest,Te Puke,Western Bay of Plenty District
78810a5e-ef1a-4553-80fb-986aad3cec81,8.4,High Producing Exotic Grassland,,Ōpōtiki District
7883bbda-d007-4744-b516-fc92e2db97bb,10.0,High Producing Exotic Grassland,,Western Bay of Plenty District
78925cc1-e2a7-45b6-880d-2354bd5a9860,10.0,High Producing Exotic Grassland,,Western Bay of Plenty District
789a3b78-b67c-4126-942e-512fcdff4c95,10.0,Indigenous Forest,,Western Bay of Plenty District
789b551a-dc49-4408-a70b-d017d02a34e0,10.0,High Producing Exotic Grassland,,Western Bay of Plenty District
789b6883-f04d-4c37-9e4e-1d1fa48bedf9,10.0,High Producing Exotic Grassland,,Western Bay of Plenty District
789be582-a2f9-4be6-988e-a5039ef5b5cb,8.0,High Producing Exotic Grassland,,Whakatane District
78aa1989-c68b-49f0-9d55-7ea979ba914b,10.0,High Producing Exotic Grassland,,Western Bay of Plenty District
78b5fb73-7ac5-4a20-98d9-aee9fa28548a,10.0,High Producing Exotic Grassland,Tauranga,Tauranga City
78b94880-5938-49b4-890f-5706e8925116,10.0,High Producing Exotic Grassland,Pongakawa,Western Bay of Plenty District
78bb7b67-363a-47a7-a389-98d0c59d2169,8.0,High Producing Exotic Grassland,,Whakatane District
78be351d-166d-409d-8215-07d9716b6e23,10.0,High Producing Exotic Grassland,,Western Bay of Plenty District
78c0ff5d-3f0a-4a63-b98a-77fc44c5733d,10.0,High Producing Exotic Grassland,Tauranga,Western Bay of Plenty District
78c2d82d-b3fa-4414-b7ca-b794589fb3e7,8.0,High Producing Exotic Grassland,,Whakatane District
78c4375e-9fc3-4dda-95ba-986d0ce6829b,10.0,High Producing Exotic Grassland,Tauranga,Western Bay of Plenty District
78c6c4e9-8a68-4746-9092-99228593f5df,10.0,Exotic Forest,,Western Bay of Plenty District
78cb9f11-ce0e-4d3c-98a3-8ca8f49cbeaf,8.4,High Producing Exotic Grassland,,Ōpōtiki District
78cc269a-52a3-4edf-be6e-5b91b9bc12e2,8.0,High Producing Exotic Grassland,,Whakatane District
78ccd27b-a3d8-45ce-88d9-c32a3add596b,8.0,Indigenous Forest,Te Puke,Western Bay of Plenty District
78d74584-2394-499b-86e0-a14342f72587,8.0,Broadleaved Indigenous Hardwoods,Te Puke,Western Bay of Plenty District
78d82fd4-b733-4f2e-a546-98cf5ba1372d,10.0,High Producing Exotic Grassland,,Western Bay of Plenty District
78d95a22-96e0-4485-9b5b-13c443f9bad9,8.4,High Producing Exotic Grassland,,Ōpōtiki District
78dfd8b0-e621-48d8-b018-a41ab3f25dab,10.0,Indigenous Forest,Tauranga,Western Bay of Plenty District
78e075e1-1137-49d6-98e0-5227b56fc6e4,8.0,High Producing Exotic Grassland,,Whakatane District
78e5799d-4818-4543-a306-412498296fb8,10.0,High Producing Exotic Grassland,Tauranga,Western Bay of Plenty District
78efb63a-de64-4bb0-b85c-114997c0ca26,8.4,High Producing Exotic Grassland,,Whakatane District
78f2afd0-4769-4ada-8f63-470134d0ea29,10.0,Built-up Area (settlement),Tauranga,Tauranga City
78fa0780-3771-4146-87ea-b0037e75cc0c,10.0,Indigenous Forest,,Western Bay of Plenty District
7901f4d9-8138-4af5-be9d-d024cd3f2abb,10.0,High Producing Exotic Grassland,,Ōpōtiki District
7908be26-1791-4a42-9a3f-be0fd63173aa,10.0,High Producing Exotic Grassland,,Western Bay of Plenty District
7909c1fd-7804-4385-9850-190f7e97e4d4,10.0,Built-up Area (settlement),,Western Bay of Plenty District
7913b6b2-7860-450a-b0a4-83eb16cd0b1e,8.0,Broadleaved Indigenous Hardwoods,,Whakatane District
79155f6a-bc47-4fe9-9194-e8a755cfe55b,8.0,High Producing Exotic Grassland,Te Puke,Western Bay of Plenty District
7916a5cc-e48b-415a-9f6c-07fd9fd0d529,10.0,Broadleaved Indigenous Hardwoods,,Western Bay of Plenty District
791ad0d2-1b7c-44b4-8c39-9632d7292a09,8.0,High Producing Exotic Grassland,Te Puke,Western Bay of Plenty District
791cf4f8-0ade-4195-9d51-7d1dc204e36d,8.0,High Producing Exotic Grassland,,Western Bay of Plenty District
791d5f06-8392-4907-b291-54c213e7bfad,10.0,High Producing Exotic Grassland,Tauranga,Tauranga City
791d796c-314d-40d8-99bb-a9a79083057a,10.0,Built-up Area (settlement),Katikati,Western Bay of Plenty District
791ecb5a-f1d2-4335-88bf-68b2764e315a,10.0,High Producing Exotic Grassland,Tauranga,Tauranga City
792aff11-5fd5-4f2d-aef3-3c8bbf7152d9,8.0,High Producing Exotic Grassland,,Whakatane District
7930518e-8e88-4d79-bb34-5ce53f5ab688,8.0,High Producing Exotic Grassland,,Whakatane District
793993bf-eb52-4fa7-839d-b46fda2cdde6,10.0,High Producing Exotic Grassland,,Western Bay of Plenty District
79446652-7843-488a-8001-6df102c8f83b,10.0,High Producing Exotic Grassland,,Western Bay of Plenty District
79470943-92fc-4345-b256-c0060bd9a023,8.0,High Producing Exotic Grassland,,Whakatane District
795582c8-42ed-42f4-a7d3-1275c6ce0429,10.0,High Producing Exotic Grassland,,Western Bay of Plenty District
795790a1-23a4-4c65-994d-a881bc6acce0,10.0,High Producing Exotic Grassland,,Western Bay of Plenty District
795972dd-5803-471c-b75b-164dccfa8edb,10.0,Manuka and/or Kanuka,,Western Bay of Plenty District
795c2e1e-aa2a-4f9d-98b1-ae76e14752ff,8.0,Indigenous Forest,Te Puke,Western Bay of Plenty District
79603a02-1525-46b3-92af-4016ebe2c9dd,10.0,High Producing Exotic Grassland,,Western Bay of Plenty District
79656782-86a2-46f3-8949-4b35ea8be6b5,8.0,High Producing Exotic Grassland,,Whakatane District
796b4bac-2bfa-4b83-b021-1e4f6c004a17,10.0,High Producing Exotic Grassland,,Western Bay of Plenty District
796e4f75-e72c-46d4-84ec-bffb75467413,8.0,Indigenous Forest,,Whakatane District
7975a374-c0da-4680-ad3f-bba26c205d48,10.0,High Producing Exotic Grassland,,Western Bay of Plenty District
797d286b-b984-4443-83ed-ef007fef6082,10.0,High Producing Exotic Grassland,,Western Bay of Plenty District
799aeaa1-9bf4-4731-bc21-df42f30e226a,10.0,High Producing Exotic Grassland,,Western Bay of Plenty District
799c3065-3a03-4948-adf3-945f9c57e830,10.0,Exotic Forest,,Western Bay of Plenty District
79a20112-4a1c-443f-939c-215c9ba64f71,10.0,High Producing Exotic Grassland,,Western Bay of Plenty District
79a4e278-fa51-41ee-bb72-8539f93d694a,8.0,High Producing Exotic Grassland,,Whakatane District
79b56db1-77e5-411d-a641-589dd78e0f16,10.0,High Producing Exotic Grassland,,Western Bay of Plenty District
79be00fd-dcf7-4656-8ce1-ae00f7d50e64,10.0,High Producing Exotic Grassland,,Western Bay of Plenty District
79c5d52d-92e8-4ea0-9e9d-870bd8fa2fd8,10.0,Manuka and/or Kanuka,,Ōpōtiki District
79caaf28-c66a-4248-ae35-e16afc569e95,10.0,High Producing Exotic Grassland,,Western Bay of Plenty District
79cd69c3-aee4-4d5e-bd40-313f5976f5dc,10.0,Built-up Area (settlement),Tauranga,Tauranga City
79d57365-a82a-4bb4-a20e-ea5b4f87c0d5,8.0,High Producing Exotic Grassland,Pongakawa,Western Bay of Plenty District
79def807-1355-43b6-8c9c-9bc8c8d37a63,9.6,Urban Parkland/Open Space,Tauranga,Tauranga City
79e04ba6-5ebc-4e5a-86cc-8ceb3cfe67ba,10.0,High Producing Exotic Grassland,,Western Bay of Plenty District
79fe1d5a-a8ed-4f9b-9bc4-e19dcd932fbf,8.8,High Producing Exotic Grassland,,Western Bay of Plenty District
7a074f00-50ee-46f0-9208-ac5b44767cb6,8.0,High Producing Exotic Grassland,,Whakatane District
7a0ac854-5421-41e8-822d-c3ccf44e6e43,10.0,Short-rotation Cropland,,Western Bay of Plenty District
7a0b0382-ce1d-4cb1-8030-1f1a24104039,10.0,High Producing Exotic Grassland,Tauranga,Tauranga City
7a1c9b4b-246c-47e6-9ca0-02d19ba1783d,10.0,High Producing Exotic Grassland,,Western Bay of Plenty District
7a224c0c-86da-44ce-aa11-92ed0a9a0085,8.0,High Producing Exotic Grassland,,Whakatane District
7a277703-0c31-4f5d-b047-cd51637d778c,10.0,Broadleaved Indigenous Hardwoods,Tauranga,Western Bay of Plenty District
7a2a8bd6-4a3c-42d6-b267-52b27f9737ed,10.0,High Producing Exotic Grassland,,Western Bay of Plenty District
7a2c0a35-30b4-40da-9c33-dd5ce5f3766d,8.0,Manuka and/or Kanuka,,Western Bay of Plenty District
7a2ed52c-1ca2-4909-92a5-274b4853df18,8.0,High Producing Exotic Grassland,,Whakatane District
7a34aefe-2f3c-4791-bb6a-c772a20dec2a,8.0,High Producing Exotic Grassland,,Whakatane District
7a362373-54c8-4a1a-a792-b8d5a57a1ee8,8.0,High Producing Exotic Grassland,,Whakatane District
7a3c67ad-1927-4491-b522-48b293b60ff2,10.0,Short-rotation Cropland,,Western Bay of Plenty District
7a57800a-d92c-4734-b119-5eb765da8fbb,10.0,High Producing Exotic Grassland,,Western Bay of Plenty District
7a5bacab-7fd2-4195-8405-e2ec53b44423,8.0,Exotic Forest,,Whakatane District
7a5f48fa-db0d-44d8-b88a-e84b7ca2c3e9,10.0,High Producing Exotic Grassland,,Western Bay of Plenty District
7a6054fb-bda3-4d44-ba70-18330c099449,8.0,High Producing Exotic Grassland,,Western Bay of Plenty District
7a691275-4db9-48df-a9ee-3cfdf85b44e0,10.0,Indigenous Forest,,Western Bay of Plenty District
7a6b2056-8cbe-4ec3-b6e3-8c3681b85187,8.0,Built-up Area (settlement),,Tauranga City
7a701e80-1325-4ee1-be07-9a57bb54d6f5,8.0,High Producing Exotic Grassland,,Whakatane District
7a78135c-13fb-4a9a-9ffc-46ee84ec0725,10.0,High Producing Exotic Grassland,,Western Bay of Plenty District
7a7865bb-5ef8-490c-9662-9499f901e518,8.0,High Producing Exotic Grassland,,Whakatane District
7a80aad4-ac13-420a-a73f-d79816797f7c,10.0,High Producing Exotic Grassland,,Western Bay of Plenty District
7a8b9528-b67c-47cd-ac9b-7a21bfac53f0,10.0,Built-up Area (settlement),Tauranga,Tauranga City
7a8d27b9-d654-428e-bc1a-01d077bae26f,8.0,High Producing Exotic Grassland,,Whakatane District
7a8db958-8dbd-4fcb-8d16-7dd8f0347d26,8.4,High Producing Exotic Grassland,,Ōpōtiki District
7aa1abcb-c360-4fb6-b7bb-e13fabc8e7f6,10.0,High Producing Exotic Grassland,,Ōpōtiki District
7aa878d3-123b-4889-be92-901369f2cc83,8.0,High Producing Exotic Grassland,,Whakatane District
7aaecedb-9236-44bb-8d6a-aa224f5c1252,10.0,High Producing Exotic Grassland,,Western Bay of Plenty District
7abaee58-774b-4633-9878-40343d2d835a,10.0,High Producing Exotic Grassland,,Western Bay of Plenty District
7accbf00-535e-4fd1-bd00-7724b74ce76a,10.0,High Producing Exotic Grassland,,Western Bay of Plenty District
7ace4609-0906-4319-8f4a-450a79aa3d6a,10.0,High Producing Exotic Grassland,,Western Bay of Plenty District
7ae5b643-ba89-40e1-9627-011c6f978f5e,10.0,Broadleaved Indigenous Hardwoods,,Western Bay of Plenty District
7aed7c9e-caaf-437d-bf8a-7886e6f3e62b,10.0,Deciduous Hardwoods,Tauranga,Tauranga City
7af936eb-a6b8-413f-9410-6600ff9a4c3f,10.0,High Producing Exotic Grassland,,Whakatane District
7b036b81-fd9c-4ed0-84da-fbdbe1b482a4,10.0,High Producing Exotic Grassland,,Western Bay of Plenty District
7b04b4eb-816b-46fb-abda-8a0ee89b1fe2,8.4,High Producing Exotic Grassland,,Ōpōtiki District
7b079c28-3333-4670-8801-5781b53c6241,8.4,High Producing Exotic Grassland,,Whakatane District
7b0f6e8e-8ffd-43c9-9d45-85c1dce4aec5,8.8,High Producing Exotic Grassland,,Western Bay of Plenty District
7b1d8974-084c-4ca1-b708-af7f48e59507,10.0,Built-up Area (settlement),,Western Bay of Plenty District
7b2b665f-da31-47e2-b815-92ba9cdd4024,8.0,High Producing Exotic Grassland,,Western Bay of Plenty District
7b345ecf-9634-4b12-a98c-a174e23f2d91,10.0,High Producing Exotic Grassland,,Western Bay of Plenty District
7b37d653-b3f1-4654-8778-17dba781b41e,10.0,High Producing Exotic Grassland,Tauranga,Western Bay of Plenty District
7b4230c2-b25d-4926-8233-0da9e078956e,10.0,High Producing Exotic Grassland,,Whakatane District
7b46c062-0e90-4bf4-ae87-1b45b688d85a,10.0,High Producing Exotic Grassland,,Western Bay of Plenty District
7b48bb73-e167-43cc-885d-7bc8c46c816e,10.0,High Producing Exotic Grassland,,Western Bay of Plenty District
7b4d175a-1726-474b-8b49-6770b7d248da,8.0,High Producing Exotic Grassland,,Whakatane District
7b554ea4-97fe-404d-951e-d3e0cd786a7e,10.0,High Producing Exotic Grassland,,Western Bay of Plenty District
7b55f638-395f-4336-b91b-276b86dbe04f,10.0,High Producing Exotic Grassland,,Western Bay of Plenty District
7b596bf9-7287-4c9f-aba1-a955b40224ab,8.4,High Producing Exotic Grassland,,Ōpōtiki District
7b5d52d2-9bd0-440d-ae3b-6ff2f5f0d2cc,10.0,High Producing Exotic Grassland,Te Puke,Western Bay of Plenty District
7b706ab1-a3c6-4989-9552-ec078caf8f00,8.0,High Producing Exotic Grassland,,Whakatane District
7b775cde-1584-4d43-85f2-0003bacf6f76,10.0,High Producing Exotic Grassland,Tauranga,Western Bay of Plenty District
7b7828a7-a3b0-4a1f-9156-66f5c43141b0,10.0,High Producing Exotic Grassland,,Western Bay of Plenty District
7b7bb724-06c1-4b67-8e32-39feb1d10365,10.0,Manuka and/or Kanuka,,Western Bay of Plenty District
7b829e2b-d5e6-4d8a-b86c-c0a67e49f96d,10.0,High Producing Exotic Grassland,,Western Bay of Plenty District
7ba36a43-b6fa-421f-aa83-78713b667a8f,10.0,High Producing Exotic Grassland,,Western Bay of Plenty District
7bbb5970-f7c0-44bc-bed8-8194aa95917c,10.0,High Producing Exotic Grassland,,Western Bay of Plenty District
7bc1be64-8667-4cd7-b803-f9dce15a8b0c,10.0,High Producing Exotic Grassland,,Western Bay of Plenty District
7bcbc433-b708-4032-a0ca-4004839ddd09,8.8,High Producing Exotic Grassland,,Western Bay of Plenty District
7bccf960-ee47-44e0-a8e2-a5211077f60c,10.0,Indigenous Forest,,Ōpōtiki District
7bd87c80-8d0e-4e19-a82f-c6ea618139e3,8.0,High Producing Exotic Grassland,Pongakawa,Western Bay of Plenty District
7bde497b-0e71-4542-ba35-4c59b4248267,8.0,High Producing Exotic Grassland,,Whakatane District
7bdedff2-b950-41f7-b6b5-839cf39833eb,10.0,Indigenous Forest,,Western Bay of Plenty District
7be1a249-2e38-487b-95ce-bc375cf1549b,10.0,High Producing Exotic Grassland,Tauranga,Western Bay of Plenty District
7beafac9-cf9a-4058-9f3d-91afe7d86262,10.0,Indigenous Forest,,Western Bay of Plenty District
7bf10b64-30f4-4dfc-976e-3ff7e9162908,9.6,Exotic Forest,Tauranga,Tauranga City
7bf3b40e-390e-4230-be78-61e7653d861a,10.0,High Producing Exotic Grassland,,Whakatane District
7bfa0fa1-5566-4072-9d37-a980339885ce,9.6,Broadleaved Indigenous Hardwoods,,Western Bay of Plenty District
7bfda41d-21cf-42fa-8a5a-bffce20e974e,10.0,High Producing Exotic Grassland,,Western Bay of Plenty District
7bfe04d6-3dcd-4055-aa9e-a34067501498,10.0,High Producing Exotic Grassland,,Ōpōtiki District
7c0b4d7f-3567-4057-906e-7178d3fc1c3e,8.4,Short-rotation Cropland,,Whakatane District
7c0f0ee9-85b8-4fc8-952f-aa0f6b914a28,10.0,High Producing Exotic Grassland,,Western Bay of Plenty District
7c208b41-9733-4048-a573-941f5adf8f73,10.0,Forest - Harvested,,Western Bay of Plenty District
7c399722-4a07-41b4-af38-c335f66f4c97,8.8,Indigenous Forest,,Western Bay of Plenty District
7c3da0f8-fa53-46cb-b3e1-330214dd2a4a,8.0,High Producing Exotic Grassland,,Whakatane District
7c47c36d-e962-4a9d-9180-3c7f3d8361f7,8.4,Manuka and/or Kanuka,,Ōpōtiki District
7c47dd26-1849-442c-a293-5245c657abea,8.0,High Producing Exotic Grassland,,Whakatane District
7c4a02cc-185b-4fcd-ac21-a13c15b578fc,8.0,Indigenous Forest,Te Puke,Western Bay of Plenty District
7c4bb0c2-f377-4b6a-aac9-79bbf0a13419,10.0,High Producing Exotic Grassland,,Western Bay of Plenty District
7c50b83c-daa3-42c3-b525-878d00491c4e,8.4,High Producing Exotic Grassland,,Ōpōtiki District
7c5282f1-d702-4fbd-9633-eff44b07be2f,8.0,Built-up Area (settlement),,Whakatane District
7c572ebe-2781-4c40-90b0-a8fe470f3a71,10.0,Exotic Forest,Tauranga,Western Bay of Plenty District
7c5d4d47-b347-4499-9f18-5b55a6184675,8.0,High Producing Exotic Grassland,,Whakatane District
7c6c53a0-24ad-406a-b231-a42f95e96a8d,10.0,Broadleaved Indigenous Hardwoods,,Western Bay of Plenty District
7c907f18-3125-48dc-86b5-17c7e79cf499,10.0,High Producing Exotic Grassland,,Western Bay of Plenty District
7cad81f8-2a10-4414-b5a4-48908c92dd7b,10.0,High Producing Exotic Grassland,,Ōpōtiki District
7cbd763a-1fae-4062-a928-fa1834563f99,8.0,High Producing Exotic Grassland,,Western Bay of Plenty District
7cbd8dd5-c7fd-4ead-a67c-340d6717b3a2,10.0,High Producing Exotic Grassland,,Western Bay of Plenty District
7cc04df1-19fe-4d9a-bd79-f89dbdcd80ef,8.4,Short-rotation Cropland,,Ōpōtiki District
7cd5d048-30a3-4bed-961c-20ba995ee54a,10.0,High Producing Exotic Grassland,,Western Bay of Plenty District
7cd9bf3e-985d-406f-8be1-cb756a530930,8.0,High Producing Exotic Grassland,,Whakatane District
7cddeb2d-f593-4d0e-a974-89683b606e7e,10.0,High Producing Exotic Grassland,,Ōpōtiki District
7ce0b1ff-87c1-4015-a94e-eaedae0842fe,10.0,Indigenous Forest,Te Puke,Western Bay of Plenty District
7cebfdba-eff8-411f-93a3-5985c9703203,10.0,High Producing Exotic Grassland,,Ōpōtiki District
7cf6673f-ee32-4376-9892-cdd4a4617f2c,8.4,Manuka and/or Kanuka,,Ōpōtiki District
7cf812c8-4629-4278-84fa-c20fe08856ea,10.0,Broadleaved Indigenous Hardwoods,,Western Bay of Plenty District
7d00d0f6-b575-4f81-8ba3-da74d42a6ab6,8.4,High Producing Exotic Grassland,,Ōpōtiki District
7d039296-afc9-46d8-bb76-e27477ae2f23,8.0,Urban Parkland/Open Space,Te Puke,Western Bay of Plenty District
7d073b2f-69cd-4c44-a4bc-8734ba564a00,10.0,High Producing Exotic Grassland,,Western Bay of Plenty District
7d106f55-045c-4908-8702-e1f88694f20d,8.4,High Producing Exotic Grassland,,Ōpōtiki District
7d1ba543-9d59-443c-a84a-142c00af8ab3,8.0,Indigenous Forest,,Whakatane District
7d235eac-6e50-4ebe-80fd-29aae819f715,8.4,Short-rotation Cropland,,Ōpōtiki District
7d2f9be4-f67d-434a-82de-129e86f13f04,9.6,Indigenous Forest,,Western Bay of Plenty District
7d31b65e-f581-48d8-aab7-ee95cb318d83,9.6,Indigenous Forest,,Western Bay of Plenty District
7d3c7e16-556d-4234-9734-f2bd7c3c2bfa,8.4,Indigenous Forest,,Ōpōtiki District
7d537acf-8c2b-4309-b0ce-3108cabc6f70,8.0,High Producing Exotic Grassland,Te Puke,Western Bay of Plenty District
7d5744d4-77e8-448d-9d8e-f7562be532ac,10.0,Urban Parkland/Open Space,Tauranga,Tauranga City
7d64f1f3-2cf3-4e4f-9742-e222d9a8d92d,10.0,High Producing Exotic Grassland,,Western Bay of Plenty District
7d6a4363-5135-40bf-b7a4-0f4a4a4ea3c1,8.0,High Producing Exotic Grassland,,Whakatane District
7d6d4656-5f1c-48b2-a9fc-3346656b4421,10.0,High Producing Exotic Grassland,,Western Bay of Plenty District
7d6e0030-42e9-4f8e-8999-b8b68ddae232,8.0,High Producing Exotic Grassland,,Whakatane District
7d75c13e-5325-470c-810e-74d1af071c1c,9.6,Exotic Forest,,Whakatane District
7d7c6ba2-8e6b-4ea5-ab15-7d72bbed01b8,10.0,High Producing Exotic Grassland,,Tauranga City
7da8d65a-bd29-40bf-8982-39de54778bc3,9.6,High Producing Exotic Grassland,,Western Bay of Plenty District
7da94c21-527b-4534-bfc7-0976b3b85da7,8.8,High Producing Exotic Grassland,,Western Bay of Plenty District
7da9be6e-128e-4a4d-806f-27afd9e11d02,10.0,Indigenous Forest,,Western Bay of Plenty District
7dc17725-5282-4118-8ccf-345d29e1aab2,8.0,Built-up Area (settlement),Tauranga,Tauranga City
7dc898f4-4eae-4af6-b157-a41d8a4d4275,8.0,High Producing Exotic Grassland,Pongakawa,Western Bay of Plenty District
7dc8ca4f-e738-452b-b972-f12f27f7637b,10.0,High Producing Exotic Grassland,,Western Bay of Plenty District
7dd0c0ab-ede1-4f24-8bbe-ffbee1400b8b,10.0,High Producing Exotic Grassland,,Ōpōtiki District
7dd3129a-43c0-4b50-9e89-0ffbbebc178a,8.0,High Producing Exotic Grassland,,Whakatane District
7dd50029-925b-461b-98f8-eb37e4f71925,8.8,High Producing Exotic Grassland,,Western Bay of Plenty District
7dda3691-a78c-4da3-bc8e-df6c689855ba,8.0,High Producing Exotic Grassland,Pongakawa,Western Bay of Plenty District
7df055f8-5977-464d-9444-98fed9af49d8,8.0,High Producing Exotic Grassland,,Whakatane District
7df5d2e2-675e-4e58-b14b-05889522b78e,10.0,High Producing Exotic Grassland,,Western Bay of Plenty District
7df79633-2da5-4c85-a7e9-ae7d2214ba45,8.0,High Producing Exotic Grassland,,Western Bay of Plenty District
7df82001-b418-44dd-b004-795b78bd7bc9,10.0,High Producing Exotic Grassland,,Western Bay of Plenty District
7dfb224a-7812-4291-a31b-e7e6f380a125,9.6,Broadleaved Indigenous Hardwoods,,Western Bay of Plenty District
7dfdad73-f1c7-4a65-8f84-88735ce8c603,10.0,Indigenous Forest,,Western Bay of Plenty District
7e024b38-65c7-468a-b2aa-9e0730c6530d,10.0,Built-up Area (settlement),Te Puke,Western Bay of Plenty District
7e0dba82-984e-4f67-a16e-5e5bce7f95c9,10.0,High Producing Exotic Grassland,,Tauranga City
7e16082b-1364-466b-8984-f1416b4942ac,10.0,Built-up Area (settlement),Tauranga,Tauranga City
7e1f4524-2fce-4501-9d99-7f420682e548,8.0,High Producing Exotic Grassland,,Whakatane District
7e203883-8043-4bb4-9a6f-55ce3bbbaadc,10.0,Broadleaved Indigenous Hardwoods,,Western Bay of Plenty District
7e29632b-46ff-4f77-93aa-c1710e42d539,10.0,High Producing Exotic Grassland,Tauranga,Tauranga City
7e329efb-9a8f-462c-b885-2e5301cabada,8.8,High Producing Exotic Grassland,,Western Bay of Plenty District
7e33ee22-ef97-48c7-ac4a-8fc2c7362a11,10.0,High Producing Exotic Grassland,,Western Bay of Plenty District
7e39ff34-6a9e-45ca-84a1-84ea6362d091,10.0,High Producing Exotic Grassland,,Whakatane District
7e3c20ea-66f7-4064-8482-68528e5e1865,10.0,High Producing Exotic Grassland,,Western Bay of Plenty District
7e3d5d49-76c7-4147-9912-688a5e1da553,8.4,High Producing Exotic Grassland,,Whakatane District
7e4269eb-75cb-4101-926c-b01a6181907b,10.0,High Producing Exotic Grassland,,Whakatane District
7e47cc2f-f69c-4fb4-adbc-0510e5f58c81,10.0,High Producing Exotic Grassland,Tauranga,Western Bay of Plenty District
7e49a6f1-29ae-4323-b2bd-1fc1b731dac9,10.0,Built-up Area (settlement),Tauranga,Tauranga City
7e49fa71-b5c6-4c00-867e-b95080540d13,10.0,High Producing Exotic Grassland,,Western Bay of Plenty District
7e4a9f9c-27b4-468a-8302-91ade9e4feeb,8.0,High Producing Exotic Grassland,,Whakatane District
7e60a5ae-d9a3-47f8-a8e9-b4291b11bcab,8.0,High Producing Exotic Grassland,,Whakatane District
7e6cb2e8-625a-4368-b895-c328599afcb7,10.0,High Producing Exotic Grassland,,Western Bay of Plenty District
7e7452ff-10d3-4320-8443-fe746d75770b,10.0,High Producing Exotic Grassland,,Western Bay of Plenty District
7e767e7c-d7f6-41de-b8cb-a8febfdb9d99,10.0,High Producing Exotic Grassland,,Western Bay of Plenty District
7e788b6e-1a61-4b8d-bbc0-22dab9801ae7,10.0,High Producing Exotic Grassland,,Western Bay of Plenty District
7e8163a7-2729-40f3-8df0-eff39daeb4a4,10.0,Short-rotation Cropland,,Western Bay of Plenty District
7e852068-1f2d-4e26-accf-bcae162c857e,10.0,High Producing Exotic Grassland,,Western Bay of Plenty District
7e8abf31-b51e-4c51-879d-0f8187750b3f,8.0,Forest - Harvested,,Whakatane District
7e8d6adf-3d21-445f-a486-5e33412310b9,10.0,Built-up Area (settlement),Tauranga,Tauranga City
7e8df818-9cc5-416e-9139-9aacac788570,10.0,High Producing Exotic Grassland,Katikati,Western Bay of Plenty District
7e930b4a-5bf1-4403-b2fb-3fde60280c19,8.0,High Producing Exotic Grassland,,Whakatane District
7e95eff5-ca62-40c5-9ac6-f8c982df793e,10.0,High Producing Exotic Grassland,,Ōpōtiki District
7e9641ae-2521-4413-9d32-cfc169771107,10.0,High Producing Exotic Grassland,,Western Bay of Plenty District
7e9b8ccd-b326-4756-941f-1bfcfcb53e2b,10.0,Gorse and/or Broom,,Ōpōtiki District
7eaf6b38-a9c1-44a6-bb38-3014923fd415,10.0,High Producing Exotic Grassland,,Western Bay of Plenty District
7eb183fe-d9be-4391-9d31-7a5a1804eff4,10.0,High Producing Exotic Grassland,Tauranga,Western Bay of Plenty District
7ec0e2af-81b5-493f-9873-4aa57c94d168,8.0,High Producing Exotic Grassland,,Western Bay of Plenty District
7ed4ee86-5ac5-4725-afd1-d3c732dee64c,10.0,Indigenous Forest,Tauranga,Western Bay of Plenty District
7eddbcfe-d3fb-4007-904e-194f21bedeba,8.0,High Producing Exotic Grassland,,Western Bay of Plenty District
7ede8d79-6b05-4c41-8107-903fa064262f,10.0,High Producing Exotic Grassland,,Western Bay of Plenty District
7ee78e97-9411-4fda-b162-4e9ad1b39b45,10.0,High Producing Exotic Grassland,,Western Bay of Plenty District
7ee89d6f-4653-4a2a-a147-aec32dfc07ba,10.0,High Producing Exotic Grassland,,Ōpōtiki District
7eeb1482-fa82-4804-b60c-616c56e53b21,9.6,High Producing Exotic Grassland,Tauranga,Western Bay of Plenty District
7eee2dfb-a63b-4109-9f0d-3e4011cae351,10.0,High Producing Exotic Grassland,,Western Bay of Plenty District
7ef5f34e-4b49-40af-ac2c-f78f28e10472,10.0,High Producing Exotic Grassland,,Western Bay of Plenty District
7efc6f5f-a3c7-44f6-adfa-85b2f03fc60a,8.0,Deciduous Hardwoods,Te Puke,Western Bay of Plenty District
7eff6c33-4dca-4d45-a437-6f4afb93f9af,10.0,Exotic Forest,,Western Bay of Plenty District
7f078212-8227-46d2-af4e-bb1a6571e964,10.0,High Producing Exotic Grassland,,Western Bay of Plenty District
7f1ea69f-1ccc-44cb-8e40-c826867eddec,8.0,Surface Mine or Dump,,Whakatane District
7f288929-9c5d-404c-937d-aba2d4796236,10.0,Built-up Area (settlement),Tauranga,Tauranga City
7f291bda-f1f9-475a-8671-524f84825c5e,8.0,High Producing Exotic Grassland,,Western Bay of Plenty District
7f2e8aa2-cc7b-4f04-b9cc-e4807fe56a7c,10.0,High Producing Exotic Grassland,,Western Bay of Plenty District
7f37decb-b2da-4602-9f35-220225b2e200,10.0,Exotic Forest,,Western Bay of Plenty District
7f397348-ee56-4786-9279-b5d69be47807,8.4,High Producing Exotic Grassland,,Ōpōtiki District
7f3fa7ef-9e99-4984-82d2-eb50b0f5f0b0,10.0,High Producing Exotic Grassland,,Western Bay of Plenty District
7f4205f4-2793-4b57-aea0-d664a5a205c7,10.0,Built-up Area (settlement),Tauranga,Tauranga City
7f50d5d9-e08f-4b11-9d5f-7800b0fc403e,10.0,High Producing Exotic Grassland,,Western Bay of Plenty District
7f52db9a-bccf-4bde-9545-e8284e5a6988,10.0,Indigenous Forest,Tauranga,Western Bay of Plenty District
7f7371f7-02da-4beb-97ac-8f8db5d6a791,10.0,High Producing Exotic Grassland,,Ōpōtiki District
7f7c1137-5598-4bb1-a0ce-c7bf2cb9884c,10.0,High Producing Exotic Grassland,,Western Bay of Plenty District
7f7f072f-5ecc-4c0f-9746-d2d988fcece1,10.0,High Producing Exotic Grassland,,Western Bay of Plenty District
7f8b649c-0479-43fd-88b5-49753e979923,10.0,Broadleaved Indigenous Hardwoods,,Western Bay of Plenty District
7f8cdffc-41c5-4539-bbc4-91f10696fa18,8.0,High Producing Exotic Grassland,,Whakatane District
7f8f9228-3dcd-4f85-b520-0462369486d9,10.0,High Producing Exotic Grassland,,Ōpōtiki District
7f95940d-7cb7-4ed0-a736-2252dd4933fe,10.0,Built-up Area (settlement),,Western Bay of Plenty District
7f9dab68-c457-4630-82b7-b9bd585fead0,8.0,High Producing Exotic Grassland,,Whakatane District
7facd5b4-2b1a-4c0c-863a-94b8cd67a26b,8.4,High Producing Exotic Grassland,,Whakatane District
7fafadea-0cfd-433e-adcf-53d5ed8aa344,10.0,Manuka and/or Kanuka,,Ōpōtiki District
7fb5f387-8af4-4db7-80e3-8a0d5edb441e,10.0,High Producing Exotic Grassland,,Whakatane District
7fc403f4-aee4-4fa6-8c86-ec81d43c7dd6,10.0,High Producing Exotic Grassland,,Western Bay of Plenty District
7fcc6b65-f174-49e9-86ac-2f689afa78ce,8.0,High Producing Exotic Grassland,,Whakatane District
7fd3db3a-32b5-4391-aaf7-099bad419799,9.5,High Producing Exotic Grassland,,Western Bay of Plenty District
7fd8bdb8-684c-4edf-9acc-b78f3fa7bffc,8.0,Exotic Forest,,Whakatane District
7fe4ee0d-e1c8-439b-a2f6-81b0e38fe562,10.0,High Producing Exotic Grassland,,Western Bay of Plenty District
7fe7d40b-90c8-4bdf-8225-4b015bc3d4f5,8.0,High Producing Exotic Grassland,,Western Bay of Plenty District
7fea4fed-96a8-4d35-b6c2-2022b31150ae,8.0,Short-rotation Cropland,,Whakatane District
7ff5cee0-07a8-4684-8d48-396031e0fc82,9.6,Indigenous Forest,,Western Bay of Plenty District
7ff6e740-af4e-433b-b402-9d3550b7ab06,10.0,High Producing Exotic Grassland,,Western Bay of Plenty District
7ff8e881-e070-44f0-b5ee-9f2eff63acff,10.0,High Producing Exotic Grassland,Tauranga,Western Bay of Plenty District
7ffa20ea-8cfd-4663-b73b-eb4130de0ab8,10.0,High Producing Exotic Grassland,,Western Bay of Plenty District
7ffd31c3-ff06-40bf-b217-b7570d383516,9.6,Indigenous Forest,,Western Bay of Plenty District
80022bda-8caa-498c-b508-0f8df2f50ee3,10.0,High Producing Exotic Grassland,,Western Bay of Plenty District
800aea0d-bafc-4da8-a5a0-c2e113fafd92,10.0,High Producing Exotic Grassland,,Western Bay of Plenty District
801688,8.0,Exotic Forest,Pongakawa,Western Bay of Plenty District
801dc4df-ecf3-4b18-b5c8-8f56abe026f5,10.0,High Producing Exotic Grassland,Tauranga,Western Bay of Plenty District
8027612d-a629-4988-8272-cab90095052f,8.4,High Producing Exotic Grassland,,Ōpōtiki District
802f0c6e-bc05-4813-b2dd-537c35f3b6be,8.0,Gorse and/or Broom,,Whakatane District
80311a02-aa7c-476a-ac2b-03a0edfc118f,10.0,High Producing Exotic Grassland,Tauranga,Western Bay of Plenty District
8031640f-6bb0-4d07-9039-dce9a74d30a4,10.0,High Producing Exotic Grassland,,Western Bay of Plenty District
80344aa8-9a04-44cc-abc0-649ba87689a6,8.4,High Producing Exotic Grassland,,Ōpōtiki District
8034fdd2-127c-4a87-910b-7034d281b45b,10.0,High Producing Exotic Grassland,,Western Bay of Plenty District
80391acf-7353-4d3b-a22e-4ec0854733b1,10.0,High Producing Exotic Grassland,,Western Bay of Plenty District
804be0e8-689f-4b2a-9773-9646b2eb09c6,8.0,Indigenous Forest,,Whakatane District
8052241f-e7c4-4cb2-bd28-284bc1551ec2,10.0,High Producing Exotic Grassland,,Western Bay of Plenty District
80567f3d-59e8-48b2-9051-2a3e181eff08,8.0,Exotic Forest,,Whakatane District
8059d8b7-04ef-424b-8db7-fcad603b8361,8.0,Manuka and/or Kanuka,,Ōpōtiki District
805f5326-6c86-4e0f-bb6b-c498472a8588,10.0,Exotic Forest,,Western Bay of Plenty District
806643ef-0981-4cc7-850c-5c1ed5dfba71,8.0,High Producing Exotic Grassland,,Whakatane District
806e7f84-a116-4e65-b69e-d8e6af908d1c,10.0,High Producing Exotic Grassland,,Western Bay of Plenty District
8071d935-e743-457e-aa09-d4dda802a260,10.0,High Producing Exotic Grassland,,Western Bay of Plenty District
807290,10.0,Built-up Area (settlement),Tauranga,Tauranga City
807c1829-f35d-4c74-8acd-b33ed1fb187c,10.0,High Producing Exotic Grassland,,Western Bay of Plenty District
807dc394-15fd-4191-9761-24f14e23ca56,10.0,High Producing Exotic Grassland,,Western Bay of Plenty District
8080641f-dc1a-412e-9078-4c60afb059d9,10.0,High Producing Exotic Grassland,Tauranga,Western Bay of Plenty District
8080d36b-422b-417a-9bbd-a1999f881b58,10.0,High Producing Exotic Grassland,,Western Bay of Plenty District
8088eebb-49ad-4e4c-ad1b-f8d3ba4a2ec5,8.4,Indigenous Forest,,Ōpōtiki District
808b78d1-e432-4fa7-a102-f4b7ddb35f97,10.0,High Producing Exotic Grassland,,Whakatane District
8092135b-9991-41f0-b184-c02ff4208dfe,8.4,Short-rotation Cropland,,Whakatane District
8097a4b8-88d8-4b83-becc-ce6ee70ab907,10.0,Broadleaved Indigenous Hardwoods,,Western Bay of Plenty District
809e0d21-0efc-489e-a5cf-a8bf2bf333ad,8.0,High Producing Exotic Grassland,,Whakatane District
80a4ebde-5948-4ced-aab4-3efc362c2c9d,8.0,Indigenous Forest,Te Puke,Western Bay of Plenty District
80ae8745-993b-4b1e-b422-1d151362bee2,10.0,Manuka and/or Kanuka,,Ōpōtiki District
80b728e6-2f96-4a1f-9bb5-74e7c929b980,10.0,High Producing Exotic Grassland,,Western Bay of Plenty District
80c3372f-7d68-4713-a09a-fd4f8d7248f2,8.0,Indigenous Forest,,Whakatane District
80c6d41f-8045-408f-a881-984fb449517b,10.0,High Producing Exotic Grassland,,Western Bay of Plenty District
80ce39a5-570d-406f-97c6-96fa91bfdeff,8.0,High Producing Exotic Grassland,,Whakatane District
80d8e336-04c6-4439-b3ec-f3073e685725,8.4,High Producing Exotic Grassland,,Whakatane District
80d92207-09ab-4296-b634-fc33fc10b59e,9.6,High Producing Exotic Grassland,Tauranga,Western Bay of Plenty District
80de6fa5-7e25-4a52-9d90-e57b8ebe9174,10.0,Indigenous Forest,Tauranga,Western Bay of Plenty District
80eaac9b-f9ea-430f-80b6-d5e8f282be57,10.0,Manuka and/or Kanuka,,Tauranga City
80f05b63-c613-4d43-bd82-723b77732baa,8.0,High Producing Exotic Grassland,,Whakatane District
80fa422b-b7d7-44b6-9ea5-417ea98d4366,8.0,Indigenous Forest,,Western Bay of Plenty District
8115a723-a3e3-4dc3-9274-4e34b59dfa25,9.5,High Producing Exotic Grassland,,Western Bay of Plenty District
811bb984-4ec2-4f88-9c9b-5103f092c0be,10.0,High Producing Exotic Grassland,Tauranga,Tauranga City
811daa7c-15d3-43b8-8a7f-de2a901486de,10.0,High Producing Exotic Grassland,,Western Bay of Plenty District
812a8cb4-9443-44cd-8ca3-50cf18793878,10.0,High Producing Exotic Grassland,,Western Bay of Plenty District
812be58f-3d37-4624-bdd9-f7564ca51d4e,8.8,High Producing Exotic Grassland,,Western Bay of Plenty District
81318cec-1e4a-466c-aac7-e5a77a09b25a,10.0,High Producing Exotic Grassland,,Western Bay of Plenty District
8131d3c4-814a-437b-be61-30f8df024274,10.0,High Producing Exotic Grassland,,Ōpōtiki District
8134589a-c531-4fe6-8e31-f6c07af48d5c,8.4,Manuka and/or Kanuka,,Ōpōtiki District
8136d986-47a4-4c4c-a8fc-83fe7e49fc05,8.0,High Producing Exotic Grassland,Pongakawa,Western Bay of Plenty District
8142a33f-4901-4879-8574-e60568a9d20d,10.0,High Producing Exotic Grassland,,Western Bay of Plenty District
8148b80f-e515-4c67-970e-68e5ebc6ff53,8.0,Forest - Harvested,,Tauranga City
8155bd38-2f94-4dbd-8098-067ea1bd66b9,10.0,High Producing Exotic Grassland,,Western Bay of Plenty District
815de6e0-b386-4510-8d23-12403a2db58c,10.0,High Producing Exotic Grassland,,Western Bay of Plenty District
81618cf0-0c2c-4c73-808a-7c8deca66404,10.0,High Producing Exotic Grassland,,Whakatane District
8176813,8.4,High Producing Exotic Grassland,,Whakatane District
8177666a-981f-4d16-bc4c-61c2b1104f72,8.4,High Producing Exotic Grassland,,Ōpōtiki District
81793329-7af9-44f3-8096-0ed6b470aab8,10.0,Built-up Area (settlement),Katikati,Western Bay of Plenty District
817982bb-fa08-4e2e-a35c-e3b216b6a8ca,10.0,High Producing Exotic Grassland,,Whakatane District
81858fce-9fba-4ef7-bad2-4fdde2fc48d2,10.0,High Producing Exotic Grassland,,Western Bay of Plenty District
81973e86-ed55-41c7-8e4d-da3bc7d47e3c,9.6,Built-up Area (settlement),,Tauranga City
81ae3091-795e-4c9f-baf9-b811a4ec2431,10.0,High Producing Exotic Grassland,,Whakatane District
81bff6d6-c5d5-4f51-aa02-c40f1e4b15fe,10.0,High Producing Exotic Grassland,,Western Bay of Plenty District
81ca2b1f-03fd-4aba-beed-f0a7f3d078d1,10.0,High Producing Exotic Grassland,,Western Bay of Plenty District
81d6eb7f-c289-46ae-8550-8d4090bef709,8.0,Exotic Forest,,Western Bay of Plenty District
81e7a852-7d1e-4a8c-b81d-0572dd4bc067,10.0,Low Producing Grassland,,Western Bay of Plenty District
81ec89f9-0842-4c41-a6a3-7df043227595,10.0,High Producing Exotic Grassland,,Western Bay of Plenty District
81fbdd6f-b694-424e-bdad-8309683e4fa1,10.0,High Producing Exotic Grassland,,Western Bay of Plenty District
820e3b87-31be-4971-a420-ee486fa543eb,10.0,High Producing Exotic Grassland,,Western Bay of Plenty District
82104ced-4925-4930-8f98-3da975e6917a,10.0,Manuka and/or Kanuka,Tauranga,Western Bay of Plenty District
8216700e-99d1-49fe-a4fe-c177a333c503,8.4,Short-rotation Cropland,,Ōpōtiki District
8218d6a4-9ce0-4f46-b52e-97d59b801d8a,9.5,High Producing Exotic Grassland,,Western Bay of Plenty District
821e6630-34dd-4d6f-9a36-2a5ea50e5405,8.0,Exotic Forest,,Whakatane District
822c3410-54a2-4a7c-af44-60b89a15dbe6,8.0,High Producing Exotic Grassland,Pongakawa,Western Bay of Plenty District
823b5f48-8a9e-41bf-a9f1-65dfef5e1c09,10.0,Indigenous Forest,Tauranga,Tauranga City
82411010-c4b0-4325-b8f1-1b35aee32842,10.0,High Producing Exotic Grassland,,Western Bay of Plenty District
8242ebf9-0256-49f4-b9bc-a4bc12e54b62,10.0,Indigenous Forest,,Western Bay of Plenty District
824d08b4-a26e-4b2f-808b-6c030db47834,10.0,High Producing Exotic Grassland,,Western Bay of Plenty District
8252358,10.0,Broadleaved Indigenous Hardwoods,,Whakatane District
8252359,10.0,Manuka and/or Kanuka,,Whakatane District
825e1526-3be8-4e34-8991-4a37aaef0c20,8.0,Gorse and/or Broom,,Whakatane District
82623b02-3f13-41f7-8f53-af4cb631bb1a,8.4,High Producing Exotic Grassland,,Ōpōtiki District
82750e63-582b-4550-ac8a-6bf148993e02,8.0,High Producing Exotic Grassland,,Western Bay of Plenty District
8289abe7-6465-4a13-856b-b84518499c67,10.0,Exotic Forest,,Western Bay of Plenty District
829245ed-dde0-4237-9edc-cfd2e4c22905,10.0,Built-up Area (settlement),Tauranga,Tauranga City
82975b00-429c-4226-a136-5573b517c3a2,10.0,High Producing Exotic Grassland,,Whakatane District
82a5425d-c9b4-4e30-a9ae-241d533a60fe,8.0,High Producing Exotic Grassland,,Western Bay of Plenty District
82b0433c-a975-488c-8299-15ede0895040,10.0,High Producing Exotic Grassland,,Whakatane District
82b4aaa2-811b-4dfe-98c7-0ab6ea9ef707,10.0,Built-up Area (settlement),Tauranga,Tauranga City
82b52d91-2c80-488f-b5a8-fed8221d0a7b,8.4,Short-rotation Cropland,,Whakatane District
82b7a882-6648-46f3-980d-c75cd4730369,10.0,High Producing Exotic Grassland,,Western Bay of Plenty District
82b7ab4b-de07-451e-9024-f6c508490f92,10.0,High Producing Exotic Grassland,,Western Bay of Plenty District
82bd0942-1f5c-49de-b82b-db9a11e5af70,8.0,High Producing Exotic Grassland,,Western Bay of Plenty District
82bd56a2-6ea8-47d3-8b5c-6aa21595bbb0,10.0,High Producing Exotic Grassland,,Ōpōtiki District
82c46b92-f2a3-4c56-8f9c-4bb5ee240e98,8.0,High Producing Exotic Grassland,,Whakatane District
82c67b0b-6571-4691-a059-3c748a74987d,8.0,Built-up Area (settlement),,Tauranga City
82ca894b-ac05-4fc6-9803-f9d60a745171,8.0,High Producing Exotic Grassland,,Western Bay of Plenty District
82db2af7-0561-4dcb-b017-bca871bc61c3,10.0,High Producing Exotic Grassland,,Western Bay of Plenty District
82e5c62b-e07a-4b10-a00a-5f7d24e30f6b,10.0,High Producing Exotic Grassland,,Ōpōtiki District
82e79ce7-a15b-4f3b-9b47-db2cb62d3dec,8.0,High Producing Exotic Grassland,,Whakatane District
82f7d0a9-d2a1-4df8-9523-3cbb1ad903bd,8.0,High Producing Exotic Grassland,,Whakatane District
82f8823b-f3fc-4446-99eb-e005554cffbf,8.8,High Producing Exotic Grassland,,Western Bay of Plenty District
83026a4e-c4cd-41c8-8d01-c96c31e1d586,10.0,High Producing Exotic Grassland,,Western Bay of Plenty District
83031a49-e0ac-4bef-98d9-f0b049c6a220,8.8,Manuka and/or Kanuka,,Western Bay of Plenty District
83083fca-ddb0-4cd5-8504-5ca660531c99,8.4,High Producing Exotic Grassland,,Ōpōtiki District
83089cae-9cf0-41ce-be6a-34cd077ff283,10.0,High Producing Exotic Grassland,,Western Bay of Plenty District
830ff7f5-a132-4f04-9405-9ededa692403,10.0,High Producing Exotic Grassland,Tauranga,Tauranga City
8319e457-0e01-4ff4-af3f-26a096bf1717,10.0,Indigenous Forest,,Ōpōtiki District
8320255,10.0,Manuka and/or Kanuka,,Ōpōtiki District
83222e8c-7382-4a9e-8c49-f55612839bbf,10.0,High Producing Exotic Grassland,,Western Bay of Plenty District
8329639,8.4,Low Producing Grassland,,Ōpōtiki District
8334aba6-d7cd-47e4-86ce-c7d3c3d01af8,10.0,High Producing Exotic Grassland,,Western Bay of Plenty District
833898b8-b272-4ad4-96b2-1a4f87311e10,10.0,High Producing Exotic Grassland,Tauranga,Tauranga City
833adc77-2dac-49b2-b8ca-9903e66aadc0,10.0,High Producing Exotic Grassland,,Western Bay of Plenty District
833ba76c-5770-4f87-b044-d278713ba670,10.0,High Producing Exotic Grassland,,Western Bay of Plenty District
833cc985-23c5-4ef9-a23d-73b03ce041ad,10.0,Short-rotation Cropland,,Tauranga City
833f3626-cf1b-44d9-95d5-968c0247cf94,10.0,High Producing Exotic Grassland,,Western Bay of Plenty District
834be558-de81-49e8-8913-c7619c319d58,10.0,High Producing Exotic Grassland,,Ōpōtiki District
83525277-afd9-4a1a-8acb-19bc0e2a1962,8.0,Forest - Harvested,,Western Bay of Plenty District
835486b9-fbd5-4fef-81d1-37d618a3ee7c,10.0,High Producing Exotic Grassland,,Western Bay of Plenty District
835ca64a-6aa4-4c69-826e-534cd1d6d420,8.0,Exotic Forest,,Whakatane District
8361ce2d-a1f3-4bfe-9be7-c1d37e27e241,10.0,High Producing Exotic Grassland,Tauranga,Tauranga City
836a0f2f-733c-4ed1-a2b7-82bfee493ba0,10.0,High Producing Exotic Grassland,,Western Bay of Plenty District
836b6dda-4e86-481d-ba2b-66607c31fe25,8.0,High Producing Exotic Grassland,,Western Bay of Plenty District
836f5ece-a97d-4b0d-9d29-2228e779d6a0,8.0,High Producing Exotic Grassland,,Whakatane District
837442fd-c41f-4844-8dc5-4a45911decf6,10.0,High Producing Exotic Grassland,Katikati,Western Bay of Plenty District
837944c4-a6cf-4d49-a600-d4d38516194c,10.0,High Producing Exotic Grassland,,Ōpōtiki District
8386603f-3efe-48fd-bb1b-d644c55266c5,10.0,High Producing Exotic Grassland,,Ōpōtiki District
838f2628-df6f-48d0-9420-b786485ffc71,10.0,High Producing Exotic Grassland,,Western Bay of Plenty District
8396abb1-2bef-4423-afa8-086073895609,10.0,High Producing Exotic Grassland,,Western Bay of Plenty District
839ddd49-0506-47da-8b5b-ef9f32a15206,10.0,Urban Parkland/Open Space,Tauranga,Tauranga City
83a1e8c5-3d79-4a7b-9429-677fc75febec,10.0,Broadleaved Indigenous Hardwoods,,Western Bay of Plenty District
83aae702-11bd-430e-9eb9-dea6bdd55159,8.0,Manuka and/or Kanuka,,Whakatane District
83b17bac-4b23-4997-973a-0f441112c161,10.0,Manuka and/or Kanuka,,Ōpōtiki District
83b648fa-4ff6-4b05-b2ec-8e8b732e3447,10.0,High Producing Exotic Grassland,,Western Bay of Plenty District
83b72ff7-0592-4ce8-8280-d1a671415f18,8.0,High Producing Exotic Grassland,,Whakatane District
83e28883-41b4-4896-87e9-1dde661bf6f1,10.0,Built-up Area (settlement),Tauranga,Tauranga City
83e6ff57-b3f0-4bea-a016-a470b4dcbcf7,10.0,High Producing Exotic Grassland,,Western Bay of Plenty District
83eebae3-c37c-45e3-a4d8-ed8a722af236,8.4,Short-rotation Cropland,,Ōpōtiki District
83f65bf1-b055-4bcf-82e5-84945cf5809b,8.0,High Producing Exotic Grassland,,Whakatane District
8405cd36-438c-4705-8445-4c41dba1a266,8.4,Short-rotation Cropland,,Whakatane District
840880eb-0324-4854-8fb9-aa33e3641237,10.0,Broadleaved Indigenous Hardwoods,,Western Bay of Plenty District
84102149-3b2f-4c8d-b25b-525ecd0aa77b,10.0,High Producing Exotic Grassland,Te Puke,Western Bay of Plenty District
84180b7c-3008-44c1-b596-ce6b1fb0e04f,8.0,Low Producing Grassland,,Whakatane District
8421e99a-9b8e-43b8-b9ae-fe2b48ca6c6a,8.0,High Producing Exotic Grassland,,Western Bay of Plenty District
842b6815-e980-4155-904c-baf68fea1d56,8.8,High Producing Exotic Grassland,,Western Bay of Plenty District
8436f3b6-3f2d-4560-9ce8-97aa4b158dc3,10.0,High Producing Exotic Grassland,,Western Bay of Plenty District
843a3a79-9083-4d8c-a231-528406918a22,8.0,High Producing Exotic Grassland,,Whakatane District
844b6e42-80f0-43e3-8383-b6d57bd00891,8.0,Manuka and/or Kanuka,,Whakatane District
844ee057-6f55-4edb-947e-97a46055a71f,10.0,High Producing Exotic Grassland,,Whakatane District
845ea1ae-a230-429d-86f5-cc74ce64ec35,8.0,High Producing Exotic Grassland,,Whakatane District
8465057e-0bef-4a7e-b19c-7603d1c06ffd,10.0,High Producing Exotic Grassland,,Western Bay of Plenty District
8466280e-092c-4e15-959b-92e7d541c397,10.0,High Producing Exotic Grassland,,Western Bay of Plenty District
84729792-6fde-4ae1-b3cb-9a9ba5cc4ba7,10.0,High Producing Exotic Grassland,,Western Bay of Plenty District
847f7a6a-9668-4b7e-938c-f729871c95c4,8.2,Short-rotation Cropland,,Whakatane District
848a9ae5-ae7b-4240-a09e-b026f515e098,10.0,High Producing Exotic Grassland,,Ōpōtiki District
8490c697-ee63-4d8a-aeae-a3c62fd144f0,8.0,Built-up Area (settlement),Tauranga,Tauranga City
8490d312-1746-4057-83e6-1abc88950507,10.0,High Producing Exotic Grassland,Tauranga,Western Bay of Plenty District
8493d237-1cb9-4375-bc6f-3f660edb7a78,10.0,High Producing Exotic Grassland,,Western Bay of Plenty District
8499939,8.0,High Producing Exotic Grassland,Pongakawa,Western Bay of Plenty District
849fac41-210c-42c0-bebc-6334e770c116,8.0,Short-rotation Cropland,Te Puke,Western Bay of Plenty District
84a07005-44c0-4b46-a0d0-18c957983c9f,8.0,High Producing Exotic Grassland,,Western Bay of Plenty District
84a2e41d-f07f-468d-a11a-a2aa7b771151,10.0,High Producing Exotic Grassland,,Western Bay of Plenty District
84afbc60-c24c-40c9-8e2b-76956fbe3704,10.0,High Producing Exotic Grassland,,Western Bay of Plenty District
84bdd47b-006c-4be7-9d9f-13bbb376f1fe,8.0,High Producing Exotic Grassland,,Whakatane District
84be0708-6e58-4694-9fbf-872ef96fc597,8.0,Indigenous Forest,Te Puke,Western Bay of Plenty District
84c97824-9078-47ba-86e2-c64f43d90e58,10.0,High Producing Exotic Grassland,,Western Bay of Plenty District
84cb7a3e-fb70-41b8-828f-74b4708ca009,8.0,High Producing Exotic Grassland,,Whakatane District
84ccc09a-ed32-4f20-a0b7-b4a9e08357ef,10.0,High Producing Exotic Grassland,Tauranga,Tauranga City
84cdc5b4-9fc9-4821-bb8f-f3c2d0f78ef9,8.0,High Producing Exotic Grassland,,Whakatane District
84d39ad3-c21b-425b-8800-6d2a863b875c,9.6,High Producing Exotic Grassland,,Western Bay of Plenty District
84d4fbe9-0eeb-484c-a64d-bae0bdfb9500,10.0,High Producing Exotic Grassland,,Western Bay of Plenty District
84e715a3-9bc6-4d9a-9f76-e31241c85c26,10.0,Indigenous Forest,,Ōpōtiki District
84f35b57-4fa8-4ce1-b38c-94a6e60c96ee,10.0,High Producing Exotic Grassland,,Western Bay of Plenty District
84f4644b-db8f-4b17-9fb4-727e51603cb5,8.0,Deciduous Hardwoods,,Ōpōtiki District
84f4d3de-284b-4ed7-912f-30ca3eb238c3,8.0,High Producing Exotic Grassland,,Whakatane District
84f6d4d2-47df-4288-95d9-c7c005d598c5,10.0,High Producing Exotic Grassland,,Western Bay of Plenty District
84fb410a-71f8-42e9-bee0-1ab873411193,10.0,High Producing Exotic Grassland,Tauranga,Tauranga City
84ffe0a0-7d6c-4ec1-b7a3-3ddecc293bfa,10.0,High Producing Exotic Grassland,,Western Bay of Plenty District
850ba50b-164c-4e14-8b75-d6c8ab0cc853,10.0,Exotic Forest,,Western Bay of Plenty District
850f7a75-6059-48a9-a1a4-f699ddb589b9,10.0,High Producing Exotic Grassland,Tauranga,Tauranga City
851ed5fc-707e-425c-949d-d15ae47b1d25,10.0,Indigenous Forest,,Western Bay of Plenty District
8520d2b6-8989-41ac-a1da-87c321d5405f,10.0,Low Producing Grassland,,Western Bay of Plenty District
85267077-686d-4e64-9868-088ea893fb53,8.4,Short-rotation Cropland,,Ōpōtiki District
85310240-8125-4d74-9dad-4b79e2190774,10.0,High Producing Exotic Grassland,,Western Bay of Plenty District
853a169d-ad9e-4736-90c0-45b1bbe13432,10.0,High Producing Exotic Grassland,,Western Bay of Plenty District
853f5ce9-5e24-418d-b22c-9226ac59e4fe,10.0,High Producing Exotic Grassland,Tauranga,Tauranga City
85455a15-1d0c-48d0-9de5-05095a6bedaa,8.0,Exotic Forest,,Western Bay of Plenty District
85491bfb-6089-4ef7-bf5c-96d0eb783acb,8.0,High Producing Exotic Grassland,,Western Bay of Plenty District
8549d1be-1080-458c-81d7-f70941b762ed,10.0,High Producing Exotic Grassland,,Western Bay of Plenty District
854f907e-9708-49e9-823a-9c99abcc8c7d,8.0,High Producing Exotic Grassland,Te Puke,Western Bay of Plenty District
8553c219-0166-499a-bd23-326d05bab266,8.0,High Producing Exotic Grassland,,Whakatane District
8559d5f9-6939-47c5-8be5-93fe7dbe8c3d,10.0,Indigenous Forest,,Western Bay of Plenty District
855b3a8f-2981-40d2-aa18-befb519db576,10.0,Surface Mine or Dump,Tauranga,Western Bay of Plenty District
855b9f8b-ecf0-469a-aa15-c24d1417fb2b,10.0,High Producing Exotic Grassland,,Western Bay of Plenty District
856480dd-cb2a-48a1-a602-92389ff504c5,10.0,High Producing Exotic Grassland,,Ōpōtiki District
8569f6e3-0a69-4ede-b943-d8f52445a6ac,10.0,Transport Infrastructure,,Western Bay of Plenty District
856a60e8-28d7-433b-a41f-b16cc9c54f22,10.0,High Producing Exotic Grassland,,Western Bay of Plenty District
856b3dd9-1936-4f91-a019-c9eda7a54a20,10.0,Built-up Area (settlement),Tauranga,Tauranga City
85720749-8db7-460f-8ebe-230336214418,10.0,High Producing Exotic Grassland,,Western Bay of Plenty District
8573bde0-b2e5-4d43-adf8-7f5a3e14abd3,10.0,High Producing Exotic Grassland,,Whakatane District
857716dc-6ba6-4508-816e-da4f5616a25b,9.6,Indigenous Forest,Tauranga,Western Bay of Plenty District
8577be9d-af43-4590-a0f3-478813cbe2a2,10.0,Exotic Forest,,Western Bay of Plenty District
8580027,8.4,River,,Ōpōtiki District
8580028,8.4,Indigenous Forest,,Ōpōtiki District
8580029,8.4,High Producing Exotic Grassland,,Ōpōtiki District
8580030,8.4,High Producing Exotic Grassland,,Ōpōtiki District
8590d596-59ee-4763-a6ac-3334483e5956,10.0,Indigenous Forest,,Ōpōtiki District
8592593,8.8,Indigenous Forest,,Western Bay of Plenty District
8592594,8.8,Indigenous Forest,,Western Bay of Plenty District
8595c084-f1ab-47d3-bc92-f8ad33286b48,8.0,Broadleaved Indigenous Hardwoods,Te Puke,Western Bay of Plenty District
8595fc91-ebf9-4603-8343-9a74473c3134,10.0,Urban Parkland/Open Space,Tauranga,Tauranga City
8597deb1-5607-4d20-a6ef-bf0a28cd6fb6,10.0,High Producing Exotic Grassland,,Western Bay of Plenty District
859e8b80-be96-43f4-91e0-e3bb0aa47be0,10.0,Built-up Area (settlement),,Tauranga City
859f2b52-e74c-40f5-acc5-d6285f830f8d,10.0,High Producing Exotic Grassland,,Western Bay of Plenty District
85a500b3-76a2-4129-831b-3642df69e825,10.0,Indigenous Forest,,Ōpōtiki District
85afba30-591f-40a7-b6e7-8d63be5a8052,10.0,Indigenous Forest,,Western Bay of Plenty District
85c00a11-f03f-45a0-b9b2-1d687e10d5fa,10.0,High Producing Exotic Grassland,,Western Bay of Plenty District
85c76884-c142-4250-819d-17b5e1ad995a,8.4,High Producing Exotic Grassland,,Whakatane District
85caca70-2e43-4622-9419-4de675b90875,8.0,Low Producing Grassland,,Whakatane District
85defd76-e097-45b1-aac6-d69717affeb1,8.0,High Producing Exotic Grassland,,Whakatane District
85f7e0cb-c6b1-47a7-82e3-cf7c25a4cefc,10.0,High Producing Exotic Grassland,,Western Bay of Plenty District
860168b2-9dd6-4816-a3e0-ca38832c782d,10.0,High Producing Exotic Grassland,,Ōpōtiki District
860408bf-c5fa-4058-8e65-63f7f0d0a839,8.4,High Producing Exotic Grassland,,Ōpōtiki District
861364cc-6c2e-4d8d-a96b-fe1af592e357,10.0,High Producing Exotic Grassland,,Western Bay of Plenty District
8614a736-ed9a-49e7-ba3b-25ca8261e454,10.0,Built-up Area (settlement),,Western Bay of Plenty District
862a4abd-6c1a-407b-8e23-7e13736b43e8,10.0,High Producing Exotic Grassland,,Western Bay of Plenty District
862fb180-4917-4d23-96f5-09d3a7467aad,10.0,High Producing Exotic Grassland,,Western Bay of Plenty District
8638ce76-27f9-4cb6-9059-9615553f2d7c,10.0,Indigenous Forest,,Western Bay of Plenty District
86405dec-eff0-4348-8dea-315cbc77c631,10.0,High Producing Exotic Grassland,,Western Bay of Plenty District
86417ae5-7de7-4e65-b46e-d380e4e2e6ef,10.0,Indigenous Forest,Pongakawa,Western Bay of Plenty District
864ce3ef-5d60-4357-ad5b-fa08943d9483,10.0,High Producing Exotic Grassland,,Whakatane District
86587513-d7d5-4be1-919c-929cc9f8921f,8.4,High Producing Exotic Grassland,,Whakatane District
8664a82d-1764-444f-85ff-b001613aae57,10.0,High Producing Exotic Grassland,Katikati,Western Bay of Plenty District
866a1ae7-862d-4189-9686-3a7e0058dfb7,8.4,High Producing Exotic Grassland,,Ōpōtiki District
866a91c2-cc85-4835-97cd-ed5960936a61,8.0,High Producing Exotic Grassland,,Whakatane District
867286ad-73c0-4c51-885c-424d9c55b376,10.0,High Producing Exotic Grassland,Tauranga,Western Bay of Plenty District
8679a9f9-0805-4282-8578-a7f7f809b8b0,10.0,High Producing Exotic Grassland,,Ōpōtiki District
868609d8-222e-4606-9477-f015689b005d,8.0,High Producing Exotic Grassland,,Whakatane District
8686963e-57c9-48ff-933e-e24d71b7a09b,10.0,High Producing Exotic Grassland,Tauranga,Tauranga City
869098e8-18b7-447a-a23b-76547ba3f49d,10.0,High Producing Exotic Grassland,,Ōpōtiki District
869afb9f-755e-4ebf-b9f7-fb6d6364d509,10.0,High Producing Exotic Grassland,,Western Bay of Plenty District
86a29676-1b25-4201-a2fc-f7f115addbfb,10.0,High Producing Exotic Grassland,,Ōpōtiki District
86a673e9-f1e7-4631-8cdb-fb176b02eb40,10.0,High Producing Exotic Grassland,,Western Bay of Plenty District
86a7658b-971b-4ec8-a848-64a3f4c98f4a,10.0,Manuka and/or Kanuka,,Ōpōtiki District
86ad55f8-c767-4adc-8716-203b045672b0,10.0,High Producing Exotic Grassland,,Western Bay of Plenty District
86af55b2-ac3c-4c86-9113-b42bb2bad7f5,10.0,High Producing Exotic Grassland,,Western Bay of Plenty District
86b36a4a-01f9-4737-b4ad-3b3a35c9f94f,8.0,High Producing Exotic Grassland,,Whakatane District
86b4d0d4-a765-4013-aecb-7afc77f06240,9.6,Indigenous Forest,,Western Bay of Plenty District
86c3a05d-7ea7-4b88-8602-fdf194e10b15,8.0,High Producing Exotic Grassland,,Whakatane District
86c909c7-e21c-439e-a82a-ab984b1661d7,8.0,High Producing Exotic Grassland,,Whakatane District
86ce52fe-74cf-44bd-821c-f7a28e3fc360,8.0,High Producing Exotic Grassland,,Whakatane District
86d32205-4c8c-44bd-94e4-225cb84010e4,8.0,High Producing Exotic Grassland,,Western Bay of Plenty District
86d3bdfb-701d-45f7-97be-e315825aefa0,8.4,High Producing Exotic Grassland,,Whakatane District
86d56d08-47d1-4e68-b169-92addb563988,10.0,High Producing Exotic Grassland,,Western Bay of Plenty District
86d87cb6-6c9c-4a31-872a-a9f109d7d5ec,8.4,High Producing Exotic Grassland,,Ōpōtiki District
86e00ced-173b-4302-ad6e-985d47d255a1,10.0,High Producing Exotic Grassland,,Western Bay of Plenty District
86e3b620-aff7-447b-a0ac-f231c64ad490,10.0,High Producing Exotic Grassland,,Western Bay of Plenty District
86e3ee09-d7b0-40c1-9b1b-a0b9c6edb2d8,10.0,High Producing Exotic Grassland,,Western Bay of Plenty District
86e46287-dbd2-48a7-87ab-7ae6ab304418,10.0,Built-up Area (settlement),Tauranga,Tauranga City
86e53cf9-6de0-4558-8174-64c172bdc1cd,10.0,High Producing Exotic Grassland,,Western Bay of Plenty District
86e98a96-6c9f-4a9e-8cf9-d96a29a9a971,8.0,High Producing Exotic Grassland,,Whakatane District
870299e7-bf1a-417f-838f-423d77bbd5c5,8.0,High Producing Exotic Grassland,,Western Bay of Plenty District
8702da36-a835-47cb-833a-43e7c0389982,8.0,Forest - Harvested,,Western Bay of Plenty District
8707f39f-35cf-4b98-a1bb-e043da749dd1,8.4,Indigenous Forest,,Ōpōtiki District
870e45a6-36a4-47d3-a29a-f67362ce6725,8.0,Built-up Area (settlement),Tauranga,Tauranga City
871406e7-ecd8-4ff5-9118-46e133148e5e,10.0,Built-up Area (settlement),Tauranga,Tauranga City
871c358c-18ab-4c4c-99c4-c285dab275bd,10.0,High Producing Exotic Grassland,,Western Bay of Plenty District
871c5e4f-2ca0-4eb1-97bb-bc77b1bf52ca,10.0,High Producing Exotic Grassland,Tauranga,Tauranga City
871fbdee-bc4b-479c-8434-785742d70e9d,10.0,High Producing Exotic Grassland,,Ōpōtiki District
87228e8d-7b8a-4edd-8a44-b8983aed8001,10.0,High Producing Exotic Grassland,,Western Bay of Plenty District
8723cd32-1bbd-4e13-8474-d3d0c3156e11,10.0,High Producing Exotic Grassland,Tauranga,Western Bay of Plenty District
872ad3a5-43ea-4f9a-9d48-6abadfabd698,8.0,High Producing Exotic Grassland,,Whakatane District
872db7ef-831f-4d90-b85d-2fb2df1be046,8.0,Indigenous Forest,Te Puke,Western Bay of Plenty District
87338b91-5d46-4e95-b91f-c16fe444a13b,8.4,Indigenous Forest,,Ōpōtiki District
87344113-3be4-419b-aad0-7a7e4fef2564,10.0,High Producing Exotic Grassland,Tauranga,Tauranga City
87366156-bd22-42c7-9cbb-6292367cf1c7,10.0,Urban Parkland/Open Space,,Western Bay of Plenty District
875923ec-6e72-45d6-977c-4b0b40fa0fc1,8.0,High Producing Exotic Grassland,,Western Bay of Plenty District
875949cb-cc0b-46c4-b1f8-fc855025ccac,10.0,High Producing Exotic Grassland,,Ōpōtiki District
87598f31-0f34-4546-90f4-346332837789,10.0,High Producing Exotic Grassland,,Western Bay of Plenty District
875f0529-5976-403f-83db-3ec2ce7f00f3,8.0,Forest - Harvested,,Whakatane District
875f24b9-8c57-49e4-9a66-cbe6b3c521d6,8.0,High Producing Exotic Grassland,,Whakatane District
8762cd9c-edfa-4f9d-ace8-36bddf0a8b16,8.2,High Producing Exotic Grassland,,Whakatane District
8798f41e-c590-4f00-b8d8-85449d13a8c7,10.0,Broadleaved Indigenous Hardwoods,,Western Bay of Plenty District
879f6c5b-be38-48a4-ba2f-215bd2904955,10.0,High Producing Exotic Grassland,,Whakatane District
87a125e9-8e1a-4b59-806e-7e52361f7a6d,10.0,Built-up Area (settlement),Tauranga,Tauranga City
87a1b72b-eb8f-43ea-bc83-cb7789831928,8.4,High Producing Exotic Grassland,,Ōpōtiki District
87b4ae69-e027-41ab-bb05-555196b17114,9.6,High Producing Exotic Grassland,Tauranga,Western Bay of Plenty District
87b92fec-f2f4-457c-a655-50dfb0e3debe,10.0,Built-up Area (settlement),Tauranga,Tauranga City
87c4a774-6da5-484c-ab73-2b44a2c8341c,10.0,High Producing Exotic Grassland,,Western Bay of Plenty District
87c71d23-b9df-4254-9864-35e82f653f5a,10.0,High Producing Exotic Grassland,Tauranga,Western Bay of Plenty District
87ca0776-4302-4e3c-acdd-47dc91a50893,10.0,Built-up Area (settlement),Tauranga,Tauranga City
87cac535-ad4f-4801-a834-851f9dbec778,10.0,Deciduous Hardwoods,Tauranga,Tauranga City
87ce9d41-4bf3-4b84-9fa9-d2455f2e5e5a,8.0,Short-rotation Cropland,,Whakatane District
87df4c6c-09b5-4d11-b5bf-2cd1607e089e,8.0,High Producing Exotic Grassland,,Whakatane District
87e94924-871b-48d6-a25a-3de49c264bf5,10.0,High Producing Exotic Grassland,,Western Bay of Plenty District
87ee2c88-42ca-4b25-b775-b463224a79d4,8.8,High Producing Exotic Grassland,,Western Bay of Plenty District
87f33f12-300a-4a25-9fe5-c2ae9789ad03,10.0,High Producing Exotic Grassland,,Ōpōtiki District
87fa8a22-078e-4f7b-bc6c-161d8bf570b9,8.0,High Producing Exotic Grassland,,Whakatane District
8813c8b5-f9ff-4c4b-9f2c-1f0636c54162,10.0,High Producing Exotic Grassland,,Western Bay of Plenty District
881bcc4b-c554-402b-a5ac-b4a973fef18e,10.0,Transport Infrastructure,Tauranga,Tauranga City
88243523-39bf-4f15-992c-923b2ff94780,8.0,High Producing Exotic Grassland,,Whakatane District
884a6a09-0961-4391-849b-2dee78ee9723,10.0,Built-up Area (settlement),Tauranga,Tauranga City
884daa1d-3c92-4b65-98aa-1f5e286d76ad,9.6,High Producing Exotic Grassland,,Western Bay of Plenty District
884e422f-2e80-4194-8908-21e254f580fe,8.0,High Producing Exotic Grassland,,Whakatane District
884f1dde-ea4d-48d1-b15c-cb335490c1c9,8.0,High Producing Exotic Grassland,,Whakatane District
884f816d-5b4d-422c-830f-1800cf38066c,10.0,Indigenous Forest,,Western Bay of Plenty District
885189d2-b117-4f74-9bd9-7e9569623368,10.0,High Producing Exotic Grassland,Tauranga,Western Bay of Plenty District
886fae11-bff8-44ce-9305-0e7a87bf12f5,10.0,High Producing Exotic Grassland,,Whakatane District
8880ac44-f4dc-49a5-824c-7264707785b4,10.0,High Producing Exotic Grassland,,Western Bay of Plenty District
88815964-9457-44ea-b778-29037716e466,8.0,Exotic Forest,Pongakawa,Western Bay of Plenty District
8885ae88-805e-4816-8437-d298e4e468a0,8.0,Short-rotation Cropland,,Whakatane District
888d8b05-b593-4ead-abc2-b78ad401f2ac,8.4,Short-rotation Cropland,,Ōpōtiki District
888df84c-303d-404c-9c98-8e5fd80b8df8,8.0,Indigenous Forest,,Western Bay of Plenty District
8898087c-358a-43e5-8d05-f1d6c0857ae5,10.0,High Producing Exotic Grassland,,Western Bay of Plenty District
88b66d30-5d77-4cfa-ad79-50d9d007c59b,10.0,High Producing Exotic Grassland,,Western Bay of Plenty District
88c1dbf3-788c-4996-9da2-430e4a7e01a3,8.0,High Producing Exotic Grassland,Te Puke,Western Bay of Plenty District
88c5e22f-881e-47b2-b160-ebf96e376ea8,10.0,High Producing Exotic Grassland,,Western Bay of Plenty District
88c8a39e-9b41-4d1d-b53d-654d0b7921d8,10.0,High Producing Exotic Grassland,,Western Bay of Plenty District
88cc6c60-36d1-4907-a403-655613e2e768,10.0,Deciduous Hardwoods,Tauranga,Tauranga City
88cee93a-3eab-4a51-a57f-17e22452d3cc,8.0,High Producing Exotic Grassland,,Western Bay of Plenty District
88d08d20-b374-41f2-aeb4-1d6246f81455,8.0,High Producing Exotic Grassland,,Whakatane District
88d32d4c-141e-4de7-b16c-e1da48ec0de6,10.0,High Producing Exotic Grassland,,Western Bay of Plenty District
88d77bfd-921d-42cd-a832-978a9e6f2b88,8.0,Indigenous Forest,Te Puke,Western Bay of Plenty District
88dfaf9a-cb97-4035-9896-ecfdbf1f417e,8.0,High Producing Exotic Grassland,,Whakatane District
88e2acb7-d8da-4962-838b-dd3a2fc92acc,10.0,Exotic Forest,Tauranga,Tauranga City
88fbf654-cd5e-4e82-b96b-3f74f5030821,8.0,Exotic Forest,,Whakatane District
890a4772-4dec-4b8d-a3fc-88ed11d3975c,10.0,High Producing Exotic Grassland,,Western Bay of Plenty District
890efc88-a1cb-4805-882c-9358fd22a98f,10.0,High Producing Exotic Grassland,,Western Bay of Plenty District
891bc526-3da9-416b-bc2a-470d3694d773,10.0,High Producing Exotic Grassland,,Western Bay of Plenty District
892ae6a5-0fd7-43d4-a5db-cab1e2cc0011,10.0,High Producing Exotic Grassland,,Ōpōtiki District
892c8ed7-d497-4a3d-acf8-47efe0570ce1,10.0,High Producing Exotic Grassland,,Western Bay of Plenty District
892fd249-e703-401a-9f8e-fd94180b616c,10.0,High Producing Exotic Grassland,Te Puke,Western Bay of Plenty District
89338cfc-2276-4657-8140-b3cf2bec3e6e,10.0,High Producing Exotic Grassland,,Western Bay of Plenty District
89370820-00b9-4d99-a630-93c6d20e4f52,10.0,Low Producing Grassland,,Western Bay of Plenty District
893d35dc-d1c0-456a-b630-fc5867bdefa0,10.0,High Producing Exotic Grassland,Tauranga,Tauranga City
8948e948-ac42-444c-b6bf-1efa9c8502a3,10.0,High Producing Exotic Grassland,Tauranga,Tauranga City
894ab0f8-d6ee-44db-93be-41dc4b9cbb8d,10.0,High Producing Exotic Grassland,,Western Bay of Plenty District
894c154d-7fd9-4cf4-a5de-c8e7e188d6b0,10.0,Exotic Forest,,Western Bay of Plenty District
8957cd16-859e-4791-92ce-250551c29f5e,10.0,High Producing Exotic Grassland,,Western Bay of Plenty District
895a8485-3873-4c6d-a1e1-75467e05c4ae,8.0,High Producing Exotic Grassland,,Ōpōtiki District
895f62fd-6083-4067-abfb-83c63224a740,8.4,High Producing Exotic Grassland,,Ōpōtiki District
895fdcb9-df14-40d2-a2ad-0ee14489ec17,10.0,High Producing Exotic Grassland,,Western Bay of Plenty District
896601b1-90f6-4784-bdd3-9b71889ce755,10.0,Indigenous Forest,,Western Bay of Plenty District
896a5e99-21f9-47e6-be34-e94ebbb6f0fd,10.0,High Producing Exotic Grassland,,Western Bay of Plenty District
89802e42-aeda-443b-be74-a0f68d556186,10.0,High Producing Exotic Grassland,Tauranga,Tauranga City
898264c1-4828-408f-b3d5-987aee67d0ba,10.0,High Producing Exotic Grassland,,Western Bay of Plenty District
89837e5a-1368-42ed-8a93-2750c77a58d6,8.0,High Producing Exotic Grassland,,Whakatane District
898d9d52-c933-4143-a39d-b30f32fa9790,10.0,High Producing Exotic Grassland,,Ōpōtiki District
89956120-f0a2-4fd9-9750-dd1b4156dcaf,10.0,Exotic Forest,Opotiki,Ōpōtiki District
899f80bf-85ad-45e4-997f-6372586a8f42,8.0,Indigenous Forest,,Whakatane District
89a8047f-b121-4e26-a8e2-6eac793d6903,8.0,High Producing Exotic Grassland,,Whakatane District
89d44f51-7e5f-4ac9-8426-35ecb8177139,10.0,High Producing Exotic Grassland,,Tauranga City
89d8acfa-9f7b-4285-9be7-7cb14dd8786f,10.0,Built-up Area (settlement),Tauranga,Tauranga City
89e99554-4a00-411e-b3b4-194732954e96,10.0,Exotic Forest,Te Puke,Western Bay of Plenty District
89ee737b-750f-49c5-b211-a9b80d09569a,8.4,High Producing Exotic Grassland,,Ōpōtiki District
89ef88d4-eb5f-4fa8-8276-09843945c4c1,10.0,High Producing Exotic Grassland,,Western Bay of Plenty District
89ef9041-d024-4c38-86b4-e1d2c09b73bd,8.0,Indigenous Forest,,Whakatane District
89f49df6-3955-40f6-8dae-16f20d85bbcb,10.0,Manuka and/or Kanuka,,Ōpōtiki District
89fd18f3-2680-4e57-817a-795f8767b43b,10.0,High Producing Exotic Grassland,,Whakatane District
89fd5b6e-40de-4d44-aa09-acc079e07391,10.0,High Producing Exotic Grassland,,Western Bay of Plenty District
8a08e04b-414f-42dd-83e1-8ca5e45e6441,10.0,High Producing Exotic Grassland,Tauranga,Tauranga City
8a0dffd7-65d6-4508-bb5a-2ca1953a6dd0,8.8,High Producing Exotic Grassland,,Western Bay of Plenty District
8a12bc37-ad81-42d0-8981-2358013f3ace,10.0,High Producing Exotic Grassland,Tauranga,Western Bay of Plenty District
8a239fe4-d264-4624-bc05-2f552c903c06,10.0,Built-up Area (settlement),,Tauranga City
8a2e8133-dc30-4037-ae54-d967f817c7c1,10.0,High Producing Exotic Grassland,,Ōpōtiki District
8a315497-16f4-40c9-9c5c-b7ddc69d8db7,8.0,High Producing Exotic Grassland,,Western Bay of Plenty District
8a3372eb-fde3-4930-8b38-20b35caf31c8,10.0,High Producing Exotic Grassland,,Western Bay of Plenty District
8a3b0bf9-e0d8-46b3-86ae-2b4e96128904,8.4,High Producing Exotic Grassland,,Ōpōtiki District
8a495f46-9a3d-473d-995c-0b8cdd95d2a6,10.0,High Producing Exotic Grassland,Tauranga,Tauranga City
8a51ea1e-44f4-4d7c-9df4-2be74ffc1b80,10.0,Exotic Forest,,Whakatane District
8a52f199-03c5-4c2a-8b9e-12fb24e22eef,8.0,High Producing Exotic Grassland,Pongakawa,Western Bay of Plenty District
8a5dd613-e0d6-4ad6-9ce1-b2dd7678f3af,8.0,High Producing Exotic Grassland,Te Puke,Western Bay of Plenty District
8a6a8859-8aca-4254-9ab1-f6f31bce65c7,10.0,High Producing Exotic Grassland,,Western Bay of Plenty District
8a7219b7-e3fd-4038-aabb-1ba404d3a716,8.0,High Producing Exotic Grassland,,Whakatane District
8a7b582f-a9e4-43bb-864e-f35e235c6145,10.0,High Producing Exotic Grassland,,Western Bay of Plenty District
8a7f02d6-21a2-4906-b130-b316687d084d,10.0,High Producing Exotic Grassland,Tauranga,Western Bay of Plenty District
8a82c054-4cf9-43e6-9ac2-37946c7949dd,8.0,High Producing Exotic Grassland,,Whakatane District
8a855b7d-f306-422d-9eac-712f897f4d10,9.6,Indigenous Forest,,Western Bay of Plenty District
8a8e9b14-441e-4233-87b8-f68a6ec20943,10.0,High Producing Exotic Grassland,,Western Bay of Plenty District
8a92aad3-0b60-47d3-876b-b91d1e850ec7,8.0,High Producing Exotic Grassland,,Western Bay of Plenty District
8a93d3f6-5e21-4895-bd3c-e55a521f8037,8.0,Indigenous Forest,,Whakatane District
8a93e2a4-3e50-408f-ba4a-f986b2d5e647,10.0,High Producing Exotic Grassland,,Western Bay of Plenty District
8a9f397a-c807-45c3-9a05-020b19bbd5b3,10.0,High Producing Exotic Grassland,Te Puke,Western Bay of Plenty District
8aa5477b-5144-4b97-9b25-ef0bb6edf4b0,10.0,High Producing Exotic Grassland,,Ōpōtiki District
8aadc70a-bb63-4650-9590-9c7bff319097,10.0,High Producing Exotic Grassland,,Western Bay of Plenty District
8ab8c5b0-abbe-4d28-9d5d-4366da177672,10.0,High Producing Exotic Grassland,Tauranga,Western Bay of Plenty District
8ab9a334-8597-4cba-a758-148c3cec09ed,10.0,High Producing Exotic Grassland,,Western Bay of Plenty District
8aca708a-46e0-447b-8d3d-1df6cea533e3,10.0,High Producing Exotic Grassland,,Western Bay of Plenty District
8adc30c7-477a-4950-bd0a-fe0e4e6cc898,10.0,High Producing Exotic Grassland,,Western Bay of Plenty District
8adde622-b020-4f05-a346-ff69c45396f1,8.0,High Producing Exotic Grassland,Te Puke,Western Bay of Plenty District
8ade1925-e825-4812-8379-d9e4bc365ecf,10.0,High Producing Exotic Grassland,,Ōpōtiki District
8ae7e5d9-dba9-4a22-b98d-3283fbdf71e6,8.0,Indigenous Forest,,Whakatane District
8aeafd06-3b36-4b67-871d-907be2435c62,10.0,High Producing Exotic Grassland,,Western Bay of Plenty District
8af62289-7d7d-4162-afd7-3a4b52cb5d48,10.0,High Producing Exotic Grassland,Katikati,Western Bay of Plenty District
8af8f59f-2d52-42d9-88be-c923eaa4f6ea,10.0,Indigenous Forest,,Western Bay of Plenty District
8afab822-1669-48b4-a8e6-fa731f394e09,10.0,High Producing Exotic Grassland,,Western Bay of Plenty District
8afac95f-ad1d-48e3-b0ec-96a1f2642bd6,10.0,High Producing Exotic Grassland,Tauranga,Western Bay of Plenty District
8b00fbd7-3b4e-4c14-b476-479e6e2c358e,10.0,High Producing Exotic Grassland,,Western Bay of Plenty District
8b106b89-4fa5-42ba-85f2-6ba39ea7cd26,10.0,High Producing Exotic Grassland,Tauranga,Western Bay of Plenty District
8b10c119-4015-49ae-b441-f7cb4b4ca510,10.0,High Producing Exotic Grassland,Katikati,Western Bay of Plenty District
8b11af7f-051a-4fee-83b3-31a44c1854c1,8.0,High Producing Exotic Grassland,,Whakatane District
8b174692-cffc-4d08-951d-259d2ee0d8f8,10.0,Indigenous Forest,,Western Bay of Plenty District
8b3962cd-c8e0-4736-9413-f426328baa0a,10.0,High Producing Exotic Grassland,,Ōpōtiki District
8b3af293-95ac-4139-bceb-1ae35864a24e,8.0,High Producing Exotic Grassland,,Whakatane District
8b3b26b5-7bca-4de1-8642-50c0af1d59de,8.0,High Producing Exotic Grassland,,Whakatane District
8b41a97c-1f64-436b-8c15-0ae7f7c817fa,10.0,High Producing Exotic Grassland,,Western Bay of Plenty District
8b47618b-5298-4c43-8a44-b75dbb2945bf,10.0,High Producing Exotic Grassland,Katikati,Western Bay of Plenty District
8b49581e-05c0-4fd4-a4d0-f5a15a877f1c,10.0,Built-up Area (settlement),Tauranga,Tauranga City
8b4b121a-b6b7-49af-bf1a-e06bd048369f,10.0,High Producing Exotic Grassland,,Western Bay of Plenty District
8b541969-150a-4eae-bfee-fd8c7a84b2c2,10.0,High Producing Exotic Grassland,Tauranga,Tauranga City
8b5902ca-c9e3-45e3-8b0c-81ea3ff4654b,10.0,High Producing Exotic Grassland,,Western Bay of Plenty District
8b5cc8ae-e2c4-4656-9e9a-48c9362997b1,8.0,High Producing Exotic Grassland,,Whakatane District
8b688c32-851d-415d-8e81-007e39aeef81,10.0,Built-up Area (settlement),Tauranga,Tauranga City
8b6c82d0-486e-4da0-a0b5-2575679b802b,10.0,High Producing Exotic Grassland,,Western Bay of Plenty District
8b6f119a-2206-4250-954f-e09b354ac812,8.0,High Producing Exotic Grassland,Te Puke,Western Bay of Plenty District
8b6ffd66-c7c0-4f23-b7c6-09a4ef20662e,8.0,High Producing Exotic Grassland,,Whakatane District
8b701dc0-616a-4f80-a9d4-3f0a16b78de7,10.0,Indigenous Forest,,Western Bay of Plenty District
8b7a67eb-8153-409b-b9df-c8324b53e9e7,10.0,High Producing Exotic Grassland,,Western Bay of Plenty District
8b7eee6b-f4e5-4137-8054-5d82717516ed,8.0,High Producing Exotic Grassland,Pongakawa,Western Bay of Plenty District
8b818fda-2033-4397-9b5d-5635459e2ff4,10.0,High Producing Exotic Grassland,,Western Bay of Plenty District
8b8a8951-55a5-416e-8be4-8343b4774f75,10.0,High Producing Exotic Grassland,Tauranga,Western Bay of Plenty District
8b951de4-d47e-453f-87ef-640228554628,10.0,High Producing Exotic Grassland,,Western Bay of Plenty District
8ba721e2-8e92-4765-8a1f-7f6961dcf99f,8.0,Exotic Forest,,Whakatane District
8bb053fd-928d-4d7b-8614-cb88a6420198,8.4,High Producing Exotic Grassland,,Whakatane District
8bb72093-811e-4bbc-9a78-7e24244b7755,10.0,High Producing Exotic Grassland,,Whakatane District
8bc2a359-f492-41a4-bc21-8f73adb7f219,10.0,Exotic Forest,Tauranga,Western Bay of Plenty District
8bcfc843-824e-49f4-9dd5-93c460843b49,10.0,High Producing Exotic Grassland,,Western Bay of Plenty District
8be38f1f-0d38-48dc-8a9e-6e0f0438e12c,10.0,High Producing Exotic Grassland,,Western Bay of Plenty District
8bed7117-eb10-4c93-81ad-de03f254d598,10.0,High Producing Exotic Grassland,,Western Bay of Plenty District
8bf237b0-556a-4095-98ea-9a1e34ee52dc,8.0,High Producing Exotic Grassland,,Whakatane District
8bf6c8d3-b6fc-4e44-af46-c0b2dfaab19f,10.0,High Producing Exotic Grassland,,Western Bay of Plenty District
8c04dde4-9f19-41e9-800c-3b532fa76fad,8.0,High Producing Exotic Grassland,Pongakawa,Western Bay of Plenty District
8c0fb609-ca57-47ea-9a2c-e4cc660ae73d,10.0,High Producing Exotic Grassland,,Tauranga City
8c13abb4-dcb3-4d22-bf20-357736be6197,8.0,High Producing Exotic Grassland,,Whakatane District
8c1bb3a1-b735-48b2-b8ef-bcc4a3d76c7c,10.0,High Producing Exotic Grassland,,Western Bay of Plenty District
8c1cd1dd-dc99-433d-99c0-647f3f731bbb,10.0,High Producing Exotic Grassland,Tauranga,Tauranga City
8c228cff-5022-40ab-908e-909fcadb21e9,8.8,Built-up Area (settlement),,Western Bay of Plenty District
8c234f9e-fa79-487e-a24d-2d4594dec3ba,10.0,High Producing Exotic Grassland,,Western Bay of Plenty District
8c395e8a-7375-424c-9bcb-7a5318c7e77e,8.0,Broadleaved Indigenous Hardwoods,,Whakatane District
8c46cf26-dbf0-4f0f-b75c-304fc798c332,8.0,Indigenous Forest,Te Puke,Western Bay of Plenty District
8c4a0ae1-371a-46e5-90a8-1d6e3129048b,8.0,High Producing Exotic Grassland,,Whakatane District
8c5cd0ef-31e7-4a58-8807-e0e5ae6f61a6,8.4,High Producing Exotic Grassland,,Whakatane District
8c6bf585-cc4f-41e8-99a2-2ba11d6775f8,8.4,Manuka and/or Kanuka,,Ōpōtiki District
8c717e64-9ed6-4ffa-835f-a81d794fdf09,8.4,Indigenous Forest,,Ōpōtiki District
8c7213b3-e2ba-467c-9a0a-8034b9a5d22c,10.0,High Producing Exotic Grassland,,Western Bay of Plenty District
8c74df1a-5ef7-4b24-8f09-d5907a7ec809,8.4,High Producing Exotic Grassland,,Ōpōtiki District
8c86c9f6-ccb3-452f-872e-b5e2a443b935,9.6,Broadleaved Indigenous Hardwoods,,Western Bay of Plenty District
8c8c538d-ebaa-4006-8b83-1d51b0b3c6e9,8.4,High Producing Exotic Grassland,,Ōpōtiki District
8ca061cf-6383-43ad-affa-3806f57598fc,8.4,Built-up Area (settlement),,Whakatane District
8cab3e4f-8fc8-425f-bf5c-8c8aea90c0fe,10.0,High Producing Exotic Grassland,,Western Bay of Plenty District
8ccc4176-225a-4fcc-9074-31db727bf1aa,10.0,High Producing Exotic Grassland,,Western Bay of Plenty District
8ccd1af1-3288-4222-b455-e53c05edf0a5,10.0,High Producing Exotic Grassland,,Western Bay of Plenty District
8ccf8a47-8259-4432-af34-df0922066d12,10.0,Indigenous Forest,,Ōpōtiki District
8cd2153b-6c08-4430-9093-ea4e6f6d02ca,8.0,High Producing Exotic Grassland,,Western Bay of Plenty District
8cd4584a-366f-4d2f-bbbe-f4c00d076771,8.8,Built-up Area (settlement),,Western Bay of Plenty District
8cd61a22-9fe0-477e-965d-d72e9dd6956c,10.0,High Producing Exotic Grassland,Katikati,Western Bay of Plenty District
8cd65257-1665-4b23-8394-ea695ddac4fb,8.0,High Producing Exotic Grassland,,Whakatane District
8cd912eb-41c0-43b4-85ba-05680303d5bf,8.4,Indigenous Forest,,Western Bay of Plenty District
8cdce685-64e4-4469-87a3-615d0c09d576,10.0,High Producing Exotic Grassland,,Ōpōtiki District
8ce206ec-5049-4a7d-b6bd-52e44a6759ea,10.0,High Producing Exotic Grassland,,Western Bay of Plenty District
8ce428d9-ceee-49cd-8e7b-925248acf109,10.0,High Producing Exotic Grassland,,Western Bay of Plenty District
8ce61b06-ad9b-4fd4-86f0-9f3a0b4af29c,10.0,High Producing Exotic Grassland,Tauranga,Western Bay of Plenty District
8cfcbf1d-5b19-4571-a1cb-e204627ec4e5,10.0,High Producing Exotic Grassland,,Ōpōtiki District
8d0ed5eb-2ba9-4db0-b87d-9dd051663807,8.0,High Producing Exotic Grassland,,Whakatane District
8d187dea-4bbb-44c2-9824-e3b6b6d15bcf,8.4,Short-rotation Cropland,,Whakatane District
8d18ce2f-8fd9-49eb-ad66-9983afba7c44,10.0,High Producing Exotic Grassland,,Western Bay of Plenty District
8d21a7fe-4d01-49fc-8a63-828a902523e7,10.0,High Producing Exotic Grassland,Tauranga,Western Bay of Plenty District
8d2a107f-88e4-44bd-ab71-b2ebd6e17798,10.0,Indigenous Forest,,Ōpōtiki District
8d39ce95-e9c3-4756-9df7-1aa646f6bb29,10.0,High Producing Exotic Grassland,,Western Bay of Plenty District
8d48ab3d-92ba-4c7c-88be-76dc659cc7c1,10.0,High Producing Exotic Grassland,,Western Bay of Plenty District
8d55a960-b227-4178-b9a1-a1e9afb303f8,10.0,High Producing Exotic Grassland,,Whakatane District
8d57d5f3-f764-4638-98cc-330cb7c971b6,10.0,High Producing Exotic Grassland,,Western Bay of Plenty District
8d58b4d8-f28e-4e26-adad-fc3abbcc80fb,8.0,Exotic Forest,Te Puke,Western Bay of Plenty District
8d58ffb8-e67f-4c70-a150-2708be332802,8.0,High Producing Exotic Grassland,,Whakatane District
8d5e7cb0-f017-41ed-91b4-277be9b6a581,10.0,High Producing Exotic Grassland,,Western Bay of Plenty District
8d5ecb17-5ead-4c6e-828c-283f6cab12e2,8.4,High Producing Exotic Grassland,,Ōpōtiki District
8d65b495-e58a-4156-ba42-53c68aca3435,8.8,High Producing Exotic Grassland,,Western Bay of Plenty District
8d717423-4f81-49cf-916a-274ed7dd1d49,10.0,Built-up Area (settlement),Tauranga,Tauranga City
8d8226ff-30a7-407b-b85b-215e3e9ea7e1,8.0,High Producing Exotic Grassland,Pongakawa,Western Bay of Plenty District
8d822f82-3890-4b76-8169-df5af09d17b9,8.0,High Producing Exotic Grassland,,Whakatane District
8d92aab0-84cb-4410-b815-811c8bdfa1c1,10.0,High Producing Exotic Grassland,,Western Bay of Plenty District
8d990ddf-caea-4281-abfa-f342a60f70c5,8.0,High Producing Exotic Grassland,,Whakatane District
8dabc366-f0fd-4a1f-875e-8591bfbaea05,10.0,High Producing Exotic Grassland,,Western Bay of Plenty District
8dae38b3-a7cd-4792-96ae-3f0b3307e2be,8.0,High Producing Exotic Grassland,,Whakatane District
8dbc5129-ad1c-43e4-91e9-e5c8a81f46c6,8.0,High Producing Exotic Grassland,,Whakatane District
8dbee9bc-24ae-40bf-b59b-0c264a95642a,10.0,High Producing Exotic Grassland,,Western Bay of Plenty District
8dc419b9-72c7-46eb-93f5-5a335df06d57,8.0,High Producing Exotic Grassland,,Whakatane District
8dc94557-8878-448a-b4f9-c8b0cdc6224e,8.0,High Producing Exotic Grassland,,Whakatane District
8dca9ff4-c0da-462d-8bb6-33bbb2385eaf,8.4,Built-up Area (settlement),,Ōpōtiki District
8dd14044-049f-4b43-afc4-032fd96efca4,10.0,High Producing Exotic Grassland,,Western Bay of Plenty District
8ddaa71d-acfc-45b5-b6ff-f4ff431dbc72,8.4,High Producing Exotic Grassland,,Ōpōtiki District
8de889ae-ee07-4754-87e2-1a520506fe6b,8.0,High Producing Exotic Grassland,,Western Bay of Plenty District
8dea0610-638a-489a-b4b5-b7048cc0d4b9,8.0,High Producing Exotic Grassland,Te Puke,Western Bay of Plenty District
8df9bd5e-479d-4ae0-a917-4a1683d64140,10.0,High Producing Exotic Grassland,,Western Bay of Plenty District
8dfad029-747d-4c24-90ac-7a531cb34a90,10.0,High Producing Exotic Grassland,,Western Bay of Plenty District
8e00e204-1de5-489c-98cc-1ec53ad177db,8.0,Manuka and/or Kanuka,,Ōpōtiki District
8e031944-fed7-48bc-a561-4edcf0397d11,8.0,Exotic Forest,,Whakatane District
8e1d6033-3f01-42b5-9c48-0ef8f79366f5,10.0,Exotic Forest,,Western Bay of Plenty District
8e1ddbe3-6b0b-4a8a-b426-3add0730dd5a,10.0,High Producing Exotic Grassland,,Western Bay of Plenty District
8e1f554d-0d8d-4770-8d67-a7d5129926b3,8.8,High Producing Exotic Grassland,,Western Bay of Plenty District
8e21e8d1-dd77-401c-a706-761ae7b127db,10.0,High Producing Exotic Grassland,,Ōpōtiki District
8e25ed54-0047-432c-9aa7-2462bfb42b57,8.4,High Producing Exotic Grassland,,Whakatane District
8e281573-efb2-43db-9d0d-a6a9d9b9e497,10.0,High Producing Exotic Grassland,,Western Bay of Plenty District
8e396c9e-d2f4-46d9-90b8-d35cb2fa30d0,10.0,High Producing Exotic Grassland,Tauranga,Western Bay of Plenty District
8e3a3cca-f223-461d-8538-7156441b8ff9,8.4,Indigenous Forest,,Ōpōtiki District
8e3fc11c-a2b7-4ecf-9108-e91013ca77d0,8.0,High Producing Exotic Grassland,,Whakatane District
8e4059b0-f2f0-4969-bb93-be1c6b1de0f8,10.0,Built-up Area (settlement),Tauranga,Tauranga City
8e461462-7111-4811-aa2a-077253618c7b,8.4,Short-rotation Cropland,,Whakatane District
8e46d859-d358-4811-8930-4218d02ed31a,10.0,High Producing Exotic Grassland,,Western Bay of Plenty District
8e46df3f-0c54-4bf8-8fe0-31f9bf759b4f,10.0,High Producing Exotic Grassland,,Ōpōtiki District
8e4c44c1-9025-44cd-a6e6-67016c1b04db,8.0,High Producing Exotic Grassland,,Whakatane District
8e504df3-cedd-4db8-bc8a-a848b488a131,9.6,Exotic Forest,,Whakatane District
8e5d07a0-c9ff-48db-a089-b5724f76097d,10.0,Exotic Forest,,Ōpōtiki District
8e5fe1e1-d1ba-48c9-a9b0-d1e4cf4f0a48,10.0,Indigenous Forest,,Whakatane District
8e715581-6b79-4ccd-9e91-c464a829efd8,10.0,High Producing Exotic Grassland,,Western Bay of Plenty District
8e75cff6-7c79-4720-b2a9-7c65f50b0d11,10.0,High Producing Exotic Grassland,Te Puke,Western Bay of Plenty District
8e826e6d-66fc-4616-9b96-3278a38285c9,9.6,Exotic Forest,,Whakatane District
8e954690-33e7-472e-8bca-df9f8698d605,10.0,High Producing Exotic Grassland,,Western Bay of Plenty District
8e9b856e-a4cf-4ac2-b4cc-cf8bfdbae656,8.0,High Producing Exotic Grassland,,Western Bay of Plenty District
8e9b9691-7d17-4a4c-b853-6fd34198a973,8.4,High Producing Exotic Grassland,,Ōpōtiki District
8e9be868-eb5a-44a6-9481-d947a0ec3970,8.0,Indigenous Forest,Te Puke,Western Bay of Plenty District
8eaa72a3-6367-4c49-b0ca-8a7ea9da3739,10.0,Built-up Area (settlement),Tauranga,Tauranga City
8ead6524-f192-4b59-83f7-e9b05f90a8e2,9.6,Indigenous Forest,,Western Bay of Plenty District
8eafd4be-b8f7-4902-9232-2c9d7887b703,10.0,Broadleaved Indigenous Hardwoods,Tauranga,Western Bay of Plenty District
8eaff6aa-2bdf-4756-826c-fc6dd2e5c761,10.0,Gorse and/or Broom,,Western Bay of Plenty District
8eb9ceb9-e0dd-445e-a5cb-fd9661018989,10.0,High Producing Exotic Grassland,,Western Bay of Plenty District
8ebbc191-7f5c-482a-9fed-462aa9253968,8.0,High Producing Exotic Grassland,Te Puke,Western Bay of Plenty District
8ebfc7d0-d90e-40b7-9468-5c0b473dbc16,10.0,High Producing Exotic Grassland,Tauranga,Western Bay of Plenty District
8ec205d6-b307-4878-868e-837b50f98555,10.0,High Producing Exotic Grassland,Tauranga,Western Bay of Plenty District
8ec746c4-854f-4cd8-946e-8bb109f42235,10.0,High Producing Exotic Grassland,,Western Bay of Plenty District
8ec9db90-925a-4f8d-b013-5852602ff4ea,10.0,High Producing Exotic Grassland,,Western Bay of Plenty District
8ed4d23c-a0f0-4679-8a9c-de907900d574,10.0,High Producing Exotic Grassland,Tauranga,Western Bay of Plenty District
8ed64531-fd36-485a-8142-1473289b0ac0,8.0,High Producing Exotic Grassland,,Whakatane District
8ee0b579-f8ec-4e3c-b746-b6c810bff3d2,10.0,High Producing Exotic Grassland,,Western Bay of Plenty District
8ee206dd-0e58-47b3-8e6a-7a3b549da133,10.0,Indigenous Forest,,Western Bay of Plenty District
8ee50ea2-fa40-4c85-9382-4d4d7fdfdee4,10.0,High Producing Exotic Grassland,Tauranga,Tauranga City
8eeb6595-d60a-494a-bc69-1f55f3592f5f,10.0,High Producing Exotic Grassland,,Western Bay of Plenty District
8ef4aed8-74be-4ae6-aec3-5fcb772c67b8,10.0,High Producing Exotic Grassland,Tauranga,Western Bay of Plenty District
8ef753a3-70ee-4d13-a182-3b288156f060,8.0,High Producing Exotic Grassland,,Whakatane District
8ef8a8b8-4e12-4565-922c-414fabb3dcea,10.0,High Producing Exotic Grassland,,Western Bay of Plenty District
8efe1911-1581-4115-bba9-c8b189f9283b,8.0,Exotic Forest,Pongakawa,Western Bay of Plenty District
8f01f582-e3c3-406d-8cc4-f3abf34e5841,10.0,High Producing Exotic Grassland,,Western Bay of Plenty District
8f13a304-71f9-43ed-90af-1feab71facbf,10.0,Indigenous Forest,,Western Bay of Plenty District
8f17ec4d-3e3f-41a5-9864-3c40ffd75cd4,8.0,Exotic Forest,,Western Bay of Plenty District
8f191592-8815-4f12-beb1-4547c34a0d0b,8.0,High Producing Exotic Grassland,,Whakatane District
8f1bef65-ee9c-4270-80e9-d0d2c5c81adc,10.0,High Producing Exotic Grassland,,Western Bay of Plenty District
8f1f1493-8f90-49a6-9e66-55d12654029b,10.0,High Producing Exotic Grassland,,Western Bay of Plenty District
8f222c20-f813-4d42-a12f-ae3e9ffad716,10.0,High Producing Exotic Grassland,,Western Bay of Plenty District
8f2893b6-2447-4556-9e35-48dfd576653b,8.0,High Producing Exotic Grassland,,Whakatane District
8f2c9e4c-f02e-49c5-8608-7ac142d006ee,10.0,High Producing Exotic Grassland,,Western Bay of Plenty District
8f3bc489-2687-40af-ad9d-a34b2073971c,8.0,High Producing Exotic Grassland,,Whakatane District
8f4e92db-1f04-4740-a7ad-94edfae8370d,10.0,High Producing Exotic Grassland,Tauranga,Western Bay of Plenty District
8f4f7bea-dfda-42b8-ad4b-89eec5d8b419,8.0,High Producing Exotic Grassland,,Western Bay of Plenty District
8f53ef6d-3ec4-4292-a1be-24e52bc9cecc,8.0,Broadleaved Indigenous Hardwoods,,Whakatane District
8f5491c9-2714-41fc-b783-0bb69bd49d58,10.0,High Producing Exotic Grassland,,Ōpōtiki District
8f5b1bb9-c012-4ef8-aef1-e4287b2ea6ec,8.0,High Producing Exotic Grassland,Te Puke,Western Bay of Plenty District
8f5c2b5d-5843-447d-a9db-e7b30d61dee6,8.0,High Producing Exotic Grassland,Pongakawa,Western Bay of Plenty District
8f5ec6bf-56dc-4d49-9b17-c4bd41f986b6,8.8,High Producing Exotic Grassland,,Western Bay of Plenty District
8f63174d-e5ff-4248-afd2-637667608a50,10.0,High Producing Exotic Grassland,,Western Bay of Plenty District
8f678847-7505-442a-9b20-2b8600f4e7d9,9.6,High Producing Exotic Grassland,,Whakatane District
8f732199-be39-41e7-aa8d-5bceb8b4d7d7,8.0,High Producing Exotic Grassland,Te Puke,Western Bay of Plenty District
8f7e63ed-3d45-4096-951d-7a3b94de0e7e,8.0,High Producing Exotic Grassland,Te Puke,Western Bay of Plenty District
8f88de22-a310-44e8-9bd5-48fa8cf74204,8.0,Exotic Forest,,Whakatane District
8f88f5f9-0ae2-455d-91d0-935947e03b58,10.0,High Producing Exotic Grassland,,Western Bay of Plenty District
8f8b47c7-f3b5-41b0-bad9-8536e60b65ab,8.0,Short-rotation Cropland,,Western Bay of Plenty District
8f8cb1f8-6052-4171-b456-038cac1b0e09,8.8,Indigenous Forest,,Western Bay of Plenty District
8f8cd4ad-b5ba-4579-a115-376fef3835be,8.4,High Producing Exotic Grassland,,Whakatane District
8f915e2f-2368-4ea9-8f90-0abdecda9a84,10.0,High Producing Exotic Grassland,,Western Bay of Plenty District
8f9d3310-aeb0-495c-ba54-d770158d368e,8.0,High Producing Exotic Grassland,,Whakatane District
8fc259a7-47f0-436c-b68c-b9e6f50bcff8,8.0,High Producing Exotic Grassland,,Whakatane District
8fcbfc58-60a7-4861-8d69-959196ee89c9,8.4,High Producing Exotic Grassland,,Whakatane District
8fe203e8-ca38-4455-991c-0c578f1147c1,10.0,High Producing Exotic Grassland,,Western Bay of Plenty District
8ff3e949-ab7c-4743-a98f-98fa96866b84,10.0,High Producing Exotic Grassland,,Western Bay of Plenty District
8ffad0f3-3e38-477b-9c6a-58ed40a9c06c,8.0,Deciduous Hardwoods,Te Puke,Western Bay of Plenty District
90000ba8-4d22-4ecb-8933-df0b55b9d79e,10.0,Indigenous Forest,,Whakatane District
90005a8e-6ead-432d-bc75-234b10da1da2,8.0,Exotic Forest,Pongakawa,Western Bay of Plenty District
90060149-4b10-4cb6-9188-d209d0ab0203,10.0,High Producing Exotic Grassland,,Western Bay of Plenty District
900b0b70-42ed-4e1a-9c84-1fc2183466c3,8.0,High Producing Exotic Grassland,Pongakawa,Western Bay of Plenty District
900bcb30-ed07-482f-bf17-6eef0ca0934a,10.0,Manuka and/or Kanuka,,Ōpōtiki District
9012b4c2-927d-4fb3-a45e-4ea34c3b35b4,10.0,High Producing Exotic Grassland,,Western Bay of Plenty District
901337e4-151d-4880-b328-dcc2468402bf,8.0,High Producing Exotic Grassland,,Whakatane District
9015e09e-4660-4f93-b61e-46c03cfc4d0e,8.0,High Producing Exotic Grassland,,Whakatane District
902b279a-9e93-4392-a3c5-1007dd1c09c7,10.0,Indigenous Forest,,Ōpōtiki District
90323aa0-b4cb-4fcd-96d4-653a065854d5,10.0,High Producing Exotic Grassland,,Ōpōtiki District
903eb70c-35d3-418d-8049-0af35fbadfef,9.6,High Producing Exotic Grassland,,Western Bay of Plenty District
905c04e4-d8a0-4dd3-9b73-4ee09d981511,10.0,Low Producing Grassland,,Ōpōtiki District
90666f78-1a51-4924-8ab5-38aabb04bce6,10.0,High Producing Exotic Grassland,,Western Bay of Plenty District
90679cb8-1d4a-41b4-a27f-4138c8398bbf,10.0,High Producing Exotic Grassland,,Western Bay of Plenty District
906eaf36-7104-4b41-aba7-9f223dbf39bc,8.0,High Producing Exotic Grassland,,Western Bay of Plenty District
9078a8dc-b03f-4650-9773-2b7703b64b1a,8.4,High Producing Exotic Grassland,,Ōpōtiki District
907be961-82fd-4a77-84b9-b1c742153502,8.0,High Producing Exotic Grassland,,Western Bay of Plenty District
909ef9c9-d5d3-4f67-b204-b1b5904aa5ec,10.0,High Producing Exotic Grassland,,Western Bay of Plenty District
909f88fc-d712-4a33-ad84-f4e573223d4f,10.0,High Producing Exotic Grassland,,Tauranga City
90a17421-93fb-44a8-a94b-e348e3b568f0,8.4,High Producing Exotic Grassland,,Whakatane District
90a632ef-7e8f-459f-b4c6-18eda4ed27bc,8.0,High Producing Exotic Grassland,,Whakatane District
90a790ab-c4f2-41d3-81d6-62f950979003,10.0,High Producing Exotic Grassland,,Western Bay of Plenty District
90ab9c28-82b3-4bfc-9f68-4b1e14930cb5,10.0,High Producing Exotic Grassland,,Western Bay of Plenty District
90ad1449-0a23-4512-9601-82fbf4b2bbd4,10.0,High Producing Exotic Grassland,,Western Bay of Plenty District
90b4a8e0-eff5-4688-91c9-2098fbd5c86f,10.0,High Producing Exotic Grassland,,Whakatane District
90b7af2b-7bb1-4a0e-acec-6e851c113490,10.0,High Producing Exotic Grassland,,Ōpōtiki District
90ba494a-4a3f-4a1a-a11e-b4d3b3a8e302,8.0,High Producing Exotic Grassland,,Whakatane District
90d168ad-36e1-40b2-939e-1a25d45345aa,8.0,High Producing Exotic Grassland,,Whakatane District
90d489bd-338d-486e-af4b-92c891d1bdb8,8.0,Indigenous Forest,,Ōpōtiki District
90d6a241-7746-4242-9946-a9aa4e61bfbe,8.0,High Producing Exotic Grassland,,Whakatane District
90dede42-8a42-4826-8690-4d51217f5b43,10.0,Indigenous Forest,,Western Bay of Plenty District
90e122c7-6225-4df4-bda6-92489fbda19a,10.0,High Producing Exotic Grassland,,Western Bay of Plenty District
90e17781-97bf-4a61-a798-15813d4ed12e,10.0,High Producing Exotic Grassland,,Western Bay of Plenty District
90e30309-0716-4bd3-9e42-f3b87d66ac68,8.0,High Producing Exotic Grassland,,Whakatane District
90e4b8cd-bcea-4c9a-b011-cb02106b8f30,8.0,High Producing Exotic Grassland,,Whakatane District
90e9e899-a528-4683-9667-0b65adb4d947,8.0,Exotic Forest,,Western Bay of Plenty District
90ed4433-c4cc-4228-927a-961c18fb77b3,10.0,High Producing Exotic Grassland,,Ōpōtiki District
90f9953a-97ef-4761-8e39-5aff254589a4,9.6,High Producing Exotic Grassland,Tauranga,Western Bay of Plenty District
9102540d-bb8b-4009-a819-e9f6a40417ad,10.0,High Producing Exotic Grassland,Tauranga,Western Bay of Plenty District
9106d444-f915-4663-8ef8-4eb2624804b6,9.6,High Producing Exotic Grassland,,Western Bay of Plenty District
91136bf5-de17-4162-be01-db12a4c588d4,8.4,High Producing Exotic Grassland,,Whakatane District
911af06a-ee1c-4f9b-a50a-3abee1548202,10.0,High Producing Exotic Grassland,,Western Bay of Plenty District
9128d8f9-a1ab-4a80-952a-9be70d6bc1c4,8.4,High Producing Exotic Grassland,,Ōpōtiki District
91331051-f167-48b0-ba0f-754377e33a14,9.6,High Producing Exotic Grassland,,Western Bay of Plenty District
913e784c-e261-4fc8-8d1f-2709ce626bf0,10.0,High Producing Exotic Grassland,,Western Bay of Plenty District
91404111-7eed-4f9e-a4ff-71be268fe51e,8.0,High Producing Exotic Grassland,Pongakawa,Western Bay of Plenty District
91446248-a0bc-45bb-91c7-264dadbc276a,10.0,Exotic Forest,,Western Bay of Plenty District
914a7bb4-e43d-47af-8941-c45a9c8b96fe,8.0,Deciduous Hardwoods,,Whakatane District
914a9ed4-89d7-41c4-b577-287c82c582d1,8.0,Broadleaved Indigenous Hardwoods,,Whakatane District
914cb29f-4c89-494b-9008-8267af4cfdf4,10.0,Indigenous Forest,,Western Bay of Plenty District
914e39c7-b5fe-498f-9be9-1cb9c08ac57e,10.0,High Producing Exotic Grassland,,Western Bay of Plenty District
914f4d3c-5523-4708-b301-488735a76fba,9.6,Indigenous Forest,,Western Bay of Plenty District
91525484-3c5e-409a-9195-1d61b7b50e03,10.0,High Producing Exotic Grassland,,Western Bay of Plenty District
916585ce-f8b4-4bb1-9988-90607578c9bc,8.8,Exotic Forest,,Western Bay of Plenty District
916939de-0516-4999-8cc9-6fa376ab3a91,8.0,High Producing Exotic Grassland,,Whakatane District
9173241c-bf14-4aa3-9745-b8fa6d687d44,8.0,High Producing Exotic Grassland,,Whakatane District
9184954f-85ac-4dac-89d0-db6c6a3a253d,10.0,High Producing Exotic Grassland,,Ōpōtiki District
9184fc77-573b-49cc-b521-1e317b635169,10.0,High Producing Exotic Grassland,,Western Bay of Plenty District
9185bc87-6a86-4a34-b94e-27c65126f5b5,10.0,High Producing Exotic Grassland,,Western Bay of Plenty District
918de443-3687-478d-a1a3-8ac8780d5ee3,10.0,High Producing Exotic Grassland,Tauranga,Tauranga City
9193c55b-ccf3-461b-9fc9-6ce31e3e7436,8.4,High Producing Exotic Grassland,,Whakatane District
91af2917-3679-48e2-89cc-8946565f066d,10.0,Exotic Forest,,Western Bay of Plenty District
91af7d91-3b63-47d7-a164-4c4a9b28f470,8.4,Indigenous Forest,,Ōpōtiki District
91b9273d-8719-4c2f-ae5a-ff63ce063d31,8.4,High Producing Exotic Grassland,,Whakatane District
91bb115f-de53-4088-84ab-5d4be4ae1dca,8.0,High Producing Exotic Grassland,,Western Bay of Plenty District
91c6dd31-01a8-4500-8aa2-abc5c27093e9,10.0,High Producing Exotic Grassland,,Western Bay of Plenty District
91cd7fd3-abdf-4dcd-b104-3fc2cdb248a7,9.6,Indigenous Forest,,Western Bay of Plenty District
91cf4007-6036-4bc8-a924-b3980cc880ba,8.0,Indigenous Forest,,Western Bay of Plenty District
91df5030-d7d5-4345-ab7b-858077cca61a,8.0,Built-up Area (settlement),Tauranga,Tauranga City
91e204bb-4d5b-416c-9548-415f7172448a,8.0,High Producing Exotic Grassland,,Whakatane District
91e56bd2-05cc-4deb-8098-b29d20884762,10.0,Exotic Forest,Tauranga,Tauranga City
91f726e1-20cf-40cd-ba00-2290c608c511,10.0,Indigenous Forest,,Ōpōtiki District
91fc23fc-8126-4d52-9d67-95856579326c,10.0,High Producing Exotic Grassland,,Western Bay of Plenty District
91feb631-2dfe-4407-a123-5018b92b3297,8.0,Deciduous Hardwoods,Te Puke,Western Bay of Plenty District
9205396a-f8ba-4588-a784-00623c636e98,8.0,High Producing Exotic Grassland,,Whakatane District
92073bb3-6ab6-4a73-9d59-5dc740c4aa6c,10.0,High Producing Exotic Grassland,,Western Bay of Plenty District
920ae96f-498b-4dd4-9773-7cb18aa66a3c,10.0,High Producing Exotic Grassland,,Western Bay of Plenty District
920bf531-c566-4616-b032-fd2f14de8046,8.8,High Producing Exotic Grassland,,Western Bay of Plenty District
920d92cb-fb22-4b95-8f42-53b16915da29,10.0,High Producing Exotic Grassland,,Ōpōtiki District
9210e16b-6206-49e5-b56d-b1349a99379d,9.6,High Producing Exotic Grassland,,Western Bay of Plenty District
9220f376-6aad-4c3b-92be-aba751c719c8,10.0,Gorse and/or Broom,,Western Bay of Plenty District
922c77a3-5d07-4d6b-b4e2-4b00e6eeaf05,10.0,High Producing Exotic Grassland,,Tauranga City
922f1fdb-11cd-40b7-a2dc-81c6e3899765,10.0,High Producing Exotic Grassland,,Western Bay of Plenty District
92434c52-a817-41fa-87d5-677e7f679a6f,8.4,Short-rotation Cropland,,Whakatane District
92483a10-39bf-40df-bd9e-2c6069ef7286,10.0,High Producing Exotic Grassland,,Western Bay of Plenty District
924931a5-3b74-4d02-92d3-ab4ab3ace30d,8.0,High Producing Exotic Grassland,,Whakatane District
92574aef-2647-4338-bd3d-4d6ce80fb8f5,10.0,Indigenous Forest,,Western Bay of Plenty District
925b6eba-51ae-46ee-a4bf-bcea217a7065,10.0,Indigenous Forest,,Western Bay of Plenty District
92617a17-4112-4b74-a47d-f0121a30cdd2,10.0,High Producing Exotic Grassland,Tauranga,Tauranga City
926f844a-fd97-4fb8-b08e-f1afca5a3b2d,8.4,High Producing Exotic Grassland,,Whakatane District
9272e4ea-d20e-47a8-a2b5-9343b39e2ab7,8.0,High Producing Exotic Grassland,,Whakatane District
9273fd98-3d3f-4baf-976f-bda5b114eab4,10.0,High Producing Exotic Grassland,Tauranga,Western Bay of Plenty District
92798886-e13b-44c5-a5d6-8893c399ec22,9.6,Indigenous Forest,,Western Bay of Plenty District
927dad3d-b698-4476-a75e-50dc079f9c43,8.0,Built-up Area (settlement),Pongakawa,Western Bay of Plenty District
92955e5c-f518-402a-b246-36e7afaec379,10.0,High Producing Exotic Grassland,,Western Bay of Plenty District
92965a41-dd17-4837-885f-eb44e1beb9d9,10.0,High Producing Exotic Grassland,,Western Bay of Plenty District
929b8976-9ca3-4a1e-ad67-719158b2d76d,10.0,High Producing Exotic Grassland,,Western Bay of Plenty District
929c4a52-56e3-44bc-a941-1dd229ea3b89,9.6,Indigenous Forest,,Whakatane District
929f417f-2c97-443b-83ff-8c4f1e906187,10.0,High Producing Exotic Grassland,,Western Bay of Plenty District
92a5cade-651d-4ee0-a428-34cf95bf8725,8.4,High Producing Exotic Grassland,,Whakatane District
92ac2b12-5486-43fe-a59d-af99b05ff1a5,10.0,Indigenous Forest,,Western Bay of Plenty District
92adc498-7ed6-418f-8efc-4314a332635c,10.0,High Producing Exotic Grassland,,Western Bay of Plenty District
92af5698-34d0-416b-9dfd-42ec08847027,10.0,High Producing Exotic Grassland,,Western Bay of Plenty District
92c5962c-f305-4b4c-b85c-8910caf3fb22,8.0,Broadleaved Indigenous Hardwoods,Te Puke,Western Bay of Plenty District
92c92aef-8cd1-4967-a336-ee2a59e05823,9.6,Indigenous Forest,,Western Bay of Plenty District
92d2f306-d888-4ed2-a65d-4e7b9efe7997,10.0,Broadleaved Indigenous Hardwoods,Tauranga,Tauranga City
92e3990e-0eaf-4e5f-8266-781c46bf269f,8.8,High Producing Exotic Grassland,,Western Bay of Plenty District
92febecb-4ad6-4c1b-bed6-a6c261ba3381,10.0,High Producing Exotic Grassland,,Western Bay of Plenty District
9304e88d-17f8-4e40-89ad-1b1fcd3e01e3,10.0,High Producing Exotic Grassland,,Western Bay of Plenty District
930afdab-f06d-431a-9e64-f54133d38fe7,8.0,High Producing Exotic Grassland,Pongakawa,Western Bay of Plenty District
931ba874-107e-4c04-b5f9-03264a1bcbb6,8.4,Exotic Forest,,Whakatane District
9325f49b-fcd8-4f3d-a920-f1d08586f2f2,10.0,High Producing Exotic Grassland,,Western Bay of Plenty District
9329488c-0270-4c51-9634-5757fceee663,10.0,High Producing Exotic Grassland,,Western Bay of Plenty District
932ff935-bf8a-48bb-a608-fb44c1ed7603,10.0,High Producing Exotic Grassland,,Whakatane District
933add8b-5655-49f9-a163-711f0acfe43d,8.0,High Producing Exotic Grassland,,Whakatane District
9340a0b6-6a61-45ff-8655-644bef0421e8,10.0,Deciduous Hardwoods,,Western Bay of Plenty District
936106,10.0,High Producing Exotic Grassland,,Western Bay of Plenty District
936113,10.0,High Producing Exotic Grassland,,Western Bay of Plenty District
9363dd02-4276-46ef-bc2f-49420a8379b8,8.2,High Producing Exotic Grassland,,Whakatane District
936d9168-23f0-4e91-9afe-202c7d9f1446,10.0,High Producing Exotic Grassland,,Western Bay of Plenty District
937581bb-1609-49ac-8283-c17f4fc34c2b,10.0,Built-up Area (settlement),,Tauranga City
937e4fa2-a8d3-4c28-90e3-29cfddc3678e,10.0,High Producing Exotic Grassland,,Western Bay of Plenty District
93841f60-0289-4c07-bdbc-05039b0f8a3a,10.0,High Producing Exotic Grassland,Tauranga,Western Bay of Plenty District
93859fd9-adf5-4c0a-9d79-d407a5460aa8,8.4,High Producing Exotic Grassland,,Ōpōtiki District
93867465-d99f-4ccc-b2c5-a17f55827bdb,10.0,High Producing Exotic Grassland,,Western Bay of Plenty District
938fb6b0-43b6-4702-bb12-b5ded8d7659b,8.8,High Producing Exotic Grassland,,Western Bay of Plenty District
93a81f27-5446-4ff5-9178-9e6c12e75255,8.0,Urban Parkland/Open Space,Te Puke,Western Bay of Plenty District
93b469b3-5bca-443f-859e-936a4075306d,10.0,High Producing Exotic Grassland,,Western Bay of Plenty District
93b505ab-054d-4d93-a185-7251dd3eba38,8.0,Short-rotation Cropland,,Whakatane District
93ba1e63-7861-454f-808b-ab75ec45baec,10.0,High Producing Exotic Grassland,,Western Bay of Plenty District
93bd11be-e09c-4b45-8cf7-fa31b2e5f310,8.0,High Producing Exotic Grassland,,Western Bay of Plenty District
93bfbfc6-51cc-43b4-8f10-7ef18b033791,10.0,High Producing Exotic Grassland,,Western Bay of Plenty District
93c1f77e-ae3f-4939-be2f-2cedd0d955a1,10.0,High Producing Exotic Grassland,,Western Bay of Plenty District
93c27132-23ec-40b4-9eb5-affa2fadd678,10.0,High Producing Exotic Grassland,,Western Bay of Plenty District
93d03444-2938-408a-af6d-eeee0ef41158,8.0,High Producing Exotic Grassland,,Whakatane District
93d33524-2493-4614-b4b4-ca55e44eaa63,8.4,High Producing Exotic Grassland,,Ōpōtiki District
93d9e3c7-2298-4460-97d0-ad668979e1d7,9.6,Indigenous Forest,,Western Bay of Plenty District
93e4d2bd-c5d7-4c5f-99d6-1475121e8502,8.4,High Producing Exotic Grassland,,Ōpōtiki District
93e54570-e524-479d-a0f1-df3a6fe96f9b,8.0,High Producing Exotic Grassland,,Whakatane District
93eee27b-2c73-4cc5-bbdf-bbb9b72d4091,10.0,High Producing Exotic Grassland,,Western Bay of Plenty District
93ef03c0-da54-43b7-9d24-2f991aa36696,10.0,High Producing Exotic Grassland,,Western Bay of Plenty District
93f72892-44d3-41b3-9c7d-88690623154a,10.0,Manuka and/or Kanuka,,Ōpōtiki District
93fd5ce3-cc77-4b8a-ba21-62ea9ad55700,10.0,High Producing Exotic Grassland,,Western Bay of Plenty District
94025c8a-4d81-4d9a-bf16-d6cfa2508990,10.0,High Producing Exotic Grassland,,Whakatane District
9404e737-760d-42c1-a9fe-ff07179abac7,8.0,High Producing Exotic Grassland,,Western Bay of Plenty District
9429940d-eadc-44ce-a88d-ded01c74bca0,8.0,High Producing Exotic Grassland,,Whakatane District
9434e81f-73e9-40fd-99da-fa2be5886c92,10.0,High Producing Exotic Grassland,,Western Bay of Plenty District
943832dd-6fd8-47e7-96b7-ec0ae5fb0523,10.0,Built-up Area (settlement),Tauranga,Tauranga City
943916b9-0e5b-42df-8bc3-c2a1b4cd8b52,10.0,High Producing Exotic Grassland,,Western Bay of Plenty District
943b1642-3639-44dd-b133-7ded02b2ad61,10.0,High Producing Exotic Grassland,Tauranga,Tauranga City
943b1cc8-c952-49c6-8b4c-89b766da3709,8.4,Short-rotation Cropland,,Whakatane District
9441191d-5245-4769-b027-7f8f2301704e,10.0,Indigenous Forest,,Western Bay of Plenty District
9444c3c9-fcb7-40a8-881f-75239483e8e6,10.0,High Producing Exotic Grassland,,Western Bay of Plenty District
9445c7e7-51f0-4fa7-8803-3bbdfd9ddef6,8.4,Indigenous Forest,,Ōpōtiki District
9447b5e3-058f-453e-b826-b3135fb155e7,8.4,High Producing Exotic Grassland,,Ōpōtiki District
945bc9a4-c2e7-4637-932d-e5dac6acb4af,10.0,High Producing Exotic Grassland,,Western Bay of Plenty District
946b5a47-1450-4d91-b998-34633372da6d,10.0,High Producing Exotic Grassland,,Western Bay of Plenty District
94718602-fce3-4df5-a0bd-b517a88d91b5,10.0,High Producing Exotic Grassland,Tauranga,Western Bay of Plenty District
94720569-9306-46d3-ba45-a8aee84906ab,8.0,High Producing Exotic Grassland,Pongakawa,Western Bay of Plenty District
9487b957-ef78-4a5a-82cc-917043803d12,10.0,Indigenous Forest,Te Puke,Western Bay of Plenty District
948b428b-cb11-427f-828c-bc6edffc0d7c,8.0,Built-up Area (settlement),,Tauranga City
948ba309-34a1-48d0-893e-9d9f5fa65b18,9.6,Broadleaved Indigenous Hardwoods,,Whakatane District
949c6f4d-e5a9-4c89-b051-02cea9e6b6ac,10.0,High Producing Exotic Grassland,,Western Bay of Plenty District
94a93d32-7409-4f06-80c3-04f5c1ca4c03,8.0,High Producing Exotic Grassland,,Whakatane District
94a96108-5ba2-4e2b-80f5-72e8b712d0e4,10.0,High Producing Exotic Grassland,,Western Bay of Plenty District
94b09098-9ad7-4053-b657-17f8be1fa8d2,10.0,High Producing Exotic Grassland,,Western Bay of Plenty District
94b1be4d-7bf8-41f8-9e0c-f408afc5e1cd,10.0,High Producing Exotic Grassland,,Western Bay of Plenty District
94b7a4d2-4197-405d-82ea-61ac399dcbf7,8.0,High Producing Exotic Grassland,,Whakatane District
94c1bd50-5df6-4589-a7d8-66409c3f5620,8.0,Indigenous Forest,,Whakatane District
94cbeb50-7c4f-47cd-8703-340e0e0ad6a8,10.0,High Producing Exotic Grassland,,Western Bay of Plenty District
94dc1e46-e803-47c3-b305-19228c830c47,10.0,Low Producing Grassland,,Western Bay of Plenty District
94e2594d-b59f-4c41-83d3-bcc47d44412f,8.0,High Producing Exotic Grassland,,Whakatane District
94e59d38-fcee-4326-ad89-df8b18cb300f,10.0,High Producing Exotic Grassland,,Tauranga City
94f06d60-61fb-49bf-a0ba-71a7732e388f,8.4,Short-rotation Cropland,,Whakatane District
94f2c0b3-c80c-4486-a974-9baa1d591a36,8.0,High Producing Exotic Grassland,,Western Bay of Plenty District
94f692c6-eb2b-4ba2-b309-e385df9a81ce,10.0,High Producing Exotic Grassland,,Western Bay of Plenty District
94f97881-1607-4e12-bc22-f1647c409ef4,10.0,High Producing Exotic Grassland,Tauranga,Western Bay of Plenty District
94fe4bc4-1060-44f2-9d5c-bd4611b7f218,10.0,High Producing Exotic Grassland,,Western Bay of Plenty District
9504faa8-cdae-41a3-849d-f178cc83ae63,8.0,Short-rotation Cropland,,Whakatane District
9505e4c5-bec4-406d-ad9e-fa45a6df3397,8.4,High Producing Exotic Grassland,,Whakatane District
950a67cf-04ec-414b-9e73-0eba58ec1e35,8.0,High Producing Exotic Grassland,,Whakatane District
951064e1-97d4-4a3d-b01b-9e94e166e0c0,10.0,High Producing Exotic Grassland,,Western Bay of Plenty District
951c3f39-c0f7-4f1d-b10e-9776d7546162,8.4,High Producing Exotic Grassland,,Ōpōtiki District
952bd261-86df-4701-87d9-8f6c58c8bde2,10.0,High Producing Exotic Grassland,Tauranga,Tauranga City
952e6165-2267-4bb7-953b-9d87abc11321,10.0,High Producing Exotic Grassland,,Western Bay of Plenty District
953ad813-b9c3-4b87-9306-dd0e4a156ce6,10.0,High Producing Exotic Grassland,,Tauranga City
953eba86-5bd5-4b87-86ca-41006b0e6989,10.0,High Producing Exotic Grassland,,Western Bay of Plenty District
954406ce-0e19-479f-becf-a51d34cef80b,8.0,Urban Parkland/Open Space,Tauranga,Tauranga City
95451165-9fed-4a7d-9d57-2512719a5d1d,8.0,High Producing Exotic Grassland,,Whakatane District
954c484b-965d-40bb-b070-a77c2d995082,8.4,High Producing Exotic Grassland,,Ōpōtiki District
954f40a2-e716-40ad-a0f1-e01eb3dab989,8.0,Forest - Harvested,,Western Bay of Plenty District
9561a974-3157-4959-ad5e-fdcb999462ef,10.0,Indigenous Forest,,Western Bay of Plenty District
956fd1fd-e546-41b7-8231-9d2dd9b670a8,8.0,High Producing Exotic Grassland,,Whakatane District
958b5394-e28e-42c6-8bcc-458e374bf847,10.0,High Producing Exotic Grassland,,Whakatane District
958e3bf6-5886-4776-944f-6b7fad256c96,10.0,High Producing Exotic Grassland,,Western Bay of Plenty District
9592894c-23b2-465c-8911-ff8466c5015a,10.0,High Producing Exotic Grassland,,Western Bay of Plenty District
95a53fbd-71b1-409c-bf4f-09b6295642d9,10.0,High Producing Exotic Grassland,,Western Bay of Plenty District
95a5ac37-1658-4b22-b2c7-bac91062679a,8.0,High Producing Exotic Grassland,,Whakatane District
95ab83fb-b298-4211-874d-1ef195aba50b,10.0,Indigenous Forest,,Western Bay of Plenty District
95b01dd7-b51f-4d6f-9f61-889dd3ca2778,10.0,High Producing Exotic Grassland,,Western Bay of Plenty District
95c11668-2a9f-47b6-ab0a-2f5410016543,8.0,Indigenous Forest,,Western Bay of Plenty District
95c34c6c-8b6b-4f14-9136-a71abd954d5b,8.0,High Producing Exotic Grassland,,Whakatane District
95cf19f3-2573-4830-9774-1984815fd323,10.0,Indigenous Forest,,Western Bay of Plenty District
95defeb2-381c-4c15-98f4-bf2254d48e52,8.4,Built-up Area (settlement),,Whakatane District
95e6a843-bcd1-40a8-965a-f067fdee2367,8.4,Short-rotation Cropland,,Ōpōtiki District
95ede2bb-e750-4b03-8952-8a62f4bd47a7,10.0,High Producing Exotic Grassland,,Western Bay of Plenty District
95f1ed76-508b-4c9f-a4f8-354bdaa26549,10.0,High Producing Exotic Grassland,,Western Bay of Plenty District
95fa42df-4e23-46ae-8d45-225a46c849ea,10.0,High Producing Exotic Grassland,,Western Bay of Plenty District
95fb5d1b-3b5c-4ef6-9ca8-e8ace436d15a,8.0,Short-rotation Cropland,,Whakatane District
960c9fbd-a73d-4e0e-befd-a2fdfa063da9,8.0,High Producing Exotic Grassland,,Whakatane District
960d6050-d392-4500-be6f-5c8eb1f5fcd3,8.0,Short-rotation Cropland,,Whakatane District
96189334-8218-4ec9-950e-cc016a05feea,10.0,Lake or Pond,,Western Bay of Plenty District
9624e2ab-bd68-4646-97d2-436d0a6f7512,10.0,High Producing Exotic Grassland,,Whakatane District
963b746a-99e1-4248-ac6f-7515fe324cd2,8.0,Forest - Harvested,,Whakatane District
963f2ccd-b02c-4656-b990-ebbb5ce4c063,8.0,High Producing Exotic Grassland,,Whakatane District
9647c0ee-3108-4223-acf4-822572f60993,8.0,High Producing Exotic Grassland,,Whakatane District
964958a9-5eed-4791-b79c-32290be7880e,10.0,High Producing Exotic Grassland,,Whakatane District
9651e477-4578-4509-9b10-d53791d31ea0,10.0,High Producing Exotic Grassland,,Ōpōtiki District
965588b1-790d-45b2-b9bb-7b946a96f6e8,10.0,High Producing Exotic Grassland,,Western Bay of Plenty District
96603db9-f961-47c1-a15f-4271c4ceb473,10.0,Indigenous Forest,,Western Bay of Plenty District
9660fe01-5ef8-4668-b30d-391794d64ad9,10.0,High Producing Exotic Grassland,,Western Bay of Plenty District
9666bced-6b59-4fa6-a36e-ef36fcd462b3,8.0,Urban Parkland/Open Space,Te Puke,Western Bay of Plenty District
9668bdb1-00c9-44d8-b0c4-b244c8ce627d,8.0,High Producing Exotic Grassland,,Whakatane District
967b2ae2-f147-4421-861b-21bb3d20ec65,8.0,Exotic Forest,,Whakatane District
967f56b9-41c7-4f4b-bc87-62b3c883bcc9,10.0,Broadleaved Indigenous Hardwoods,,Ōpōtiki District
968212d6-8c99-4e66-a03c-945873a04402,9.6,Indigenous Forest,,Western Bay of Plenty District
96835a48-dbca-4b3f-88c4-06a31bf165c1,8.0,High Producing Exotic Grassland,,Whakatane District
96889003-15e3-4afb-bcbe-0aa2adf70da3,8.0,High Producing Exotic Grassland,Pongakawa,Western Bay of Plenty District
968985d1-50fd-41ad-8fce-7f847055482c,10.0,Exotic Forest,,Western Bay of Plenty District
968f40f7-8b34-4994-b8ac-27fe416eecab,8.4,High Producing Exotic Grassland,,Whakatane District
9699c291-5fb5-4699-a27b-3c04c8f615ac,10.0,High Producing Exotic Grassland,,Western Bay of Plenty District
9699dc22-6c8a-4d6d-a85e-7bf396bc6c67,8.0,High Producing Exotic Grassland,,Whakatane District
969cf24d-2053-4d41-990a-055da3d7cb62,10.0,Exotic Forest,,Whakatane District
969e3602-2833-4fa6-89cc-9166f91422b7,10.0,High Producing Exotic Grassland,,Western Bay of Plenty District
96b41616-44c4-4b37-b621-377ac074e640,10.0,High Producing Exotic Grassland,,Western Bay of Plenty District
96c4b416-379a-4984-9f43-4dda2836ee97,10.0,High Producing Exotic Grassland,,Ōpōtiki District
96cb85cf-2c53-4541-84d4-774d0ff09f6d,8.0,High Producing Exotic Grassland,,Whakatane District
96cdad7c-ea20-4f99-be13-808858695025,10.0,High Producing Exotic Grassland,,Western Bay of Plenty District
96d4f8e5-af8d-4ba2-915b-5821d56671e2,8.0,Indigenous Forest,,Ōpōtiki District
96dfe09f-6efa-42dc-87c7-ccb28722ff07,8.0,High Producing Exotic Grassland,,Western Bay of Plenty District
96e253a6-7f39-4ef4-ac43-370aea38dbb6,10.0,Exotic Forest,Tauranga,Western Bay of Plenty District
96e396c1-fb85-408f-88ff-aa7960549448,8.0,Manuka and/or Kanuka,,Whakatane District
96e65e22-ad63-403a-b0c4-76cfbeb3bc38,10.0,High Producing Exotic Grassland,,Western Bay of Plenty District
96e76e3c-d107-448f-af9f-c9dad7e98ec1,10.0,High Producing Exotic Grassland,Tauranga,Tauranga City
96ed5965-7c93-4ba6-b485-7059e123b637,8.0,Exotic Forest,Pongakawa,Western Bay of Plenty District
96fa11c8-4635-4c8f-b7a8-4f2613294958,8.0,High Producing Exotic Grassland,,Whakatane District
96fa4cff-7cb7-4067-a726-aec1562a7d0b,8.0,High Producing Exotic Grassland,,Whakatane District
96fa76fc-233b-415e-9d98-4ba9ccc55c70,10.0,High Producing Exotic Grassland,,Western Bay of Plenty District
96fd5338-a83d-4127-9b41-2ff89da7d4f6,8.0,High Producing Exotic Grassland,Pongakawa,Western Bay of Plenty District
9706ff42-c499-496f-9bcc-c61bc46aa1af,10.0,High Producing Exotic Grassland,,Western Bay of Plenty District
970955de-69bd-4259-ba22-1cad9f507f5c,10.0,High Producing Exotic Grassland,,Western Bay of Plenty District
970cf34c-0f9f-42df-abee-09e928214185,10.0,High Producing Exotic Grassland,,Western Bay of Plenty District
970e3b67-804a-498f-91cf-9623f467be6b,10.0,High Producing Exotic Grassland,Te Puke,Western Bay of Plenty District
97141174-7f6d-4fd7-a673-7360a618dbda,10.0,High Producing Exotic Grassland,,Western Bay of Plenty District
9719cf2c-44b6-4805-b102-cc99fdf96866,10.0,High Producing Exotic Grassland,,Western Bay of Plenty District
9731cd0a-c528-4e12-8768-e837cd153b73,10.0,High Producing Exotic Grassland,,Western Bay of Plenty District
973a4c34-a607-4db8-bc8b-a271f223d934,8.0,High Producing Exotic Grassland,,Whakatane District
973acb4d-ed52-4c79-b922-4a76ab52ffbe,8.4,High Producing Exotic Grassland,,Whakatane District
973bf5c0-5181-479b-8556-d6cd46ca255a,10.0,High Producing Exotic Grassland,,Western Bay of Plenty District
974324b8-a7b5-4b9c-9576-63022a56f505,8.0,High Producing Exotic Grassland,,Western Bay of Plenty District
97535208-7ad5-42ca-bd78-db2579088363,10.0,High Producing Exotic Grassland,,Western Bay of Plenty District
9758e312-8652-494e-9c99-30bdc7bc4ae9,10.0,High Producing Exotic Grassland,,Western Bay of Plenty District
975d13cb-6e85-4ad9-9a6f-0b006f4d9edc,10.0,High Producing Exotic Grassland,Tauranga,Tauranga City
9761b593-588c-473d-ae05-a59080797c78,8.4,High Producing Exotic Grassland,,Ōpōtiki District
97685f12-7581-4a8a-9d44-cad4916f8d52,10.0,High Producing Exotic Grassland,,Western Bay of Plenty District
976b262d-9ad2-477f-bfdd-5e2dbe4bc4bf,8.0,High Producing Exotic Grassland,Te Puke,Western Bay of Plenty District
976d05f9-1b30-4695-8762-726633cbf9b7,10.0,High Producing Exotic Grassland,,Western Bay of Plenty District
9770cf1c-cb57-440b-81c7-4b70d31ed92c,8.0,High Producing Exotic Grassland,,Whakatane District
9778c51b-672b-4ca0-a5a8-4d7153bb18c2,8.0,High Producing Exotic Grassland,,Whakatane District
977c449f-9e25-4c19-a622-30eaaa117f99,8.8,High Producing Exotic Grassland,,Western Bay of Plenty District
97817abd-3243-46e6-802f-ec28fd3bd2b0,10.0,Broadleaved Indigenous Hardwoods,,Western Bay of Plenty District
978626,8.0,Indigenous Forest,,Whakatane District
9793dfb6-ce54-4a17-8dd5-94d9c1f19048,8.0,Indigenous Forest,Te Puke,Western Bay of Plenty District
979c037c-7504-4807-a7b6-cc6a73942408,8.0,High Producing Exotic Grassland,Pongakawa,Western Bay of Plenty District
97b50d4a-9eb3-47d8-a7b3-15face3fced5,10.0,High Producing Exotic Grassland,,Western Bay of Plenty District
97c354a8-cbd1-4e23-aa44-72dcb1c0122f,9.6,High Producing Exotic Grassland,Tauranga,Western Bay of Plenty District
97c3a4dd-7557-4ce6-88a1-9b633e50e1f6,10.0,Exotic Forest,,Whakatane District
97c7255a-4d22-423a-a4e3-ffeb5afb7eae,10.0,Broadleaved Indigenous Hardwoods,Tauranga,Western Bay of Plenty District
97caa346-feba-48ed-b1c8-b81c76c13861,8.0,Forest - Harvested,,Whakatane District
97d03a30-06c7-4270-ab1d-24c5cedad31b,10.0,High Producing Exotic Grassland,,Whakatane District
97d43eea-32f4-4629-868c-ba6421b35fbf,10.0,High Producing Exotic Grassland,,Western Bay of Plenty District
97d47543-1f6f-433f-940a-e4ff90d3dd91,10.0,High Producing Exotic Grassland,,Ōpōtiki District
97d8dcc7-05fb-4d14-8485-cdd644a07ba0,8.0,Forest - Harvested,,Whakatane District
97daccac-2de3-4a51-98f2-66d30e936d00,10.0,High Producing Exotic Grassland,,Western Bay of Plenty District
97ec7c7b-dac1-4ab9-8ec1-af8afa681f52,9.6,High Producing Exotic Grassland,Tauranga,Western Bay of Plenty District
97fd3abf-841c-4b56-b672-99547594d48d,8.4,High Producing Exotic Grassland,,Ōpōtiki District
9801cba4-7dcb-49d5-95f8-e9d650aa1250,10.0,Low Producing Grassland,,Western Bay of Plenty District
980b61e1-96b9-4dfb-8257-2f9562e9c5f7,8.0,High Producing Exotic Grassland,,Whakatane District
980c9ab5-48a8-4e74-9a4f-b8b345e242cc,9.6,Broadleaved Indigenous Hardwoods,,Whakatane District
980e4467-bc96-4e9c-acd5-cde06cfe2de1,8.0,High Producing Exotic Grassland,Pongakawa,Western Bay of Plenty District
981b4eb1-ef5c-40e8-9656-aa76175d3e08,8.8,High Producing Exotic Grassland,,Western Bay of Plenty District
981fbfb0-986f-470e-9719-aef644e3584e,10.0,Broadleaved Indigenous Hardwoods,,Western Bay of Plenty District
9821df9f-fd8a-4b81-a01c-1fd350979448,8.0,High Producing Exotic Grassland,,Whakatane District
98229b13-8b5c-4cfb-ae6f-975b37eaf77f,8.0,High Producing Exotic Grassland,,Western Bay of Plenty District
982c38fc-22c3-41be-ad2a-e3f262eb9880,10.0,High Producing Exotic Grassland,,Western Bay of Plenty District
9851c6fc-f22d-489a-8f32-e0ac0174964f,8.4,Short-rotation Cropland,,Whakatane District
985748d6-bfbd-4d46-a6ea-9b201e089187,8.0,High Producing Exotic Grassland,,Western Bay of Plenty District
986133ea-0d0f-437b-b414-403f94e8d470,10.0,High Producing Exotic Grassland,,Western Bay of Plenty District
986a8fa4-e8dc-41c8-af69-9a1251b77bf1,10.0,High Producing Exotic Grassland,Tauranga,Western Bay of Plenty District
987a1f43-a31e-4dd5-8056-85b33d2ffd44,9.6,Indigenous Forest,,Western Bay of Plenty District
987c3b36-54e9-42a2-8669-201ba8d8dabb,8.0,Short-rotation Cropland,,Whakatane District
987dabc3-4a04-45a4-a006-236446376b53,10.0,Broadleaved Indigenous Hardwoods,Tauranga,Western Bay of Plenty District
9885e224-5b99-4a3f-a1b4-be295cab12fe,9.6,Forest - Harvested,,Western Bay of Plenty District
9887a777-dfc8-4c20-a1df-3bdcadfa2409,10.0,High Producing Exotic Grassland,,Tauranga City
988b0bf6-0508-4da6-906e-8fb5434a0ea4,8.0,High Producing Exotic Grassland,,Whakatane District
98907ad0-cc20-4e55-8bee-132e6cb83a31,10.0,High Producing Exotic Grassland,,Western Bay of Plenty District
98a09a5b-d65f-4529-be54-ac5f3a8f33fc,8.4,High Producing Exotic Grassland,,Ōpōtiki District
98a845b6-f13a-432c-9a04-d3820f2c1275,8.0,High Producing Exotic Grassland,Pongakawa,Western Bay of Plenty District
98b06516-8201-4b0e-9900-90bfb9132c0d,10.0,High Producing Exotic Grassland,,Western Bay of Plenty District
98b0db20-442a-4a23-9cd2-3fd7e03c4a73,8.0,High Producing Exotic Grassland,Te Puke,Western Bay of Plenty District
98b45d30-d784-4d1a-8353-f740bd434ccb,8.0,High Producing Exotic Grassland,,Whakatane District
98c6786c-01a9-45ef-a42e-f1e684977421,10.0,High Producing Exotic Grassland,Te Puke,Western Bay of Plenty District
98c8054b-ea43-449d-a9df-81b4694ea8f2,10.0,Urban Parkland/Open Space,Tauranga,Tauranga City
98c8c54f-2f20-42ec-8dac-31aa96b74118,10.0,High Producing Exotic Grassland,,Western Bay of Plenty District
98c8c9b2-7f4a-4580-b545-aafdd420d001,10.0,Indigenous Forest,,Western Bay of Plenty District
98ce9ecd-ed1c-4101-86bc-f166c976c14f,10.0,High Producing Exotic Grassland,Te Puke,Western Bay of Plenty District
98cf0adf-22e2-4900-9fa8-22780a0b4572,10.0,High Producing Exotic Grassland,,Western Bay of Plenty District
98d19476-983c-40f4-b0a6-1075c88cc01c,10.0,High Producing Exotic Grassland,Tauranga,Western Bay of Plenty District
98d4141b-8133-488c-bd5b-0a8431294b07,10.0,High Producing Exotic Grassland,,Whakatane District
98d57328-9bf7-4d5c-896a-4b67b5f2640b,10.0,High Producing Exotic Grassland,,Western Bay of Plenty District
98da5aac-9f3a-4fae-bb15-aeb465c8c607,10.0,High Producing Exotic Grassland,,Western Bay of Plenty District
98da9240-4fa3-44cf-b1b3-3abbd2e77903,8.4,High Producing Exotic Grassland,,Ōpōtiki District
98ddaecb-5323-4577-89fa-c4d7438063f5,10.0,Urban Parkland/Open Space,Tauranga,Tauranga City
98e6153d-76e4-4ec9-8a10-ceb7b0d672af,8.0,High Producing Exotic Grassland,,Whakatane District
98ec1d8a-f606-4d2d-ad0e-889f132ff0fa,9.6,High Producing Exotic Grassland,,Western Bay of Plenty District
98ecd70a-9592-4d29-b63b-dffd915ca33e,10.0,High Producing Exotic Grassland,,Western Bay of Plenty District
98ee1825-bbe8-4587-a8ba-12894f5d44f7,10.0,Indigenous Forest,,Western Bay of Plenty District
98fa8a04-42d9-4259-b4ba-a1d186a9dd8f,10.0,High Producing Exotic Grassland,,Western Bay of Plenty District
99011f88-e0bb-4e2b-8a33-6396132bed16,10.0,High Producing Exotic Grassland,,Western Bay of Plenty District
991caa3b-1195-4222-b81d-8f25745427db,10.0,High Producing Exotic Grassland,,Western Bay of Plenty District
9920b0b5-5ade-4dfa-a954-8e8656672262,10.0,High Producing Exotic Grassland,,Western Bay of Plenty District
9927b2c3-82b7-4b42-bf6f-541df483136b,10.0,High Producing Exotic Grassland,,Western Bay of Plenty District
99423195-445c-47e2-b6ed-a5efc3000d9f,10.0,High Producing Exotic Grassland,,Western Bay of Plenty District
994422f4-81d8-476a-bcfc-38397958454c,10.0,High Producing Exotic Grassland,,Whakatane District
994708aa-66fa-4536-a1a5-fd100b5eda9d,10.0,High Producing Exotic Grassland,,Western Bay of Plenty District
99533c94-fcaf-4d5e-9abe-be3303ac03cc,10.0,High Producing Exotic Grassland,,Western Bay of Plenty District
995382a4-8428-4903-884d-6226d4995d8a,10.0,High Producing Exotic Grassland,Tauranga,Tauranga City
995c5a7d-b763-48b9-b266-1276e4afdd14,8.0,High Producing Exotic Grassland,,Whakatane District
995dd61f-b26a-4d6e-8201-139f376caa23,8.0,Exotic Forest,,Whakatane District
996a211c-0b5a-41d4-9aea-460b47c8851c,8.0,High Producing Exotic Grassland,,Whakatane District
996af1db-34cb-4ecb-b07f-6fa8d6e47d93,8.0,High Producing Exotic Grassland,Pongakawa,Western Bay of Plenty District
996b8bcc-a19f-40ca-8397-2c3cff27e740,10.0,High Producing Exotic Grassland,,Western Bay of Plenty District
996f0766-02b4-42a2-a8b2-2064eb2edd3d,10.0,Exotic Forest,,Western Bay of Plenty District
9970bd30-00d8-4db0-9651-ea6690ba03e1,8.0,Indigenous Forest,,Western Bay of Plenty District
9975f542-a16f-4d65-8414-ee4b4d31a3d0,10.0,High Producing Exotic Grassland,Tauranga,Tauranga City
99803882-6d0e-4e38-b548-59c27674f2b4,8.4,High Producing Exotic Grassland,,Whakatane District
9980d2c4-b118-4bc5-a383-55e968d2923b,10.0,High Producing Exotic Grassland,,Ōpōtiki District
998297,8.0,Forest - Harvested,,Whakatane District
998300,8.0,High Producing Exotic Grassland,,Whakatane District
998bcbc4-f9f7-4abb-a3a7-258931d11ef1,8.0,High Producing Exotic Grassland,,Whakatane District
99958d65-546a-4a4f-bc2a-1f69845204bf,8.4,Short-rotation Cropland,,Whakatane District
99995003-adeb-431c-a2d2-76e1f0780f57,10.0,High Producing Exotic Grassland,,Western Bay of Plenty District
999c1bd6-bf59-4a19-8d2d-3c6252cba289,8.0,High Producing Exotic Grassland,,Whakatane District
99aab36d-dd93-4061-8ce7-f28c66c278a8,8.0,High Producing Exotic Grassland,,Western Bay of Plenty District
99ad12ed-f09a-4a4d-891c-52b117714f55,10.0,High Producing Exotic Grassland,,Western Bay of Plenty District
99af5194-dd4a-46b1-a9c0-12bf9ce39b59,8.0,High Producing Exotic Grassland,,Whakatane District
99cea560-b99f-4873-ae2c-2bf8bfbbee63,8.0,Exotic Forest,,Western Bay of Plenty District
99d0a452-521d-4c6c-b24a-8b6efe97f2f5,10.0,High Producing Exotic Grassland,,Western Bay of Plenty District
99d62de8-66cd-46d9-88e7-84703bd6a599,10.0,High Producing Exotic Grassland,,Western Bay of Plenty District
99d6dbae-0ef5-4329-82fe-a4149b2d5b61,8.0,High Producing Exotic Grassland,,Whakatane District
99d8c6e2-3308-4788-9d65-6d68202403ba,10.0,Indigenous Forest,,Ōpōtiki District
99eabcd2-f43a-4c47-9cc9-c8b04a8e26d9,8.0,High Producing Exotic Grassland,,Whakatane District
99ee7682-722b-44bb-b1d8-0c1afa0a6b2a,10.0,High Producing Exotic Grassland,,Western Bay of Plenty District
99f4a19b-7a10-4bcc-8b03-074f0804882e,8.8,High Producing Exotic Grassland,,Western Bay of Plenty District
99f4d554-4b6a-410d-8e13-d50452cc5e89,8.4,High Producing Exotic Grassland,,Whakatane District
99fc5e65-4fdf-494b-963e-4dddc9ccf072,8.0,High Producing Exotic Grassland,,Western Bay of Plenty District
9a15d8fd-eef1-45c7-a6d8-719288d49b6a,10.0,High Producing Exotic Grassland,,Western Bay of Plenty District
9a1781c0-54cd-4baa-a0db-53a72c73cb25,8.4,High Producing Exotic Grassland,,Whakatane District
9a17c7c0-a076-4e36-8f37-c66041295566,10.0,High Producing Exotic Grassland,,Western Bay of Plenty District
9a18b798-a28f-4350-b468-c369cb7bc812,8.0,High Producing Exotic Grassland,,Whakatane District
9a39329d-ec82-456e-975b-eef4d2068ec1,10.0,Urban Parkland/Open Space,,Western Bay of Plenty District
9a395da0-25c6-4260-ab06-58711212d542,10.0,Exotic Forest,,Western Bay of Plenty District
9a3a313f-b604-408a-ae91-a66eaab42075,8.4,High Producing Exotic Grassland,,Ōpōtiki District
9a3fbd92-06b7-4e85-bbbe-34b1da2a6f90,10.0,High Producing Exotic Grassland,Tauranga,Western Bay of Plenty District
9a440f92-a304-48c2-90f4-3dc26d393e18,8.0,High Producing Exotic Grassland,,Whakatane District
9a4822b0-99ed-48be-bccf-5a6a2d07667f,8.0,High Producing Exotic Grassland,,Whakatane District
9a506873-db8e-4110-9ae6-24122f95cb95,10.0,High Producing Exotic Grassland,,Western Bay of Plenty District
9a60ac22-2023-4085-aa94-21ab39b86720,10.0,High Producing Exotic Grassland,Tauranga,Tauranga City
9a62a54c-9a1c-4a44-b243-6218f3f30d8e,8.0,Indigenous Forest,,Whakatane District
9a69d1a6-020f-4c04-b660-42463af804b9,10.0,High Producing Exotic Grassland,,Western Bay of Plenty District
9a6c19fe-5e55-4b24-ab26-75b4f2b8e14a,8.0,High Producing Exotic Grassland,Te Puke,Western Bay of Plenty District
9a7821ed-4822-4a8a-afc9-c0abe5e98902,8.0,High Producing Exotic Grassland,,Whakatane District
9a7fc26e-4038-4bf8-8c4f-193634a88533,10.0,High Producing Exotic Grassland,,Western Bay of Plenty District
9a80484e-3a0f-4b60-bfc6-f806ee2df921,10.0,High Producing Exotic Grassland,,Ōpōtiki District
9a857831-d3da-4714-9120-809ac825ebe9,10.0,Built-up Area (settlement),Tauranga,Tauranga City
9a865e6e-03de-479a-9f9f-94d6d59d0375,8.0,High Producing Exotic Grassland,,Whakatane District
9a9d5b87-3d7a-4b47-a83b-95a81b6c5b61,8.0,Exotic Forest,,Whakatane District
9ab414d0-55a8-4dc6-b1d3-e6dfd00a1c96,8.0,High Producing Exotic Grassland,,Whakatane District
9ab54e88-4412-4ff1-b569-5056005bad6e,8.0,High Producing Exotic Grassland,,Western Bay of Plenty District
9ab641c9-1b4e-4d0e-9166-50e9257a57a9,10.0,High Producing Exotic Grassland,,Ōpōtiki District
9abc850a-371b-4c98-b3ab-770292da2c2f,8.0,High Producing Exotic Grassland,,Whakatane District
9ac1ea02-e050-4b78-abc6-32f444bb85b2,10.0,High Producing Exotic Grassland,,Western Bay of Plenty District
9ac5426d-9451-4c8e-b901-c487483191da,9.6,Indigenous Forest,,Western Bay of Plenty District
9ac75b18-5f2b-4272-85af-5aaf37a29028,10.0,Forest - Harvested,,Western Bay of Plenty District
9aca946d-942b-42b5-8cc4-490413120df2,8.4,Short-rotation Cropland,,Whakatane District
9acc5fd1-cae0-4f75-92ad-e97d784a0155,8.0,High Producing Exotic Grassland,,Western Bay of Plenty District
9ad364be-8f65-41c8-b9f8-9077f3e5bfa8,10.0,High Producing Exotic Grassland,,Ōpōtiki District
9ad42c65-b1d9-48f1-af60-182baa6782b5,10.0,High Producing Exotic Grassland,,Western Bay of Plenty District
9ad51ce7-de9b-4e89-817b-26921a625596,8.0,High Producing Exotic Grassland,,Whakatane District
9ae20541-c7db-4eb9-86a3-ace07f980482,8.0,High Producing Exotic Grassland,,Whakatane District
9aedcf05-1729-42b2-ba32-4413e9950605,10.0,High Producing Exotic Grassland,,Western Bay of Plenty District
9b0a3564-8118-47d4-bcf2-80f1680ff906,8.0,Manuka and/or Kanuka,,Whakatane District
9b0e2a76-dba8-416a-9ec7-24ef9a4a967a,10.0,High Producing Exotic Grassland,,Western Bay of Plenty District
9b1a8c1f-89f9-4c67-8b64-5f67a0f64256,10.0,High Producing Exotic Grassland,Katikati,Western Bay of Plenty District
9b1c40bf-02f9-4a76-b997-25d15ae15142,10.0,High Producing Exotic Grassland,,Western Bay of Plenty District
9b1ca1f0-4d14-4a4e-89af-963529cb1914,10.0,Manuka and/or Kanuka,,Ōpōtiki District
9b216bf2-9d08-4f21-b9bd-f7a1854c646b,10.0,High Producing Exotic Grassland,,Western Bay of Plenty District
9b288463-a928-48ad-9c40-e782edd29e1e,10.0,High Producing Exotic Grassland,,Western Bay of Plenty District
9b326e79-4179-465f-9f1b-5c4a769d70ae,8.8,Indigenous Forest,,Western Bay of Plenty District
9b35a5b1-222e-4010-b086-59bb7d3d0f66,10.0,Indigenous Forest,,Ōpōtiki District
9b368322-c3ec-4f19-bcb7-809046717020,8.4,Manuka and/or Kanuka,,Ōpōtiki District
9b4b7f27-0e71-462a-b56c-92578bfbe689,10.0,High Producing Exotic Grassland,,Western Bay of Plenty District
9b4d4e1d-eca0-4832-b06d-f4ea8c8cdde5,10.0,Indigenous Forest,Te Puke,Western Bay of Plenty District
9b4fde48-af20-4ccb-979c-be76f790deed,10.0,Exotic Forest,,Western Bay of Plenty District
9b5baa90-530f-4293-ad89-9f93818e4f01,8.0,High Producing Exotic Grassland,,Whakatane District
9b6c9f7c-01c4-4721-a0b2-1a31cd583337,8.0,High Producing Exotic Grassland,,Whakatane District
9b6dedea-ea5e-48b7-83aa-c0ff903d6a33,8.4,High Producing Exotic Grassland,,Whakatane District
9b7ffcdf-87ca-4d74-b939-6b33f779e7a8,10.0,High Producing Exotic Grassland,,Western Bay of Plenty District
9b8bcdab-3d14-4181-b3f1-675c49085b97,8.0,Manuka and/or Kanuka,,Whakatane District
9b987276-b259-4fa1-b920-969c17499028,10.0,High Producing Exotic Grassland,Tauranga,Tauranga City
9b998668-cc80-41e7-bea9-d6398aa4765b,10.0,High Producing Exotic Grassland,,Western Bay of Plenty District
9b9ceb46-5ec1-460e-b215-c8bb1e011dc9,8.0,High Producing Exotic Grassland,,Whakatane District
9b9fabba-c195-4ce2-9439-98dccfdc9ef7,10.0,High Producing Exotic Grassland,,Western Bay of Plenty District
9ba3cc05-9ea2-4a0f-b1f9-7b0c115093b5,10.0,High Producing Exotic Grassland,,Ōpōtiki District
9baa2092-3be0-4381-8add-5efb9569fbec,8.0,High Producing Exotic Grassland,Te Puke,Western Bay of Plenty District
9badcb5a-ad95-4fca-9409-16d97886e8a7,8.0,High Producing Exotic Grassland,,Whakatane District
9baffc40-0377-4870-9efb-44506e06e890,10.0,High Producing Exotic Grassland,,Western Bay of Plenty District
9bb0908a-4d88-4eed-8b73-9ffa455e61c8,10.0,High Producing Exotic Grassland,Tauranga,Western Bay of Plenty District
9bb376b3-6f60-421b-a5e8-881262cd7371,8.0,High Producing Exotic Grassland,,Whakatane District
9bb60fcb-cffc-4dec-a0f5-45ab4392cb33,10.0,High Producing Exotic Grassland,,Western Bay of Plenty District
9bb63d8b-2db8-4f4e-883c-c4b17b6487ab,8.4,High Producing Exotic Grassland,,Whakatane District
9bbb2e4f-83e1-4d7a-a4ec-0fe9e3bb8cd2,10.0,High Producing Exotic Grassland,,Western Bay of Plenty District
9bbd478a-d9b4-42d5-9971-df6451befd57,8.8,High Producing Exotic Grassland,,Western Bay of Plenty District
9bc1b64e-de85-4a52-b442-7adf457d6a58,10.0,High Producing Exotic Grassland,,Western Bay of Plenty District
9bc3aa0d-68ed-42cf-8c77-7b6496906baa,10.0,High Producing Exotic Grassland,,Western Bay of Plenty District
9bc54468-c624-488e-b6be-ee6be76a81cd,8.0,High Producing Exotic Grassland,,Whakatane District
9bdae07d-96da-4c29-a60d-1d288c724d7c,8.0,Herbaceous Freshwater Vegetation,Tauranga,Tauranga City
9be8cbe3-bf9d-4df3-a442-0dc2a007a73b,8.0,High Producing Exotic Grassland,,Whakatane District
9bee0df4-ec7b-435f-8c50-9255539fe13b,10.0,High Producing Exotic Grassland,,Ōpōtiki District
9bfda346-86ac-4815-8e05-802c5cdbdd0e,9.6,High Producing Exotic Grassland,,Western Bay of Plenty District
9c013ccc-72ea-401a-a17e-d566ae1cd330,10.0,High Producing Exotic Grassland,,Western Bay of Plenty District
9c033ac9-801c-4a58-b7f4-a6a787a8aba6,10.0,Built-up Area (settlement),Tauranga,Tauranga City
9c1a15dc-ca6c-4975-ac5d-83c9d91e8bba,8.4,High Producing Exotic Grassland,,Ōpōtiki District
9c22b6c3-f92f-4c8b-99b7-46e9145edbc7,8.0,High Producing Exotic Grassland,,Whakatane District
9c250153-846b-4d0c-9bb5-9accda4a3ee7,8.4,High Producing Exotic Grassland,,Ōpōtiki District
9c271fac-16ac-421a-b5dd-2326175d34b1,9.6,Indigenous Forest,,Western Bay of Plenty District
9c27af80-3635-4f40-90dd-10d15b59a2e2,8.4,High Producing Exotic Grassland,,Ōpōtiki District
9c3b8bfc-92a3-4ec1-9da6-191b1f1b07d6,8.4,Indigenous Forest,,Ōpōtiki District
9c3c37d2-69d2-4d00-bd13-3f043d3251f2,10.0,High Producing Exotic Grassland,,Western Bay of Plenty District
9c403df8-972f-492b-a474-d9cf4638cabc,8.0,High Producing Exotic Grassland,,Whakatane District
9c4a280d-83a2-4924-a167-1d164df9c89e,10.0,High Producing Exotic Grassland,,Western Bay of Plenty District
9c4b7e67-673d-4463-bf6b-43993b2ec6ed,10.0,High Producing Exotic Grassland,,Western Bay of Plenty District
9c4c9360-395e-4cbd-b265-48379ffd1f94,10.0,High Producing Exotic Grassland,,Ōpōtiki District
9c4f7d2d-985a-4c84-b138-62a448c8a3a7,8.0,High Producing Exotic Grassland,,Whakatane District
9c584e71-35f5-49b9-aa2c-c5d471bc1c7b,10.0,High Producing Exotic Grassland,,Western Bay of Plenty District
9c61f3fa-d334-45f1-a59f-e514b31eef58,10.0,High Producing Exotic Grassland,,Western Bay of Plenty District
9c639af3-4c67-4667-b754-9bd13f693317,10.0,Built-up Area (settlement),,Tauranga City
9c70062a-e8ee-4499-94d5-cbbde6a643c0,8.0,High Producing Exotic Grassland,,Whakatane District
9c707a16-e15f-4fd1-8d65-86b5c507eb5b,10.0,High Producing Exotic Grassland,,Ōpōtiki District
9c716ef1-8df5-4b4d-9064-6b8cbb70ed21,10.0,High Producing Exotic Grassland,,Western Bay of Plenty District
9c718fa1-5a3c-4d21-8bbf-04e1015cacab,8.0,High Producing Exotic Grassland,,Whakatane District
9c7703fa-1ffb-4621-a99b-74c21ceb9aac,8.4,High Producing Exotic Grassland,,Whakatane District
9c77bd43-a8f0-4cee-9c59-4dea99dbbe83,10.0,Built-up Area (settlement),,Tauranga City
9c7c908d-588b-4870-8b2e-90ff8b87e3de,8.4,High Producing Exotic Grassland,,Whakatane District
9c85597d-0a85-425b-a9ce-b955b2466c9a,10.0,High Producing Exotic Grassland,,Western Bay of Plenty District
9c889be2-5866-41ea-9484-5ee782a1ee77,9.6,Indigenous Forest,,Western Bay of Plenty District
9c96e91e-8f40-465f-9737-52f6b9404179,10.0,Indigenous Forest,,Western Bay of Plenty District
9c98e926-a206-46e0-8db3-5886746ba3eb,8.0,High Producing Exotic Grassland,,Whakatane District
9c9f9012-1c72-40c4-8205-e0fac41cd951,10.0,High Producing Exotic Grassland,,Western Bay of Plenty District
9ca9b1b8-9b10-4b2c-9fbc-cfca0e2c35c3,10.0,High Producing Exotic Grassland,Opotiki,Ōpōtiki District
9caa6fe1-a4e3-411d-b24b-4f7faf11a013,9.6,Manuka and/or Kanuka,,Whakatane District
9cb176d0-7cae-4ed9-bd13-82880a21ceaa,10.0,High Producing Exotic Grassland,,Western Bay of Plenty District
9cb711a0-c873-49aa-a6fc-bfb5d3b0e5da,8.0,High Producing Exotic Grassland,,Whakatane District
9cc19cbc-ed93-4b8d-b129-9f55cc727916,8.0,High Producing Exotic Grassland,,Western Bay of Plenty District
9cc90bab-9931-4c83-88d0-723affb5d880,10.0,High Producing Exotic Grassland,Tauranga,Tauranga City
9cd2548e-d2e1-4bd3-92ed-4207bbbb7e77,8.0,High Producing Exotic Grassland,,Whakatane District
9ce1732b-42ea-4eaa-b17b-4e8f27426394,10.0,Exotic Forest,,Western Bay of Plenty District
9ce41abd-29da-471b-b940-ff80ac88ebdb,10.0,Exotic Forest,,Western Bay of Plenty District
9ce8e78f-16f0-4aea-b472-8fe96c36f5b0,10.0,High Producing Exotic Grassland,Te Puke,Western Bay of Plenty District
9ce96b8f-5dce-44aa-bc6e-a5cbc3aa8162,8.4,High Producing Exotic Grassland,,Whakatane District
9ceca977-5b06-4297-b86a-117094688b50,10.0,High Producing Exotic Grassland,Tauranga,Tauranga City
9cf7ffc6-4076-400b-89e0-1bb8ecbd6bf7,8.0,High Producing Exotic Grassland,,Whakatane District
9d0100c0-7d46-48de-89a2-92fa4ca5796c,8.0,High Producing Exotic Grassland,,Whakatane District
9d02a82a-a190-458b-bb87-b1235d2e3c67,10.0,Broadleaved Indigenous Hardwoods,,Western Bay of Plenty District
9d075faa-5134-4b9f-9f66-db39213f54cf,10.0,High Producing Exotic Grassland,,Western Bay of Plenty District
9d119d1c-d70f-4f6d-9e57-8f88e7cadc7b,10.0,High Producing Exotic Grassland,,Western Bay of Plenty District
9d18665f-5224-4c19-9b5d-d0194c2c955d,10.0,Indigenous Forest,,Western Bay of Plenty District
9d2e7622-2cf7-4c36-8d08-f2c8e5319a59,10.0,High Producing Exotic Grassland,Tauranga,Tauranga City
9d30d662-7922-494a-8663-2277328824b1,8.0,High Producing Exotic Grassland,,Whakatane District
9d318ebf-c740-4c3c-b9a7-a831704ed98e,8.0,High Producing Exotic Grassland,,Whakatane District
9d368619-858a-412c-8a46-14a14f1d2dac,10.0,High Producing Exotic Grassland,,Whakatane District
9d3e1e60-1a12-4ecb-b9ff-48cddce75c92,10.0,High Producing Exotic Grassland,Tauranga,Western Bay of Plenty District
9d510824-cc1f-4128-855f-f275a5b05ca0,10.0,Exotic Forest,,Western Bay of Plenty District
9d53c912-273f-4994-92b9-c79ec5a5336e,10.0,High Producing Exotic Grassland,Tauranga,Western Bay of Plenty District
9d592777-b173-4b66-8b4e-9a538912b91e,8.4,Indigenous Forest,,Ōpōtiki District
9d59a4cb-45e9-4591-a50a-0b62438f9729,10.0,Exotic Forest,,Western Bay of Plenty District
9d61b18a-84d5-4e68-9097-43b76a9bf180,8.4,High Producing Exotic Grassland,,Whakatane District
9d69b7d7-bf2b-4287-bf26-d3965251d45c,10.0,High Producing Exotic Grassland,Tauranga,Western Bay of Plenty District
9d6b222e-e691-4753-9b3d-35431991d483,8.0,High Producing Exotic Grassland,,Whakatane District
9d6d0100-761f-4c2d-b989-650049aada93,8.4,High Producing Exotic Grassland,,Whakatane District
9d722f4d-634c-4bd8-bd4a-1e4a1362d525,8.0,Exotic Forest,,Whakatane District
9d8afba5-57ef-4727-b5f1-954cd248bad0,10.0,High Producing Exotic Grassland,,Western Bay of Plenty District
9d8db746-8d77-42ee-954b-c4e043498f40,8.0,Forest - Harvested,,Whakatane District
9d91644a-6af2-4044-b64a-950face263c7,8.0,High Producing Exotic Grassland,,Whakatane District
9d956d0c-619b-4fb7-802c-75afe530c165,10.0,High Producing Exotic Grassland,,Western Bay of Plenty District
9d974a2e-c1b6-4a6e-a7f2-94cc0a9ff4fd,10.0,High Producing Exotic Grassland,,Western Bay of Plenty District
9d9f9c00-bc19-4d82-89bd-32efd8d525f8,10.0,High Producing Exotic Grassland,,Western Bay of Plenty District
9daf2e92-f791-487d-9def-6121b72f54f1,10.0,Indigenous Forest,,Western Bay of Plenty District
9db4be4a-c85f-4b12-ab55-5fe5755e8470,10.0,High Producing Exotic Grassland,,Western Bay of Plenty District
9db8a742-f8d8-4745-828b-20345f0823c8,10.0,High Producing Exotic Grassland,,Western Bay of Plenty District
9dba6d6c-1a70-4f88-b7c2-ff3b53a31bdc,8.0,Broadleaved Indigenous Hardwoods,,Western Bay of Plenty District
9dc0a303-8291-4229-a5fd-a0dcb0465fc9,10.0,High Producing Exotic Grassland,,Tauranga City
9dc1e7b9-6414-4c03-9043-cfe6bbfd28f7,8.0,High Producing Exotic Grassland,,Whakatane District
9dc650c3-1c76-4a75-b93d-a97e01f5f7c8,10.0,High Producing Exotic Grassland,,Western Bay of Plenty District
9dc87627-890d-488c-b3a9-91073069c427,10.0,High Producing Exotic Grassland,,Western Bay of Plenty District
9dd69710-3ec1-4f1d-8037-cb8436759597,10.0,High Producing Exotic Grassland,,Western Bay of Plenty District
9de27472-598e-48b0-a1ab-1cd4999022e3,10.0,High Producing Exotic Grassland,,Western Bay of Plenty District
9deb97fa-434c-4e57-9824-641a0a735708,8.4,High Producing Exotic Grassland,,Whakatane District
9deca9df-2413-471f-b935-22390ebd3ed6,10.0,Surface Mine or Dump,,Western Bay of Plenty District
9dede1ea-d4b4-464f-9064-9cd58eb46db2,8.0,High Producing Exotic Grassland,,Western Bay of Plenty District
9def5ba1-d544-4116-a70d-f3b0107c094f,9.6,Exotic Forest,,Western Bay of Plenty District
9df0f949-873a-4352-bc7c-6417d83f16a7,10.0,High Producing Exotic Grassland,,Western Bay of Plenty District
9df641de-ec45-40ad-8cef-4a93d306e5fb,8.0,High Producing Exotic Grassland,,Western Bay of Plenty District
9df69cfa-fc16-4af9-bd89-fa47f457e48f,10.0,High Producing Exotic Grassland,,Western Bay of Plenty District
9dfc2f8e-1197-4c27-a33b-6e50f5df2020,10.0,High Producing Exotic Grassland,,Western Bay of Plenty District
9e017c31-f7bd-430c-b9b4-a163f833d580,10.0,Indigenous Forest,Tauranga,Western Bay of Plenty District
9e083c1a-149d-4556-a577-bdb99a5d2517,10.0,Indigenous Forest,Tauranga,Tauranga City
9e0c1f62-935c-4a5c-ad4a-13e58738d586,10.0,High Producing Exotic Grassland,Tauranga,Tauranga City
9e0d26a8-c754-4dcb-9664-186d639d4482,8.4,High Producing Exotic Grassland,,Whakatane District
9e10b7c4-2319-4692-adb7-babd942ae661,10.0,High Producing Exotic Grassland,,Western Bay of Plenty District
9e14f447-1b2e-4561-a5f9-d059d7230cd5,8.0,High Producing Exotic Grassland,,Whakatane District
9e15a1a7-f9b7-4d5f-bfd5-ea7c9205b6e9,10.0,High Producing Exotic Grassland,,Western Bay of Plenty District
9e31530b-8c68-424f-9715-03d4503ce2f8,8.0,High Producing Exotic Grassland,,Western Bay of Plenty District
9e3a6b60-a29e-499c-8cf4-feb883f2a9b3,10.0,High Producing Exotic Grassland,,Whakatane District
9e4739af-f560-4028-a871-28f333745f3f,10.0,Exotic Forest,,Western Bay of Plenty District
9e526354-a92c-41e2-b62b-c969435963e2,8.0,High Producing Exotic Grassland,,Whakatane District
9e7219a7-bf3f-42e2-8a5a-c71e38e94237,8.0,High Producing Exotic Grassland,,Whakatane District
9e79b900-6a33-40bd-91ef-68b8a118b370,10.0,High Producing Exotic Grassland,,Western Bay of Plenty District
9e7a7984-39e5-469f-9844-92fd16210d86,10.0,High Producing Exotic Grassland,,Ōpōtiki District
9e7bb8f0-5378-434f-9f97-24e856a651f8,10.0,High Producing Exotic Grassland,Tauranga,Tauranga City
9e7c269c-f8d5-499d-8f7c-80d7a613f5f3,10.0,Broadleaved Indigenous Hardwoods,,Western Bay of Plenty District
9e7f2312-30af-4f0e-9f18-0284bf527281,8.4,High Producing Exotic Grassland,,Ōpōtiki District
9e861831-db06-4b4e-8c55-5c1696b256a8,10.0,Indigenous Forest,,Ōpōtiki District
9ea7bb4b-2c43-496b-8f92-8190de4b8008,8.0,High Producing Exotic Grassland,,Whakatane District
9ea8e1e7-e19f-4ab2-a4aa-e9a0f8a1fd8d,8.0,High Producing Exotic Grassland,,Western Bay of Plenty District
9eac77ea-9992-4d12-9fc8-bb5601856d19,8.0,High Producing Exotic Grassland,,Whakatane District
9eb57b71-6edd-4f7e-a430-419619611560,8.0,High Producing Exotic Grassland,,Whakatane District
9eb9d2c6-d26f-4d38-876c-960571ae30e8,10.0,Urban Parkland/Open Space,Tauranga,Tauranga City
9ecda5aa-3454-4e03-8c56-1cce093726cf,10.0,Exotic Forest,Tauranga,Western Bay of Plenty District
9ed0575f-c91f-4cab-8224-bc613bb2f7b9,8.0,High Producing Exotic Grassland,,Whakatane District
9edc73c1-aed8-4547-a579-07b579b06637,10.0,Indigenous Forest,,Western Bay of Plenty District
9eddd5bd-dda2-47ba-9109-ac49ca0472e6,8.4,High Producing Exotic Grassland,,Ōpōtiki District
9ef32331-3bd0-4518-b81d-e940fa614a93,10.0,Indigenous Forest,,Western Bay of Plenty District
9ef766ff-5e74-4639-8d75-5c3e4f287abc,8.4,High Producing Exotic Grassland,,Ōpōtiki District
9efd618d-a6c2-4c7d-900b-03e45ba6ce3d,10.0,High Producing Exotic Grassland,,Western Bay of Plenty District
9efe4ccb-f078-4e84-bbb1-6fe43eeb58f4,10.0,Indigenous Forest,,Ōpōtiki District
9f00cbf8-122e-4f4b-8c21-69944766fd0b,8.0,High Producing Exotic Grassland,,Whakatane District
9f049763-d335-42fc-98d8-385f626a71d6,8.4,High Producing Exotic Grassland,,Whakatane District
9f07840f-e145-42d3-89b9-72df5bbfe29c,8.0,High Producing Exotic Grassland,,Whakatane District
9f268f09-bf71-4ee3-b15d-c1568e3a71cb,8.0,Built-up Area (settlement),Tauranga,Tauranga City
9f2a7598-ed10-45f8-a11f-2a6a4e78705a,10.0,High Producing Exotic Grassland,,Ōpōtiki District
9f2a9b81-6817-42f4-9bb8-dc4ba20c2afa,8.0,High Producing Exotic Grassland,,Whakatane District
9f3323b7-e698-46b0-86cc-c2966c00c4f4,10.0,Indigenous Forest,,Western Bay of Plenty District
9f3457fb-c2ad-4fef-b8ed-cee7187682a3,10.0,High Producing Exotic Grassland,,Ōpōtiki District
9f3af7e7-ccff-48b0-ab35-ceeaf661f658,8.0,Low Producing Grassland,,Whakatane District
9f3f742f-5307-43d0-97ea-c89db51a4de2,10.0,High Producing Exotic Grassland,Tauranga,Tauranga City
9f54b6c2-a434-4873-a37f-cca9e91e0499,10.0,Built-up Area (settlement),Tauranga,Tauranga City
9f5d013c-9667-4cdb-8bf5-830e832652ad,8.4,Indigenous Forest,,Western Bay of Plenty District
9f5e3c84-d953-4536-9aa8-145a14fa6286,10.0,High Producing Exotic Grassland,,Ōpōtiki District
9f61038d-6605-46fc-99e1-af52dabf7015,8.0,High Producing Exotic Grassland,,Western Bay of Plenty District
9f79ffee-2249-41db-ad4a-c84a2611488e,10.0,High Producing Exotic Grassland,,Ōpōtiki District
9f8efdbe-ce9e-4ce4-b587-cc81797cc237,8.8,Indigenous Forest,,Western Bay of Plenty District
9f8f7192-27d3-449a-a830-8832cf725498,10.0,Urban Parkland/Open Space,Tauranga,Tauranga City
9f97fe5a-0e70-44d1-b53c-4c6745d060b1,8.8,Indigenous Forest,,Western Bay of Plenty District
9fa76254-0c69-4122-8f17-d87a9f5ef458,10.0,High Producing Exotic Grassland,,Western Bay of Plenty District
9fae32d0-8aa2-4045-9b37-1d0eb45a83bc,8.0,High Producing Exotic Grassland,,Whakatane District
9faea655-16f5-4434-a8fd-aaef560bc72a,10.0,High Producing Exotic Grassland,,Western Bay of Plenty District
9fbb31cd-dc53-4ae9-9f90-60ef6706dfc6,8.0,High Producing Exotic Grassland,,Whakatane District
9fc94783-afc8-41bf-87cd-31f1be1c8833,10.0,High Producing Exotic Grassland,,Ōpōtiki District
9fcabdb7-fc82-4514-a650-195476b58cc9,8.8,High Producing Exotic Grassland,,Western Bay of Plenty District
9fccb6c6-05c9-4251-925a-993b05db5f04,10.0,Built-up Area (settlement),,Western Bay of Plenty District
9fce0505-21dc-4b18-9351-341a0939824b,9.6,Manuka and/or Kanuka,,Whakatane District
9fd3b367-057b-4652-851a-d84e2b85b365,10.0,Indigenous Forest,,Western Bay of Plenty District
9fe13f6b-d197-4c69-b834-176176152ebe,10.0,High Producing Exotic Grassland,,Whakatane District
9fe31142-383c-4d11-bc67-4ba7587f953c,8.4,High Producing Exotic Grassland,Opotiki,Ōpōtiki District
9fe604f0-e957-4793-b856-34243b6bf999,10.0,Urban Parkland/Open Space,Tauranga,Tauranga City
9fe618e0-25e7-427a-b135-447cf9b384b3,8.0,High Producing Exotic Grassland,Te Puke,Western Bay of Plenty District
9feb3e02-a73f-41bc-bc74-cb8449b886ba,10.0,Exotic Forest,,Whakatane District
9ff25a04-f8d9-4006-825c-d2ac744dcaac,10.0,High Producing Exotic Grassland,Tauranga,Western Bay of Plenty District
9ff66274-570c-4cc6-9266-b704e658fed0,10.0,High Producing Exotic Grassland,,Western Bay of Plenty District
9ff726a3-1f00-4d3d-b8aa-04d2652c65d6,10.0,High Producing Exotic Grassland,,Western Bay of Plenty District
9ffb55a7-33d0-477b-8346-739fe4b27ec3,10.0,Broadleaved Indigenous Hardwoods,,Ōpōtiki District
GS2C/1378,8.4,High Producing Exotic Grassland,,Ōpōtiki District
GS3C/647,8.4,High Producing Exotic Grassland,,Ōpōtiki District
GS3D/457,8.4,High Producing Exotic Grassland,,Ōpōtiki District
GS4C/1076,10.0,High Producing Exotic Grassland,,Ōpōtiki District
GS5A/1438,8.4,Short-rotation Cropland,,Ōpōtiki District
GSPR6B/233,10.0,Manuka and/or Kanuka,,Ōpōtiki District
SA1209/20,9.6,Exotic Forest,,Whakatane District
SA13B/234,10.0,High Producing Exotic Grassland,,Western Bay of Plenty District
SA1477/13,8.0,High Producing Exotic Grassland,,Whakatane District
SA14A/241,10.0,High Producing Exotic Grassland,,Whakatane District
SA163/106,8.8,High Producing Exotic Grassland,,Western Bay of Plenty District
SA165/200,10.0,High Producing Exotic Grassland,,Western Bay of Plenty District
SA20C/1067,8.0,Forest - Harvested,,Whakatane District
SA20D/272,10.0,High Producing Exotic Grassland,Tauranga,Western Bay of Plenty District
SA24D/1233,8.0,Exotic Forest,,Western Bay of Plenty District
SA25A/1013,8.0,Gorse and/or Broom,,Whakatane District
SA27B/1358,10.0,High Producing Exotic Grassland,,Western Bay of Plenty District
SA28/299,10.0,High Producing Exotic Grassland,,Western Bay of Plenty District
SA30A/656,8.0,Exotic Forest,,Western Bay of Plenty District
SA334/104,8.4,Built-up Area (settlement),,Whakatane District
SA339/141,8.0,Exotic Forest,,Whakatane District
SA40D/298,10.0,High Producing Exotic Grassland,,Western Bay of Plenty District
SA43/274,9.6,Broadleaved Indigenous Hardwoods,,Whakatane District
SA43/299,10.0,High Producing Exotic Grassland,,Western Bay of Plenty District
SA451/80,8.4,High Producing Exotic Grassland,,Whakatane District
SA46B/282,8.8,High Producing Exotic Grassland,,Western Bay of Plenty District
SA47B/424,8.8,High Producing Exotic Grassland,,Western Bay of Plenty District
SA49/268,10.0,High Producing Exotic Grassland,,Western Bay of Plenty District
SA507/236,8.4,High Producing Exotic Grassland,,Whakatane District
SA55B/452,8.0,Exotic Forest,,Whakatane District
SA57A/59,8.0,Broadleaved Indigenous Hardwoods,,Whakatane District
SA57D/967,10.0,High Producing Exotic Grassland,,Western Bay of Plenty District
SA58A/650,8.0,Exotic Forest,,Western Bay of Plenty District
SA60A/336,8.0,High Producing Exotic Grassland,,Whakatane District
SA60C/175,8.0,Broadleaved Indigenous Hardwoods,,Whakatane District
SA60D/551,8.0,Exotic Forest,,Whakatane District
SA614/206,8.0,Broadleaved Indigenous Hardwoods,,Whakatane District
SA65A/868,10.0,Built-up Area (settlement),Tauranga,Tauranga City
SA66B/809,10.0,High Producing Exotic Grassland,,Western Bay of Plenty District
SA67D/641,10.0,Exotic Forest,,Western Bay of Plenty District
SA68C/61,8.0,Manuka and/or Kanuka,,Whakatane District
SA6B/660,8.0,Exotic Forest,,Whakatane District
SA72A/291,8.0,High Producing Exotic Grassland,,Whakatane District
SA76/194,10.0,High Producing Exotic Grassland,,Western Bay of Plenty District
SA856/44,8.8,High Producing Exotic Grassland,,Western Bay of Plenty District
SA857/193,9.6,High Producing Exotic Grassland,,Western Bay of Plenty District
SA946/35,8.0,Exotic Forest,,Whakatane District
SAPR25/63,8.0,Exotic Forest,,Whakatane District
a000cea1-79ef-4d88-96b3-e48f900cdd9b,10.0,High Producing Exotic Grassland,,Ōpōtiki District
a0074ab7-585f-4355-b2f2-c9f989cca896,10.0,Exotic Forest,,Western Bay of Plenty District
a007e005-a810-49f2-bbb7-6faa09a9b34e,8.0,Indigenous Forest,,Whakatane District
a00c7934-961c-4550-8cab-271b6cb6c058,10.0,High Producing Exotic Grassland,,Western Bay of Plenty District
a0107b75-f052-41df-b7ab-3005a84f3a52,10.0,Manuka and/or Kanuka,,Ōpōtiki District
a01a694e-8e7d-48e3-8c15-13897721be0c,8.0,High Producing Exotic Grassland,,Whakatane District
a01a72c0-a688-4007-8326-5334c04c6427,10.0,High Producing Exotic Grassland,,Western Bay of Plenty District
a01e45a1-3a37-4300-8e63-1da0d5833146,8.0,Built-up Area (settlement),,Tauranga City
a01ff790-66c0-427a-a055-55ba6c9ad396,10.0,Built-up Area (settlement),,Tauranga City
a02a3c1d-25de-43a8-85a2-d134dacc43d8,10.0,Broadleaved Indigenous Hardwoods,,Western Bay of Plenty District
a03b9c89-d378-4a59-a87d-4a3b036bec63,8.0,High Producing Exotic Grassland,,Whakatane District
a03e99b6-0291-4807-a693-c400f4841055,10.0,High Producing Exotic Grassland,,Western Bay of Plenty District
a0436e58-f51b-4a7a-8449-3a75bf16d39e,9.6,High Producing Exotic Grassland,,Western Bay of Plenty District
a04698df-48b7-400c-93ce-b37e2ae08d5a,8.0,High Producing Exotic Grassland,,Whakatane District
a051553f-7015-43bd-85f8-87b437b448aa,10.0,High Producing Exotic Grassland,,Western Bay of Plenty District
a051869a-2d39-4773-9495-74966e3d55aa,10.0,High Producing Exotic Grassland,,Western Bay of Plenty District
a0662e8d-1228-4e34-ba68-87df1f2d8edf,10.0,Built-up Area (settlement),,Tauranga City
a07ed24f-0b79-43b2-a681-cbd93af4328c,9.6,High Producing Exotic Grassland,,Western Bay of Plenty District
a0803a84-7c28-4f28-9e67-5034a2f8d105,10.0,Built-up Area (settlement),Tauranga,Tauranga City
a088009d-471a-4301-bc3a-48055026b641,8.8,Indigenous Forest,,Western Bay of Plenty District
a08964e9-ae5f-4711-bd66-248fabb2394d,10.0,High Producing Exotic Grassland,,Western Bay of Plenty District
a0a5c5b3-b44b-4efb-ba41-8f937c8cccae,10.0,High Producing Exotic Grassland,,Western Bay of Plenty District
a0b67e73-15de-4717-bfe5-50ca75ec7ec4,10.0,High Producing Exotic Grassland,,Whakatane District
a0b6e241-0846-4a4b-ad2f-991e129dd3f2,8.4,High Producing Exotic Grassland,,Ōpōtiki District
a0be2dca-a861-455e-a693-a6c958b88d02,10.0,High Producing Exotic Grassland,,Western Bay of Plenty District
a0c326ee-9da5-42a4-97c9-673bdff0c875,8.8,High Producing Exotic Grassland,,Western Bay of Plenty District
a0c90d8e-f384-4daf-b809-46b541f696a7,10.0,High Producing Exotic Grassland,Tauranga,Western Bay of Plenty District
a0daf5d5-7311-418d-98e0-67a34b07f540,10.0,Built-up Area (settlement),Tauranga,Tauranga City
a0dd13ef-9f81-4abd-9d2b-63025e750c36,10.0,Indigenous Forest,,Western Bay of Plenty District
a0e28494-6ad8-41e8-8aa3-87336936a3df,8.0,High Producing Exotic Grassland,,Whakatane District
a0e9a265-96ff-4f9e-8c6b-16ea6e536626,8.0,High Producing Exotic Grassland,,Whakatane District
a0fbf385-e1f4-4966-935c-1227c2c16914,9.6,Broadleaved Indigenous Hardwoods,,Western Bay of Plenty District
a100e8d2-63bd-408d-a07a-af7cc781dad1,10.0,Indigenous Forest,,Whakatane District
a109d926-35ef-47e4-84cd-7946b263ca9e,10.0,Indigenous Forest,Tauranga,Western Bay of Plenty District
a10bce59-0b15-4a1e-b823-8ffe456baaeb,8.0,High Producing Exotic Grassland,,Whakatane District
a110519b-54ee-4d0b-b1c1-95fb9479fb3b,8.0,High Producing Exotic Grassland,,Whakatane District
a11206f3-5b5e-4ecc-af3e-ec67b79ebac4,10.0,High Producing Exotic Grassland,,Western Bay of Plenty District
a11842da-9a71-4137-8e2e-602434daa3c1,8.0,High Producing Exotic Grassland,,Whakatane District
a1184e76-d33a-497f-8bb6-2b446d78cdff,10.0,High Producing Exotic Grassland,,Western Bay of Plenty District
a126d9a8-3c97-4ee8-bff2-d7df33a56f0a,10.0,High Producing Exotic Grassland,,Western Bay of Plenty District
a126fffa-cbc1-4a5e-aa95-61ff90d6b7f3,10.0,High Producing Exotic Grassland,,Western Bay of Plenty District
a13eea05-3d9f-4d78-b053-43c7a392ad14,8.0,Built-up Area (settlement),Te Puke,Western Bay of Plenty District
a14481a0-7851-4256-ab45-d5d2f2b90d44,10.0,Indigenous Forest,,Western Bay of Plenty District
a147cabd-61c1-4fd1-b9b4-a01db4894b24,8.0,High Producing Exotic Grassland,,Whakatane District
a14b5ba6-2286-43b2-ba65-4165e01498d4,8.0,High Producing Exotic Grassland,,Western Bay of Plenty District
a14d885c-2c25-4ebe-a3e0-cada6beb6154,10.0,Short-rotation Cropland,,Western Bay of Plenty District
a15225b6-2c73-4568-ae5e-8c7d0a5ec0d4,8.4,High Producing Exotic Grassland,,Ōpōtiki District
a152ac29-ab19-4a4e-92ca-e8f95fcb45d0,10.0,Broadleaved Indigenous Hardwoods,Te Puke,Western Bay of Plenty District
a152adb7-8f82-406f-8eee-b39234e741ac,10.0,Manuka and/or Kanuka,,Ōpōtiki District
a159fb42-418f-462a-b1b5-a16fcd869da9,8.0,Indigenous Forest,,Western Bay of Plenty District
a1601d47-e3b0-4fe5-b915-67ba347d1c7a,10.0,High Producing Exotic Grassland,,Ōpōtiki District
a16234eb-b9a0-4ac0-9731-92a0802fe779,10.0,Indigenous Forest,,Western Bay of Plenty District
a1733b7c-9e3a-4142-be43-7ad11054c03d,8.0,Exotic Forest,,Western Bay of Plenty District
a1770145-b84f-4927-8d70-72c030f605dc,10.0,High Producing Exotic Grassland,,Ōpōtiki District
a17734dc-c755-4354-981f-159f3ccf9abe,10.0,High Producing Exotic Grassland,,Ōpōtiki District
a177b61d-d5d1-4f43-aa67-9dfeec80e190,10.0,High Producing Exotic Grassland,,Ōpōtiki District
a182b2e5-eb07-4d90-b36d-1850615d825e,10.0,High Producing Exotic Grassland,,Ōpōtiki District
a1855478-7631-49cd-99d9-fc2f1c077731,10.0,High Producing Exotic Grassland,,Western Bay of Plenty District
a18dfc0e-49b4-4cbe-986f-b8dacb074812,8.4,Built-up Area (settlement),,Whakatane District
a194b8aa-aae8-416f-aae4-f1c202b201f0,10.0,High Producing Exotic Grassland,,Western Bay of Plenty District
a197f94a-1ee6-4793-8efb-7f7ecc836c31,8.4,Short-rotation Cropland,,Whakatane District
a19ed679-82db-4066-bc38-65a9f57ba21c,10.0,High Producing Exotic Grassland,,Western Bay of Plenty District
a1a098d3-558c-457f-bb01-7ea72540fc8e,10.0,High Producing Exotic Grassland,Opotiki,Ōpōtiki District
a1a1b569-ea09-45a6-9bc9-b015ad17eb9d,10.0,High Producing Exotic Grassland,,Western Bay of Plenty District
a1ad1dd4-013b-43f2-bc17-df386f6bfd4c,8.0,High Producing Exotic Grassland,,Whakatane District
a1b09140-3a1d-48a4-a54f-1b2da8fe0db3,8.0,Indigenous Forest,,Whakatane District
a1b85e9d-1756-4ce4-a2f1-0cd263561de0,8.0,Urban Parkland/Open Space,,Whakatane District
a1c5df83-5a71-4487-bfb0-462b32f30704,9.6,Indigenous Forest,,Tauranga City
a1cc433a-f429-432c-86e3-e660805eb927,8.4,High Producing Exotic Grassland,,Whakatane District
a1de4dab-35a2-4bf1-b73c-34fe8001aad3,10.0,High Producing Exotic Grassland,,Western Bay of Plenty District
a1de7572-0e7d-49e1-acd9-b0e0ac88f006,8.8,Indigenous Forest,,Western Bay of Plenty District
a1e5fda0-a6f1-4879-a04f-2daa9effe59c,10.0,Built-up Area (settlement),Katikati,Western Bay of Plenty District
a1ec462a-da9e-44ef-bb38-9af996dd9b55,10.0,High Producing Exotic Grassland,,Western Bay of Plenty District
a1edc7b3-28b6-46ce-8dd2-ecdb75ffff71,10.0,High Producing Exotic Grassland,,Western Bay of Plenty District
a1f32807-6b64-4d69-900d-2e3345366693,10.0,High Producing Exotic Grassland,,Ōpōtiki District
a1f94b02-62ba-47d7-aade-791f32e376ad,10.0,High Producing Exotic Grassland,,Western Bay of Plenty District
a20040b0-302a-4442-bc4e-bc1a2e612135,8.4,Short-rotation Cropland,,Whakatane District
a20101b6-3889-4ccc-a732-3815c5f00f94,8.0,High Producing Exotic Grassland,,Whakatane District
a2171d7d-b0de-4aa9-9fc8-5b92e06ad327,9.6,Indigenous Forest,,Western Bay of Plenty District
a2196947-49cc-417f-ac67-c17940007c75,10.0,High Producing Exotic Grassland,,Whakatane District
a21ed40b-c0b7-4948-a838-b696b383bffc,10.0,High Producing Exotic Grassland,Tauranga,Tauranga City
a2223802-4c6f-492f-8cb6-0ced7f1520e0,10.0,High Producing Exotic Grassland,,Western Bay of Plenty District
a228cced-eeb1-40c8-9cca-2f76b1574748,10.0,High Producing Exotic Grassland,,Western Bay of Plenty District
a23212ac-a391-4ad9-8926-de45c9a0f0f2,8.0,High Producing Exotic Grassland,,Western Bay of Plenty District
a24d6975-952d-4cab-bfe7-c2379eb35f56,10.0,Deciduous Hardwoods,,Whakatane District
a2551180-19aa-4203-a147-19938daf4368,10.0,High Producing Exotic Grassland,Tauranga,Western Bay of Plenty District
a2584615-4ef5-4be3-aab1-ca1e32f79a70,10.0,High Producing Exotic Grassland,Tauranga,Tauranga City
a25f1b49-677d-4f83-9142-d5de335b9e10,10.0,High Producing Exotic Grassland,,Western Bay of Plenty District
a2639f3e-3f0e-4ca1-b169-3cdabb0bd2b4,10.0,High Producing Exotic Grassland,,Western Bay of Plenty District
a26b677b-ee3f-4a34-bf68-cb37ef288606,10.0,High Producing Exotic Grassland,,Western Bay of Plenty District
a2776bb8-abed-4a24-ac29-c7c100ca55c1,9.6,High Producing Exotic Grassland,Tauranga,Western Bay of Plenty District
a27af439-7b80-4b88-9074-95902f818be2,10.0,Exotic Forest,,Western Bay of Plenty District
a29212d2-4f58-4631-abc6-97ef15b3e866,10.0,Indigenous Forest,,Western Bay of Plenty District
a292d164-a546-4664-a0ff-2b8449ae04f2,10.0,High Producing Exotic Grassland,,Western Bay of Plenty District
a2a1d9dc-610c-4d05-a6e0-a287e7ba382c,10.0,High Producing Exotic Grassland,,Western Bay of Plenty District
a2b521bd-fd8e-4c6e-80f8-3d3665372dd3,10.0,High Producing Exotic Grassland,,Western Bay of Plenty District
a2b987d5-5553-4d41-97de-47837d668782,8.4,High Producing Exotic Grassland,,Ōpōtiki District
a2c25030-518e-440e-8829-62c572a74b09,10.0,High Producing Exotic Grassland,,Western Bay of Plenty District
a2cebe20-4324-4992-a9b3-129536761944,10.0,High Producing Exotic Grassland,,Western Bay of Plenty District
a2ded867-28cc-4a55-a377-5f3557e692c7,10.0,High Producing Exotic Grassland,,Western Bay of Plenty District
a2e4963d-93cd-439f-98ae-7fa10fb51894,10.0,Exotic Forest,,Whakatane District
a2e58169-75fb-44f3-81fa-46167eaac993,8.0,High Producing Exotic Grassland,,Western Bay of Plenty District
a2e87680-5e49-4fc5-a283-a8a86639192e,8.0,Built-up Area (settlement),Te Puke,Western Bay of Plenty District
a2f6c754-bfde-4130-b82a-339771d7ed9b,10.0,High Producing Exotic Grassland,,Western Bay of Plenty District
a2faf774-6901-48bf-9432-d3517dabebef,8.4,High Producing Exotic Grassland,,Ōpōtiki District
a3013251-2869-4647-9443-b97a3081a085,8.0,High Producing Exotic Grassland,,Whakatane District
a30fa7ee-b460-4c82-8fde-389702f65d94,10.0,High Producing Exotic Grassland,,Western Bay of Plenty District
a312155a-5e76-4218-930f-2bb4d17cb402,8.4,Short-rotation Cropland,,Ōpōtiki District
a31319e9-d44d-4eff-8131-2aee0e9ed2dc,8.0,Indigenous Forest,,Whakatane District
a316ab80-c786-46fb-b72c-30e1eec2a4ab,8.0,Broadleaved Indigenous Hardwoods,,Whakatane District
a322eaac-227e-47ca-af4a-f6e307368678,8.0,High Producing Exotic Grassland,,Whakatane District
a3235728-ad3b-41df-89b5-4e4d087615e8,10.0,Urban Parkland/Open Space,Tauranga,Tauranga City
a3280cde-b027-42c6-8bbf-37c3a2500d6e,10.0,High Producing Exotic Grassland,,Western Bay of Plenty District
a329ad91-39b3-4982-b069-d43b4e69e081,10.0,High Producing Exotic Grassland,,Ōpōtiki District
a3351beb-8920-40be-9e00-a9caaa80898e,8.0,Indigenous Forest,,Whakatane District
a337fc83-c332-4afe-898c-0438f4f76e0e,10.0,High Producing Exotic Grassland,,Western Bay of Plenty District
a33b37b9-03d9-4b20-8e6b-fd92f802ccb9,10.0,Exotic Forest,,Western Bay of Plenty District
a33b812a-8cec-4f84-a57b-25d0b893b0a5,10.0,High Producing Exotic Grassland,,Western Bay of Plenty District
a342af4a-5d03-4dd2-a66e-a11d1550823f,10.0,High Producing Exotic Grassland,,Western Bay of Plenty District
a3468580-2644-4bab-ad05-5debe5c45e38,8.0,High Producing Exotic Grassland,,Western Bay of Plenty District
a3481c3f-62de-4140-af2b-49c075c79341,10.0,High Producing Exotic Grassland,,Ōpōtiki District
a34e3a58-8f1c-40ff-83b7-d26e2ede93e0,10.0,High Producing Exotic Grassland,,Western Bay of Plenty District
a35cb094-b11f-47f1-8079-5b9808b78ba8,8.0,High Producing Exotic Grassland,,Western Bay of Plenty District
a3623685-877c-406b-8eee-8933af7cf622,10.0,High Producing Exotic Grassland,,Western Bay of Plenty District
a3632ff5-6873-4628-b61f-b57323ce1a4d,10.0,Exotic Forest,,Western Bay of Plenty District
a369a973-ac18-4067-811d-da996e4c65b2,8.0,High Producing Exotic Grassland,,Western Bay of Plenty District
a38f593c-fa1d-4262-a5fa-e6c6954fea48,10.0,High Producing Exotic Grassland,,Western Bay of Plenty District
a3938b32-3c72-4474-933a-7141c358f269,10.0,High Producing Exotic Grassland,,Western Bay of Plenty District
a399ae3f-e199-42a9-931f-0def2ea87ec3,8.4,High Producing Exotic Grassland,,Whakatane District
a3b72f8d-2c37-4ab4-b596-ba5a5e3901c6,8.0,Deciduous Hardwoods,,Whakatane District
a3b862dc-8792-4f6c-9c96-c41ff047c27e,8.0,High Producing Exotic Grassland,,Whakatane District
a3c43d70-a832-4787-8c85-6a63ce3fae19,8.0,High Producing Exotic Grassland,,Whakatane District
a3e999f6-755c-4914-8aec-f61c90d3a364,8.4,Short-rotation Cropland,,Whakatane District
a3ecdc75-1c93-46f8-a70f-a86d0484289b,8.0,High Producing Exotic Grassland,,Whakatane District
a3f4305c-91d1-45c7-81e0-31df88493b07,8.0,Indigenous Forest,Te Puke,Western Bay of Plenty District
a3f6e07f-2a5f-45ab-bee4-cb6c089e84b4,8.0,High Producing Exotic Grassland,Pongakawa,Western Bay of Plenty District
a406274f-1137-461a-85e3-dcd612289ed4,10.0,High Producing Exotic Grassland,,Western Bay of Plenty District
a409ff7b-1736-4d45-9a13-6a55f2f146c6,10.0,High Producing Exotic Grassland,,Western Bay of Plenty District
a40f3dd4-229e-46b1-a40e-574195f25cf0,10.0,Built-up Area (settlement),,Tauranga City
a410feb1-82c4-403d-b1f5-c97f9b8af732,8.0,High Producing Exotic Grassland,,Western Bay of Plenty District
a41649df-ffdb-46f6-bf27-817add90fb91,8.4,High Producing Exotic Grassland,,Ōpōtiki District
a419e693-6e60-4511-ac4e-866e33b3b35b,8.0,High Producing Exotic Grassland,,Whakatane District
a41eac93-6bbc-4c74-98e3-50c363e48e84,10.0,Indigenous Forest,,Western Bay of Plenty District
a4319249-073a-43f8-ae6f-4583e2299508,10.0,Deciduous Hardwoods,,Western Bay of Plenty District
a44ecf5c-1039-4305-8816-212e18734f1b,10.0,High Producing Exotic Grassland,,Western Bay of Plenty District
a45adc8f-61c9-4b32-ad20-2166f92d578d,8.0,High Producing Exotic Grassland,,Whakatane District
a4640516-5626-455f-bbfd-af5466eb30f6,9.6,High Producing Exotic Grassland,,Western Bay of Plenty District
a464937c-0d35-4bf8-870f-e029ba2ed79a,10.0,Broadleaved Indigenous Hardwoods,,Ōpōtiki District
a4659220-1c7d-4e56-8de3-62b546bccc6f,10.0,High Producing Exotic Grassland,,Western Bay of Plenty District
a477faec-ceb7-42eb-be25-1aed2bae3474,9.6,Broadleaved Indigenous Hardwoods,,Western Bay of Plenty District
a47d4bf9-8be8-477a-b8ed-13383a5291a1,10.0,Built-up Area (settlement),Tauranga,Tauranga City
a4838018-dda5-489d-934c-0ce0ff31e04d,8.0,High Producing Exotic Grassland,,Whakatane District
a484d37a-b5f5-453b-b14f-0b29ede86943,10.0,High Producing Exotic Grassland,,Western Bay of Plenty District
a485f61a-568a-4110-a6ad-fd1fc26ddfd2,10.0,Indigenous Forest,,Western Bay of Plenty District
a48ee9ad-d516-48a9-beb2-a967fd8cc7f9,8.0,High Producing Exotic Grassland,,Western Bay of Plenty District
a4915646-ffd2-4513-ba47-963cdc7712ca,8.0,Built-up Area (settlement),Tauranga,Tauranga City
a498a39d-7b3d-4b23-88fe-2df6bb438b02,8.4,Short-rotation Cropland,,Whakatane District
a498efc5-c07d-4850-a130-2b53dcded61e,8.4,Manuka and/or Kanuka,,Ōpōtiki District
a49a2a77-0875-4ccd-ba04-d2f541e598a4,10.0,High Producing Exotic Grassland,,Western Bay of Plenty District
a49af8ba-a30a-4774-bf4e-cedd17040a7a,10.0,High Producing Exotic Grassland,,Western Bay of Plenty District
a4a3f468-ba20-47a5-a212-aba63477b106,10.0,High Producing Exotic Grassland,,Western Bay of Plenty District
a4b0cbbb-c2cd-482b-b7ce-1e9aad85867f,10.0,Urban Parkland/Open Space,Tauranga,Tauranga City
a4cb06d1-a952-4d6a-b843-964f71464237,10.0,High Producing Exotic Grassland,,Western Bay of Plenty District
a4d181fd-0bfb-47a7-acf1-59387f907963,10.0,Manuka and/or Kanuka,,Western Bay of Plenty District
a4d9bde7-f481-42e5-8ad9-1b1a3e13794f,8.0,High Producing Exotic Grassland,,Whakatane District
a4dc182a-9205-4025-b2a1-5f7196137684,10.0,Indigenous Forest,,Western Bay of Plenty District
a4dde420-b304-4586-8182-1244f065c1da,8.0,High Producing Exotic Grassland,,Whakatane District
a4e43860-e830-4f8e-8092-eaaeecd96a6f,9.6,High Producing Exotic Grassland,,Western Bay of Plenty District
a4eb2227-91cf-47af-9d58-acbaf9dfede8,8.0,High Producing Exotic Grassland,Te Puke,Western Bay of Plenty District
a4ebff70-23aa-4066-8e1d-906e3d677603,10.0,High Producing Exotic Grassland,,Western Bay of Plenty District
a4f9682b-d856-47a1-b8f4-798f30c49d3f,10.0,High Producing Exotic Grassland,,Western Bay of Plenty District
a5003096-9b52-483d-970b-1d0b4319bc3d,9.6,Manuka and/or Kanuka,,Whakatane District
a5014f5b-05a2-412e-b710-89688b6e626b,10.0,High Producing Exotic Grassland,,Whakatane District
a506ccd1-f15d-4ae8-9fcc-dc7ab01f229c,8.0,High Producing Exotic Grassland,,Whakatane District
a509f26e-0656-4602-8f0b-35bcb7e365aa,8.0,High Producing Exotic Grassland,Pongakawa,Western Bay of Plenty District
a50b9ceb-27df-4515-ab78-5ff12e08e0f3,10.0,Built-up Area (settlement),Tauranga,Tauranga City
a517b6c6-8c5c-4005-8e49-7af4e0cae9ec,10.0,High Producing Exotic Grassland,,Ōpōtiki District
a518b4ad-e0f0-4d0a-9dd4-17237c60bd9d,8.0,Manuka and/or Kanuka,,Whakatane District
a51e9e52-ef61-46b8-a6cc-5495142c2068,8.0,High Producing Exotic Grassland,,Whakatane District
a5252bf3-f0a3-463c-8feb-1ae7763a3ca5,10.0,High Producing Exotic Grassland,,Western Bay of Plenty District
a52d46db-a193-4dbc-ab27-168a0d35c9b8,10.0,High Producing Exotic Grassland,,Western Bay of Plenty District
a52e653c-e1a4-4290-afcf-11aae9c6ed91,10.0,Broadleaved Indigenous Hardwoods,,Western Bay of Plenty District
a53346ac-0881-4a8e-9a18-16f75f5eb422,8.4,High Producing Exotic Grassland,,Ōpōtiki District
a53bb437-1a51-49f4-9452-5dfd890f36b1,10.0,High Producing Exotic Grassland,,Western Bay of Plenty District
a53e9498-8ec4-4625-bf8d-7f874fed1b45,10.0,Urban Parkland/Open Space,Tauranga,Tauranga City
a544cb18-1a4f-4efe-bbc6-b42a3093953b,10.0,High Producing Exotic Grassland,,Ōpōtiki District
a545d2a1-d2f7-44f4-8008-96168081ee26,10.0,High Producing Exotic Grassland,,Western Bay of Plenty District
a54d701d-3522-48bc-9449-66433c468ad8,9.6,Manuka and/or Kanuka,,Whakatane District
a5530bc4-cdcc-4836-a7eb-ffc24a2d317a,10.0,High Producing Exotic Grassland,,Western Bay of Plenty District
a55953da-b72e-474b-97a3-f35c0a99b8d6,10.0,High Producing Exotic Grassland,Tauranga,Western Bay of Plenty District
a55b0d87-5167-4011-bba5-8ca6d634fab9,10.0,High Producing Exotic Grassland,,Western Bay of Plenty District
a5622032-faf9-4d06-a7ec-36943ae0c0a9,10.0,High Producing Exotic Grassland,Tauranga,Western Bay of Plenty District
a5631d43-b8c3-4e47-8cc0-8853a014183a,10.0,High Producing Exotic Grassland,Tauranga,Western Bay of Plenty District
a563e16e-b6a6-4c7a-876e-9a49ffbaf709,10.0,High Producing Exotic Grassland,,Western Bay of Plenty District
a578b973-8385-4dc4-9a1d-4a91ecff47fa,9.6,Indigenous Forest,,Western Bay of Plenty District
a57cbad6-2cd4-4c8a-8e7d-5cd06d1be5e7,10.0,High Producing Exotic Grassland,,Western Bay of Plenty District
a5833ec9-cb18-4dd5-8b51-7912f13155c0,10.0,High Producing Exotic Grassland,,Western Bay of Plenty District
a588fa21-8a1d-44b5-a2d5-e51c22bd196d,10.0,Deciduous Hardwoods,,Western Bay of Plenty District
a58d5104-cdda-4f58-b7a2-c81f5da91721,10.0,High Producing Exotic Grassland,,Western Bay of Plenty District
a599d90b-5e48-4eed-be11-b4d6c9246772,10.0,High Producing Exotic Grassland,,Western Bay of Plenty District
a5a961ac-0805-43c1-83fd-b5baa9ba09a9,8.0,High Producing Exotic Grassland,,Whakatane District
a5af2811-2e7c-42c5-81cb-a2ca85ac5319,10.0,High Producing Exotic Grassland,,Ōpōtiki District
a5b1a04b-2150-4932-97da-eb1ce1a30ebb,10.0,High Producing Exotic Grassland,,Western Bay of Plenty District
a5b49eb5-223f-4ec7-8135-201aa1acc030,8.0,High Producing Exotic Grassland,,Western Bay of Plenty District
a5c7de6e-6a93-4e00-b920-816c7740c5b3,10.0,High Producing Exotic Grassland,,Western Bay of Plenty District
a5cc966f-b1ca-414a-aa21-25432961b994,10.0,High Producing Exotic Grassland,,Ōpōtiki District
a5cdbfe3-fe90-45cd-b13c-5436e00c3ca1,8.0,High Producing Exotic Grassland,,Whakatane District
a5cfc110-e7b1-427e-8b86-f6a81fb4fb51,10.0,High Producing Exotic Grassland,Tauranga,Tauranga City
a5d9640c-aea5-4600-9e22-fc7875ef8c7e,8.0,High Producing Exotic Grassland,,Whakatane District
a5db9e19-f376-454d-9ede-90bf35f38a5a,10.0,High Producing Exotic Grassland,Tauranga,Tauranga City
a5dd3faa-789c-471c-9994-5f4c7a5e2e3d,10.0,High Producing Exotic Grassland,,Western Bay of Plenty District
a5e85d1c-097a-4a5b-81b8-17281ba79402,10.0,Indigenous Forest,,Western Bay of Plenty District
a5eb3c24-754b-4385-969e-ddc033dacc3e,8.0,High Producing Exotic Grassland,Te Puke,Western Bay of Plenty District
a5eba434-2cf0-479d-ada4-2ae8e7d2d120,10.0,High Producing Exotic Grassland,,Western Bay of Plenty District
a5f79213-3e90-4743-aceb-f5f1b5b118f5,10.0,Built-up Area (settlement),Tauranga,Tauranga City
a5faa7ae-bacd-49d5-a022-7fe23fdfd747,10.0,High Producing Exotic Grassland,,Western Bay of Plenty District
a6001821-4cc9-473c-96ea-b13f059daf2b,8.0,High Producing Exotic Grassland,,Western Bay of Plenty District
a6146895-fc89-431d-beea-a1449bea53cc,8.0,Broadleaved Indigenous Hardwoods,,Whakatane District
a61a66bb-a9d7-454c-8e9c-d44029811643,10.0,High Producing Exotic Grassland,Tauranga,Tauranga City
a625fb0f-954a-43e6-86e3-2106e29fdd31,8.0,Exotic Forest,,Whakatane District
a628fb77-9016-4c8e-928a-06233ac325ec,8.0,Indigenous Forest,Te Puke,Western Bay of Plenty District
a62baa87-eb9a-470a-b669-1b4ee2b1a575,10.0,High Producing Exotic Grassland,,Western Bay of Plenty District
a62f86ca-5089-430d-8317-9e8b04e02568,10.0,Indigenous Forest,Tauranga,Western Bay of Plenty District
a633977f-88ec-48df-8287-95e8d516a012,8.0,High Producing Exotic Grassland,,Whakatane District
a638e17e-7458-4ef9-be7f-39d10207acb6,10.0,High Producing Exotic Grassland,,Western Bay of Plenty District
a63ef317-5046-4964-9c42-2894a94ef1a8,8.0,High Producing Exotic Grassland,,Whakatane District
a64c405d-16e1-4211-8236-88212d6ca9a7,10.0,High Producing Exotic Grassland,,Western Bay of Plenty District
a66197b1-6836-4b28-8e72-8c0ff3012b01,8.0,High Producing Exotic Grassland,,Whakatane District
a66bba7c-84d3-4afb-8d6f-828ba1ae4032,10.0,High Producing Exotic Grassland,,Whakatane District
a66dd81f-80b0-4d0f-b10e-8a896b773e46,10.0,High Producing Exotic Grassland,Tauranga,Tauranga City
a672431c-b1ee-4477-ac81-87ea6decf519,8.0,High Producing Exotic Grassland,,Whakatane District
a673de1d-d1ce-4017-86df-cd67b1bb51cc,10.0,High Producing Exotic Grassland,,Western Bay of Plenty District
a676ba6f-099c-40ec-944f-aee22e02773e,10.0,Urban Parkland/Open Space,Tauranga,Tauranga City
a676feec-fb9a-4c6f-90eb-eb3d7dc783d1,10.0,High Producing Exotic Grassland,,Western Bay of Plenty District
a67b7a41-b895-42bd-958c-812f0e24c1d1,8.8,High Producing Exotic Grassland,,Western Bay of Plenty District
a681008a-6abe-474a-b84d-f716601e0295,10.0,Built-up Area (settlement),Tauranga,Tauranga City
a6831452-40a5-4d48-b619-b3283fbe6c50,10.0,High Producing Exotic Grassland,,Western Bay of Plenty District
a68a61f7-0c30-4471-b1f1-e673ac656c72,10.0,High Producing Exotic Grassland,,Western Bay of Plenty District
a6970e90-0db0-4429-85bb-b23b7f17619d,10.0,High Producing Exotic Grassland,,Western Bay of Plenty District
a6b23ca3-f2ff-4762-9332-b1aa2d0980f4,10.0,Indigenous Forest,,Western Bay of Plenty District
a6b56067-6837-4331-a3f5-8df02b8d3976,10.0,High Producing Exotic Grassland,,Ōpōtiki District
a6c987c0-f829-429a-835d-5164ba35520b,8.4,High Producing Exotic Grassland,,Ōpōtiki District
a6d09a73-da45-407b-8d48-665fa2dad7e9,10.0,High Producing Exotic Grassland,,Western Bay of Plenty District
a6e5509c-1ccb-4d15-b21f-ab6ad9dae672,8.0,Indigenous Forest,,Whakatane District
a6ef2e33-8846-4ef7-a264-cebce6480d4c,8.0,High Producing Exotic Grassland,,Whakatane District
a701f9b8-92e4-44cd-b207-d101d7698d72,10.0,High Producing Exotic Grassland,,Western Bay of Plenty District
a70498d2-8955-4c75-966c-a429a8aaacc5,10.0,High Producing Exotic Grassland,,Western Bay of Plenty District
a7085de0-add7-4d17-9075-dc72d08f860d,8.0,High Producing Exotic Grassland,,Whakatane District
a710cd16-4388-4fd0-8a24-fe43b47c152c,10.0,High Producing Exotic Grassland,,Western Bay of Plenty District
a712480e-661b-40f9-a130-4a1076312260,8.0,High Producing Exotic Grassland,,Whakatane District
a7159181-7fc8-4388-8b9a-ee0d8796a06b,10.0,High Producing Exotic Grassland,,Ōpōtiki District
a718e063-1921-42a6-94f9-e8986aad96ca,8.0,Built-up Area (settlement),,Tauranga City
a727b1f6-d612-4560-858e-78914084e6f1,8.8,High Producing Exotic Grassland,,Western Bay of Plenty District
a72c8eac-677d-4689-b021-3691e897f24a,10.0,High Producing Exotic Grassland,,Western Bay of Plenty District
a72e12e2-d9c0-4108-85df-111f59a56278,10.0,Deciduous Hardwoods,,Western Bay of Plenty District
a7315055-1356-4d8f-ba86-70e92cdedff6,10.0,Mixed Exotic Shrubland,Te Puke,Western Bay of Plenty District
a73673e0-0bf4-4657-ac0d-9a25ff5108ab,10.0,Deciduous Hardwoods,,Western Bay of Plenty District
a73fb5d6-e6fa-4015-b2ab-da6301471009,10.0,High Producing Exotic Grassland,,Western Bay of Plenty District
a746529c-4957-429b-8e82-2f787f1283ab,10.0,High Producing Exotic Grassland,,Western Bay of Plenty District
a749bd3a-1a12-4b02-a837-76754c363549,10.0,High Producing Exotic Grassland,,Western Bay of Plenty District
a74aca56-a11c-4546-bdf1-46b287ace718,10.0,High Producing Exotic Grassland,,Western Bay of Plenty District
a74b1f57-b1a7-4f8d-a9e3-7d71d222f3ab,10.0,Broadleaved Indigenous Hardwoods,,Western Bay of Plenty District
a74f85e1-ec7b-42be-95a9-2c4565901a17,8.4,High Producing Exotic Grassland,,Ōpōtiki District
a7574de6-ec94-430f-bb77-1ed8b4eb21a1,10.0,High Producing Exotic Grassland,,Western Bay of Plenty District
a760b103-b8a5-4724-afe9-674ae8a0f564,10.0,High Producing Exotic Grassland,,Western Bay of Plenty District
a776cd87-01ec-4e55-9d87-9a05e5498cd5,8.4,High Producing Exotic Grassland,,Whakatane District
a7861a71-8e58-4e16-b381-cf74be83118a,10.0,High Producing Exotic Grassland,,Ōpōtiki District
a7922950-7480-4fad-ae2f-5a3b81918a9a,10.0,High Producing Exotic Grassland,,Whakatane District
a7a30560-ea80-491d-9d5a-4c731b595781,8.0,High Producing Exotic Grassland,,Whakatane District
a7a3f3d0-010a-445f-92ac-3dab04025148,10.0,Indigenous Forest,Tauranga,Western Bay of Plenty District
a7ab92b2-4ca5-45ab-a40d-8646a88ebfa6,8.0,High Producing Exotic Grassland,,Whakatane District
a7b69c5c-e08b-4972-9d2e-1e14744d558c,10.0,High Producing Exotic Grassland,,Western Bay of Plenty District
a7b828ad-1931-4c7f-9107-43ed5114f764,8.0,High Producing Exotic Grassland,Pongakawa,Western Bay of Plenty District
a7c1a4e3-5e8c-494d-a765-1890665837ad,10.0,High Producing Exotic Grassland,,Western Bay of Plenty District
a7dbfdeb-ceeb-4895-a256-90b379a5c7f6,10.0,Broadleaved Indigenous Hardwoods,Te Puke,Western Bay of Plenty District
a7de5ad1-217b-404c-a0a6-9fa18d0ba781,10.0,High Producing Exotic Grassland,Tauranga,Western Bay of Plenty District
a7f0ccbf-98ac-44c4-a072-215e9f2caef4,10.0,Broadleaved Indigenous Hardwoods,,Western Bay of Plenty District
a7f300e2-ad7e-419f-8f41-6371208b46ce,8.0,High Producing Exotic Grassland,,Whakatane District
a7f47354-466a-48f9-86ad-4a5ce1759d56,9.6,Indigenous Forest,,Western Bay of Plenty District
a7f6e34f-474d-4b12-8845-64d031f4dd33,9.6,High Producing Exotic Grassland,,Western Bay of Plenty District
a7faca57-3501-4aab-9134-8efe7d658f45,10.0,High Producing Exotic Grassland,,Western Bay of Plenty District
a7fb484a-2d05-479b-ab5f-f11f1b0e85ad,8.0,Exotic Forest,,Whakatane District
a8120c45-43f3-4b8b-852a-d25d18677393,8.8,High Producing Exotic Grassland,,Western Bay of Plenty District
a8130389-9418-4950-a853-2bbab3c2eb0a,8.0,Indigenous Forest,,Whakatane District
a81f635c-9bc8-4ede-89ab-2f994101eed3,10.0,Urban Parkland/Open Space,Tauranga,Tauranga City
a8317775-af8a-4f33-b359-6536f23d9e8e,8.0,High Producing Exotic Grassland,,Whakatane District
a83884d8-87e8-497f-9b1f-b942f2a45784,10.0,High Producing Exotic Grassland,,Western Bay of Plenty District
a8399905-363c-4d5f-b421-62a722a864e2,10.0,High Producing Exotic Grassland,,Western Bay of Plenty District
a845b45e-63a2-4196-afa3-9ac61eb221e2,8.8,High Producing Exotic Grassland,,Western Bay of Plenty District
a84a7910-ae6d-4bc9-8561-f671b65627af,10.0,Exotic Forest,,Western Bay of Plenty District
a84e800f-5825-4561-b71a-dc28b510322d,10.0,Indigenous Forest,,Western Bay of Plenty District
a851a315-44dd-4cea-8ebf-ea5e66e6ef8d,8.0,High Producing Exotic Grassland,Pongakawa,Western Bay of Plenty District
a858d357-f70f-414f-a7b0-ab62fb8ed3d3,10.0,High Producing Exotic Grassland,,Ōpōtiki District
a85aba60-e1b9-4bac-93e4-2a9499b00211,9.6,Gorse and/or Broom,Tauranga,Western Bay of Plenty District
a87435c4-d478-40bc-a543-b1fddc5f0c2b,8.0,High Producing Exotic Grassland,Te Puke,Western Bay of Plenty District
a8757b12-cda3-4f7e-a613-21719349fba7,10.0,High Producing Exotic Grassland,,Western Bay of Plenty District
a8757e90-ab23-4de6-9370-bcb0c68b3e73,10.0,High Producing Exotic Grassland,Tauranga,Tauranga City
a875e1a3-6d91-4ac6-b9f1-94224337a6dd,9.5,High Producing Exotic Grassland,,Ōpōtiki District
a879b2ec-cabb-49b0-8463-dc6f38fe8434,8.0,High Producing Exotic Grassland,,Whakatane District
a87d898f-07a8-47bb-b007-81cbaa528533,8.8,High Producing Exotic Grassland,,Western Bay of Plenty District
a882a9ca-51e1-4e82-a65e-2eab5e54ac1f,8.4,High Producing Exotic Grassland,,Ōpōtiki District
a88cd032-c2fc-4f96-8a21-fd9f96d1985a,10.0,High Producing Exotic Grassland,,Western Bay of Plenty District
a893c4ff-b05f-48a5-9c18-858c5a7f8d1b,10.0,High Producing Exotic Grassland,,Western Bay of Plenty District
a898d276-1c7a-4ca4-b6f6-6ac34aba0daa,8.0,High Producing Exotic Grassland,,Whakatane District
a89acf8f-91ed-4566-9ba5-d744ab8445d0,10.0,High Producing Exotic Grassland,,Western Bay of Plenty District
a89af0c4-d11b-4e2c-ae54-0ad64c8f4896,8.0,High Producing Exotic Grassland,,Whakatane District
a8a2a194-e178-448a-bffa-2c7ff3cffb17,9.6,Broadleaved Indigenous Hardwoods,,Whakatane District
a8a3e0ab-b8f1-430c-898b-4a5a8011cf4b,9.6,Indigenous Forest,,Western Bay of Plenty District
a8a52c31-8836-4d12-87c4-8524f2f862e8,8.4,High Producing Exotic Grassland,,Ōpōtiki District
a8aa321a-70b2-4181-b005-40a8fb8771f5,10.0,High Producing Exotic Grassland,,Western Bay of Plenty District
a8ad4d73-aec7-482a-b1d1-ea8c540959b3,8.4,Short-rotation Cropland,,Ōpōtiki District
a8b2395c-f017-4546-92c5-de10f6b96eb2,10.0,High Producing Exotic Grassland,,Western Bay of Plenty District
a8bf0458-6e64-453f-ba47-81587a1b2ed3,8.0,High Producing Exotic Grassland,,Whakatane District
a8c5851f-6788-48b0-93c9-73519312f283,9.6,Indigenous Forest,,Western Bay of Plenty District
a8d35801-fc95-477e-9fe3-3193fcaf6c08,10.0,High Producing Exotic Grassland,,Western Bay of Plenty District
a8d8e17a-c6b6-4510-8219-18567328e598,10.0,High Producing Exotic Grassland,,Ōpōtiki District
a8ef188c-6aae-43fd-b191-e991318d3fcf,10.0,High Producing Exotic Grassland,,Western Bay of Plenty District
a8f307ed-7818-45ec-9e22-f122f22515f1,10.0,High Producing Exotic Grassland,,Ōpōtiki District
a8f9cdea-aced-4f1e-835f-c5607c8d0be6,8.0,Built-up Area (settlement),,Tauranga City
a8fdca2b-e662-495d-b254-c1394d599f6e,10.0,High Producing Exotic Grassland,,Western Bay of Plenty District
a91bf5f6-6cc7-464e-ae66-219c609906fe,8.0,High Producing Exotic Grassland,,Ōpōtiki District
a91d4306-be9f-4fe2-ae92-8ae70d1f9860,10.0,High Producing Exotic Grassland,,Ōpōtiki District
a91d5514-0fd4-4d45-a919-d4c97d09bd72,10.0,High Producing Exotic Grassland,Tauranga,Tauranga City
a925ab22-2f63-4b02-9941-4628e5f44805,10.0,High Producing Exotic Grassland,Tauranga,Western Bay of Plenty District
a92b1747-a2ec-4ce4-b56a-5d6f1c573b3a,10.0,Gorse and/or Broom,,Western Bay of Plenty District
a931fca4-9f6a-432f-bf62-9033786c0632,8.8,Exotic Forest,,Western Bay of Plenty District
a9320838-a14c-477c-9d8b-d40b96856490,8.0,High Producing Exotic Grassland,,Western Bay of Plenty District
a933b19f-ace3-46f3-9d37-bf0b3dce1df9,8.0,Gorse and/or Broom,,Whakatane District
a9364dc4-c5d2-4601-a185-99559ab89460,8.4,High Producing Exotic Grassland,Tauranga,Tauranga City
a9502888-12c8-4a00-839c-a6c0402e516e,10.0,High Producing Exotic Grassland,,Ōpōtiki District
a9517710-8275-4fdf-8ad7-140cf31bdf9e,10.0,High Producing Exotic Grassland,Tauranga,Tauranga City
a951e432-1c3b-4f2e-a374-f18bb5ee330b,10.0,High Producing Exotic Grassland,,Western Bay of Plenty District
a9573602-4ae0-461a-9950-83089ea1cf36,10.0,High Producing Exotic Grassland,Tauranga,Tauranga City
a95bc2de-d8ba-4e39-b25d-cb4e52e3aeec,8.8,High Producing Exotic Grassland,,Western Bay of Plenty District
a9696f5d-befc-46b4-839c-620b5cdabb15,8.8,High Producing Exotic Grassland,,Western Bay of Plenty District
a969c949-fcb1-4d1e-be91-b62e17db1d78,8.0,Built-up Area (settlement),Tauranga,Tauranga City
a9702cc5-791f-439e-ac0f-10e7979f872b,10.0,High Producing Exotic Grassland,,Western Bay of Plenty District
a97531fc-20cc-48d1-96ce-fd9550344971,10.0,High Producing Exotic Grassland,,Ōpōtiki District
a97d3ffd-9dee-4aa4-a8e8-719829d77d71,8.8,Indigenous Forest,,Western Bay of Plenty District
a98d9952-0efb-4d91-ba92-3efd6de13a64,10.0,High Producing Exotic Grassland,,Western Bay of Plenty District
a997f04d-1af5-4a4f-88af-eba9a7aa79a4,10.0,High Producing Exotic Grassland,,Ōpōtiki District
a99be3aa-e4d9-464a-90ff-04da646c4301,8.0,Built-up Area (settlement),Te Puke,Western Bay of Plenty District
a9a0a48d-bcb9-4887-9dfb-83892191001d,8.0,High Producing Exotic Grassland,,Whakatane District
a9a0e971-1300-407c-b15a-6377ab328cd4,10.0,High Producing Exotic Grassland,,Whakatane District
a9aab2b6-8512-4f8e-bd99-7c7b2c487079,8.0,High Producing Exotic Grassland,,Whakatane District
a9b3395e-1583-4a8e-8bd2-3c6b94142aab,10.0,High Producing Exotic Grassland,,Western Bay of Plenty District
a9b8c401-0b20-4c0a-b535-0964b294a62f,10.0,High Producing Exotic Grassland,,Western Bay of Plenty District
a9bde585-19bc-4b13-bc68-2eb96ebb87c4,10.0,High Producing Exotic Grassland,,Whakatane District
a9bf608d-345f-413d-96b6-a236aef2bd40,8.2,High Producing Exotic Grassland,,Ōpōtiki District
a9cbddd7-2bbb-40bf-8318-f280d5283b8e,10.0,High Producing Exotic Grassland,,Western Bay of Plenty District
a9d98b24-8bdb-4655-8da5-5ca917ac185a,10.0,High Producing Exotic Grassland,,Western Bay of Plenty District
a9de4b11-dac4-49de-b20b-d65a982c4796,10.0,High Producing Exotic Grassland,Tauranga,Tauranga City
a9e5897c-a387-44ff-b2e8-c043cbccd2c7,10.0,High Producing Exotic Grassland,,Western Bay of Plenty District
a9e9a210-8453-41b8-be07-f4ee15d417e7,10.0,High Producing Exotic Grassland,,Western Bay of Plenty District
a9ec537d-9376-47f4-bfd5-21e64866c500,8.4,High Producing Exotic Grassland,,Ōpōtiki District
a9ecfd39-ff9d-4ca8-87e2-2406b28df7ea,10.0,High Producing Exotic Grassland,,Western Bay of Plenty District
a9fa248e-8357-4b88-aa51-25758bb230a2,10.0,High Producing Exotic Grassland,Tauranga,Tauranga City
a9fb5925-be34-4290-8c02-d9702e116bb7,10.0,High Producing Exotic Grassland,,Western Bay of Plenty District
aa04b4b0-f772-4658-b9bc-c1a8ece1c134,10.0,High Producing Exotic Grassland,,Western Bay of Plenty District
aa083946-2190-4951-a14e-95d5c20646c5,8.0,High Producing Exotic Grassland,,Western Bay of Plenty District
aa104c82-5975-4652-8d80-f0f0f6e49d84,8.0,High Producing Exotic Grassland,,Whakatane District
aa275574-ea0e-4edf-907e-e45a3e9d1a4d,10.0,High Producing Exotic Grassland,Tauranga,Western Bay of Plenty District
aa3bf9bd-2dcb-4f7c-8247-674c7c4b1a3d,10.0,High Producing Exotic Grassland,Tauranga,Western Bay of Plenty District
aa3e2743-2f4c-4235-ae56-dfb94ae4f09a,8.0,Indigenous Forest,,Western Bay of Plenty District
aa5bb136-7e3f-47b9-85a1-638231b5a11f,8.0,High Producing Exotic Grassland,Pongakawa,Western Bay of Plenty District
aa5ffa9e-b79e-49dd-9a21-1a9df56f91ec,10.0,High Producing Exotic Grassland,,Tauranga City
aa6caf04-18cf-4c01-9fbe-89eec2a5a5b8,8.0,Forest - Harvested,,Whakatane District
aa70e190-ec4a-4646-83a8-b40d8cd0c741,10.0,High Producing Exotic Grassland,,Western Bay of Plenty District
aa723e4b-ceba-4a93-8df4-6708f09684e8,10.0,High Producing Exotic Grassland,,Western Bay of Plenty District
aa755916-2758-402d-8219-df809c310e93,10.0,High Producing Exotic Grassland,,Western Bay of Plenty District
aa797887-0ffa-4bd2-9844-f177eba72a7f,10.0,Broadleaved Indigenous Hardwoods,,Whakatane District
aa7b17f7-a4ae-4361-9275-fb5e8016d2e4,10.0,Exotic Forest,,Western Bay of Plenty District
aa8b4dec-e695-458d-a84b-e53d32d3c1ac,8.0,Short-rotation Cropland,,Whakatane District
aa93f31b-2951-477f-bcfa-7b8af1d6330a,8.0,High Producing Exotic Grassland,Te Puke,Western Bay of Plenty District
aa9a7ea4-36f1-42ad-a036-6b00ea66fc00,10.0,High Producing Exotic Grassland,,Western Bay of Plenty District
aa9f2958-f20a-4d21-8743-7782ec53891b,8.4,Indigenous Forest,,Ōpōtiki District
aaa17f26-e853-44fe-8f78-06382370697b,10.0,High Producing Exotic Grassland,Tauranga,Western Bay of Plenty District
aaa447a6-a04e-42ea-b0b1-870418431b38,10.0,High Producing Exotic Grassland,,Western Bay of Plenty District
aaadaab0-730a-4eb8-bd68-97f3c7f18d50,8.0,High Producing Exotic Grassland,,Whakatane District
aab14b67-93b8-4a3a-86d9-7904cfd0e34e,10.0,High Producing Exotic Grassland,,Ōpōtiki District
aab5871a-afce-4f24-8340-6ce971f9c4b0,10.0,High Producing Exotic Grassland,,Ōpōtiki District
aabc59bf-3850-441a-8b5c-353da57456f0,10.0,Indigenous Forest,,Ōpōtiki District
aac86b85-4a24-4e60-8a6f-07afd3d1bfad,8.0,High Producing Exotic Grassland,,Western Bay of Plenty District
aad41e56-14ca-447e-b01a-d66491fb9940,8.0,High Producing Exotic Grassland,,Whakatane District
aaf1194f-59dd-496e-90d6-626d476b4a37,8.4,High Producing Exotic Grassland,,Ōpōtiki District
aafc0008-0198-4934-8b2f-2703bd9e4515,8.0,Built-up Area (settlement),Tauranga,Tauranga City
ab019ce7-7ee6-44eb-be14-8e5402b92180,9.6,Indigenous Forest,,Whakatane District
ab08851b-f1ff-46aa-ade1-58ff95a69fba,10.0,Indigenous Forest,,Whakatane District
ab090954-41aa-4457-9ae5-4441465c6a8e,10.0,High Producing Exotic Grassland,,Western Bay of Plenty District
ab25b7c4-9417-4d2e-bc52-ac1596528b44,10.0,Gorse and/or Broom,,Western Bay of Plenty District
ab26ab73-1939-465d-a3f4-a790ba8247d1,10.0,Manuka and/or Kanuka,,Ōpōtiki District
ab415520-d116-46d9-9a81-37b80d81ab71,8.0,Exotic Forest,,Western Bay of Plenty District
ab42d2cf-709e-4727-b011-6168c7296b1f,8.4,Short-rotation Cropland,,Ōpōtiki District
ab4eb9ac-ab54-44a3-b636-1d012272255e,10.0,High Producing Exotic Grassland,,Western Bay of Plenty District
ab51c53b-7b4b-427a-b760-9a8005efed96,10.0,High Producing Exotic Grassland,Tauranga,Tauranga City
ab542086-5b21-4df5-b326-ca53e9aea6be,10.0,High Producing Exotic Grassland,,Western Bay of Plenty District
ab5e32f2-0ed8-4adb-a39a-38c551fd2934,10.0,Low Producing Grassland,,Ōpōtiki District
ab605091-346f-422e-959f-41b2bbef6e4d,8.0,High Producing Exotic Grassland,,Whakatane District
ab638d1a-c7d3-4aa9-a50e-ad6ae34e5259,10.0,High Producing Exotic Grassland,Te Puke,Western Bay of Plenty District
ab658218-465e-4734-9681-3d5fc8a8a6c6,8.8,High Producing Exotic Grassland,,Western Bay of Plenty District
ab69879f-5f61-4bc2-a049-6c666251df32,10.0,High Producing Exotic Grassland,,Western Bay of Plenty District
ab771d65-7828-401e-a586-d0694d7ac562,9.6,Indigenous Forest,,Western Bay of Plenty District
ab77e08b-69f0-4017-87e7-6d7b3e7fb055,8.4,High Producing Exotic Grassland,,Ōpōtiki District
ab81bcfb-6438-46e2-93b9-0618177295d7,10.0,High Producing Exotic Grassland,Tauranga,Western Bay of Plenty District
ab933f98-f7c9-468f-8b4f-703ca8ec8cc2,8.0,High Producing Exotic Grassland,,Whakatane District
ababda27-7697-41d4-9be1-668934254c51,10.0,Indigenous Forest,Te Puke,Western Bay of Plenty District
abb70f65-418c-4954-a0e7-3ed63c04dbfb,10.0,Broadleaved Indigenous Hardwoods,Tauranga,Tauranga City
abc83be6-8538-4fba-8cdf-9d7f514047ee,9.6,Indigenous Forest,,Western Bay of Plenty District
abd7509a-9f97-4962-b6ff-cd718986e0b9,10.0,High Producing Exotic Grassland,Tauranga,Tauranga City
abd97d5b-67f6-4964-bca7-4bbd5997cf7a,8.4,High Producing Exotic Grassland,,Whakatane District
abe1bf58-a38b-44c2-a9f2-6bc315af8ce2,8.0,High Producing Exotic Grassland,,Western Bay of Plenty District
abeac477-afb1-4f37-99dd-7b86819d4f21,10.0,Exotic Forest,,Western Bay of Plenty District
abf12db9-416f-4bdd-9a8e-f04767b5e8af,10.0,High Producing Exotic Grassland,,Western Bay of Plenty District
abf73daa-e230-4275-8800-b13cfdcc71f9,10.0,Exotic Forest,,Ōpōtiki District
abfb1f64-93ad-4166-b887-132544383c22,10.0,High Producing Exotic Grassland,,Western Bay of Plenty District
abfcc069-e55b-4843-a7eb-8d704910c190,10.0,High Producing Exotic Grassland,,Western Bay of Plenty District
abfe23cc-c63d-4e7e-9305-60e31ea06e5e,10.0,High Producing Exotic Grassland,,Western Bay of Plenty District
ac00f21d-9738-4652-9c66-33808f3fcab6,10.0,High Producing Exotic Grassland,,Western Bay of Plenty District
ac0218c7-c32b-42c8-b2c0-5c34433b701d,8.0,High Producing Exotic Grassland,Te Puke,Western Bay of Plenty District
ac060630-b11f-419c-ad51-305d6150d879,8.0,Exotic Forest,,Whakatane District
ac06660d-6b82-415a-8fbd-f25df7e6d534,10.0,High Producing Exotic Grassland,,Western Bay of Plenty District
ac0e3816-c08b-4e6f-9531-bad3e69a94f5,10.0,Indigenous Forest,Te Puke,Western Bay of Plenty District
ac12717b-5ffb-4ddd-9cb0-797a50bcb4c5,10.0,High Producing Exotic Grassland,,Ōpōtiki District
ac1cd353-f89d-45c8-a3bf-54405880fe57,10.0,Surface Mine or Dump,,Western Bay of Plenty District
ac1ce58e-9c59-49e2-ba46-41e28d689c98,8.0,High Producing Exotic Grassland,Pongakawa,Western Bay of Plenty District
ac27d44c-6b48-4b52-8bf9-5027edfed85d,10.0,High Producing Exotic Grassland,,Western Bay of Plenty District
ac4730db-7204-4708-b5b5-9dc7e99536dd,10.0,Built-up Area (settlement),Tauranga,Tauranga City
ac5a9a1e-e33d-43eb-89fe-1c3ee6ad16d3,10.0,High Producing Exotic Grassland,,Western Bay of Plenty District
ac64ee2e-4658-42dd-8bbd-ac66c5269e26,8.0,High Producing Exotic Grassland,,Whakatane District
ac714016-3d4e-4ab8-896e-e5d9021c178c,9.6,Exotic Forest,Tauranga,Tauranga City
ac79976c-741d-4774-a7fc-95d4958c9d6a,9.6,High Producing Exotic Grassland,Tauranga,Western Bay of Plenty District
ac79ccc4-84b7-4514-92f4-e9139a88b83c,8.0,Built-up Area (settlement),Te Puke,Western Bay of Plenty District
ac7bff76-59d8-4eb9-954f-05b3b56d674c,10.0,High Producing Exotic Grassland,Tauranga,Western Bay of Plenty District
ac833031-d585-44e7-af43-74d97bb09547,10.0,High Producing Exotic Grassland,Te Puke,Western Bay of Plenty District
ac871836-89e4-44ea-ab82-932ff335c7da,10.0,High Producing Exotic Grassland,,Ōpōtiki District
ac90b97f-ef90-465d-b602-b2ad47085054,10.0,Indigenous Forest,,Western Bay of Plenty District
ac951556-0569-4aea-a88a-e4d19ce7c9cf,10.0,High Producing Exotic Grassland,,Ōpōtiki District
ac95de42-40da-4705-af9f-f69fc34de02f,10.0,High Producing Exotic Grassland,,Whakatane District
ac99aa1f-fe99-4824-bfd4-0d7771ff7e33,8.0,Indigenous Forest,,Whakatane District
ac9fcdd4-4de5-4321-ab21-3dfac1d18f3a,10.0,Exotic Forest,,Western Bay of Plenty District
aca063b5-2c75-4595-bfd8-86915c0e4fc4,10.0,High Producing Exotic Grassland,,Western Bay of Plenty District
aca49f8f-9220-4075-9675-6490fe3857bf,10.0,High Producing Exotic Grassland,,Ōpōtiki District
acb4a880-f800-4d62-88f3-399ca3f4b350,10.0,High Producing Exotic Grassland,,Western Bay of Plenty District
acb68000-6c29-4058-881b-f97f84ffa01c,10.0,High Producing Exotic Grassland,Tauranga,Tauranga City
acb77130-47b4-4f82-b914-ba96b82500e5,10.0,High Producing Exotic Grassland,,Ōpōtiki District
acbac959-bac5-47d7-a1a7-e85facc3a871,10.0,High Producing Exotic Grassland,Tauranga,Western Bay of Plenty District
acc4bb9a-87b1-48fc-ae95-e94440b2f8fa,10.0,High Producing Exotic Grassland,,Western Bay of Plenty District
acd28fa7-b3f7-4793-99f3-a8c73efa56b8,8.4,High Producing Exotic Grassland,,Whakatane District
acd3b8f7-6698-4122-b19e-3efe96993c5a,8.4,High Producing Exotic Grassland,,Ōpōtiki District
acd67582-a133-4b5b-b238-277ca4c5126f,8.4,High Producing Exotic Grassland,,Whakatane District
ace4a4f3-dc5b-47b2-8c98-962c9ee07fe2,10.0,High Producing Exotic Grassland,,Western Bay of Plenty District
ace8ae88-e289-4f6d-b2f5-b37d00eb8467,8.0,High Producing Exotic Grassland,,Whakatane District
aceaf933-2035-46bc-a0db-6edc9d3eea01,9.6,Exotic Forest,,Whakatane District
acf27c81-7efa-4601-b6c2-c660dc20f81d,8.4,High Producing Exotic Grassland,,Ōpōtiki District
ad008292-7fb5-4dfc-9dd7-31061e46ec25,8.0,Short-rotation Cropland,,Whakatane District
ad01e545-dd82-437a-b822-24895b012764,10.0,High Producing Exotic Grassland,,Western Bay of Plenty District
ad121248-27ed-46ff-8129-9d44847ab491,10.0,Deciduous Hardwoods,Tauranga,Tauranga City
ad144a7b-62c4-4e7c-ae3b-4260cf8cfc18,8.4,High Producing Exotic Grassland,,Whakatane District
ad17b68e-14aa-4b1c-a840-ca57d911af11,10.0,Built-up Area (settlement),,Western Bay of Plenty District
ad185083-1cd0-4a2e-84d6-f01dc33d44b3,10.0,High Producing Exotic Grassland,,Ōpōtiki District
ad22a19b-44dd-401a-96fb-c2859147e7b6,8.4,Short-rotation Cropland,,Ōpōtiki District
ad27b848-a3e3-49b8-87d6-9aabb46f2330,10.0,High Producing Exotic Grassland,,Ōpōtiki District
ad310ccb-9465-433a-aaa2-46a8cf2c4f4f,10.0,High Producing Exotic Grassland,,Western Bay of Plenty District
ad3561ac-4d83-4442-9a4a-2d9ec26100c2,8.0,High Producing Exotic Grassland,,Western Bay of Plenty District
ad35cf00-b3fe-43e4-a275-880d1b87fab6,10.0,High Producing Exotic Grassland,,Western Bay of Plenty District
ad390c5d-1842-405c-aac3-4eac7b365557,9.6,High Producing Exotic Grassland,,Western Bay of Plenty District
ad3e743b-6d5b-40d1-8443-e6f2abb1ce83,10.0,High Producing Exotic Grassland,,Whakatane District
ad4a09fd-6cb0-46bb-90ce-b37e513d96fd,10.0,High Producing Exotic Grassland,,Western Bay of Plenty District
ad51c3b0-4bf3-49a7-9ffb-2e76e111cdd6,10.0,High Producing Exotic Grassland,,Western Bay of Plenty District
ad57978d-40b6-46a7-b3c6-8f0457633ece,8.8,High Producing Exotic Grassland,,Western Bay of Plenty District
ad5c0090-cba3-48a9-9bd1-6ec8df758b73,8.8,High Producing Exotic Grassland,,Western Bay of Plenty District
ad6444fa-1bcc-484f-b7bd-05073dd81abb,8.0,High Producing Exotic Grassland,,Western Bay of Plenty District
ad680ccf-387a-4035-98b0-41b51498d14c,10.0,High Producing Exotic Grassland,,Ōpōtiki District
ad6ddb7d-cd71-4f4f-a261-70752b003e2a,9.5,High Producing Exotic Grassland,,Western Bay of Plenty District
ad6e3b7a-ad28-496f-b0dd-625a0374d311,10.0,High Producing Exotic Grassland,,Western Bay of Plenty District
ad798ea8-724c-4790-aa56-bd2139ad1360,8.0,High Producing Exotic Grassland,Pongakawa,Western Bay of Plenty District
ad81a138-66c3-43a9-b9a4-9e3662612a7e,8.8,High Producing Exotic Grassland,,Western Bay of Plenty District
ada5e562-53ed-4fd1-a0eb-cf1b8c825528,8.0,High Producing Exotic Grassland,,Whakatane District
adaa73da-0cb7-4780-8cd5-1d19caebc48c,10.0,Indigenous Forest,,Ōpōtiki District
adac37d9-4b2d-416a-a469-af5ab0ea59c3,8.0,High Producing Exotic Grassland,Te Puke,Western Bay of Plenty District
adaf8153-e149-4ab5-bbe4-b22facaf5b11,10.0,High Producing Exotic Grassland,,Whakatane District
adafd924-420f-41de-9239-7df923733ed0,10.0,High Producing Exotic Grassland,,Western Bay of Plenty District
adbe97b3-082c-4a74-9028-bab7cfa21bd5,8.0,High Producing Exotic Grassland,,Whakatane District
add232cc-998a-4584-ad07-6e6838a33b83,8.0,High Producing Exotic Grassland,,Western Bay of Plenty District
add66df1-e79f-4040-84a6-2f4e96be459f,8.0,High Producing Exotic Grassland,,Western Bay of Plenty District
addd1ae8-edcd-436a-a6ef-990da9f262b8,10.0,High Producing Exotic Grassland,,Western Bay of Plenty District
adde773b-f38a-4049-b07f-8b199d9b00c8,8.8,Indigenous Forest,,Western Bay of Plenty District
addf7f9d-850f-4d6b-aaf2-918907e7d2f3,10.0,Exotic Forest,,Western Bay of Plenty District
ade3a00b-9376-4858-bd8b-33479d8b4b9c,9.6,Built-up Area (settlement),,Tauranga City
ade7c261-65dd-47a0-ba35-8cfc314e0a5c,10.0,High Producing Exotic Grassland,,Western Bay of Plenty District
adec5502-8105-4dfb-a7de-3cd576dc3b28,10.0,High Producing Exotic Grassland,,Western Bay of Plenty District
adefb1d6-ae00-4aa6-8073-6af873138557,9.6,Indigenous Forest,,Western Bay of Plenty District
adfcfe8c-e5dd-4229-9647-386a40a05ddb,10.0,High Producing Exotic Grassland,,Ōpōtiki District
adfd3427-985e-421f-8fe9-5077d6e40315,10.0,Built-up Area (settlement),,Western Bay of Plenty District
adffbe08-785a-4d88-a05a-78be8a56b5e5,10.0,High Producing Exotic Grassland,,Western Bay of Plenty District
ae0124d1-d88c-4d39-8917-241bf98d35db,10.0,High Producing Exotic Grassland,,Western Bay of Plenty District
ae05aec1-66cd-4584-a607-386ceb7d1aa3,10.0,Exotic Forest,Tauranga,Western Bay of Plenty District
ae104692-bc3c-40c6-80a2-0048f2b1103f,8.0,Indigenous Forest,Te Puke,Western Bay of Plenty District
ae29b033-9fc9-41cc-8366-da86d26e3587,10.0,High Producing Exotic Grassland,,Western Bay of Plenty District
ae353b5a-477f-467d-859e-747b7e052d18,10.0,High Producing Exotic Grassland,,Western Bay of Plenty District
ae36ed19-6202-4108-9bd1-ec469c323ed9,8.0,Urban Parkland/Open Space,,Whakatane District
ae39fcee-48db-4f7c-82df-8a7c411e8fb9,10.0,High Producing Exotic Grassland,,Tauranga City
ae3d7086-fc8a-49bf-a6a6-1e08a8f942d0,10.0,High Producing Exotic Grassland,Tauranga,Tauranga City
ae4d213a-d9f0-4554-8392-06111de95d52,10.0,High Producing Exotic Grassland,,Ōpōtiki District
ae4f981a-22e1-42b4-9018-c084b06e8f83,9.6,Indigenous Forest,,Western Bay of Plenty District
ae52a06a-2e48-4ca4-b92f-f659d8d67c6b,10.0,High Producing Exotic Grassland,,Western Bay of Plenty District
ae5870f2-79d5-4cef-8017-eb8c5299d0b2,10.0,Indigenous Forest,Tauranga,Western Bay of Plenty District
ae59c850-ca13-4d8c-a653-79294996408e,10.0,High Producing Exotic Grassland,,Western Bay of Plenty District
ae5f7122-dc8e-481f-84e0-a1651395b157,8.0,Indigenous Forest,,Western Bay of Plenty District
ae618f3b-cdae-4d85-bae7-69783a1270c9,10.0,High Producing Exotic Grassland,Tauranga,Western Bay of Plenty District
ae6b25eb-6a11-49df-a15b-59130c4b4ece,10.0,High Producing Exotic Grassland,,Western Bay of Plenty District
ae791c8b-3b26-4168-8b8a-430cb1586597,10.0,High Producing Exotic Grassland,,Western Bay of Plenty District
ae80690e-8859-4d00-a777-44c68416ecd5,8.0,High Producing Exotic Grassland,,Whakatane District
ae9300a3-d8bc-40d2-ba06-510c54727c29,8.0,High Producing Exotic Grassland,,Whakatane District
ae9bf6d4-9ab1-4631-9a87-98780671f8ec,10.0,High Producing Exotic Grassland,Tauranga,Western Bay of Plenty District
ae9c3446-8769-4d83-ad12-d062dc3fb815,8.0,Exotic Forest,,Whakatane District
aea5cef9-fc5a-408c-93d9-737f54c25b1e,8.0,Urban Parkland/Open Space,Te Puke,Western Bay of Plenty District
aeae38af-4681-46d6-8cfe-6b2f82dbcb17,10.0,Indigenous Forest,Tauranga,Western Bay of Plenty District
aeae5af4-fe36-43d8-ba23-70d494af882d,8.8,High Producing Exotic Grassland,,Western Bay of Plenty District
aeae6081-49bc-4478-a523-e52747cc7b6f,10.0,High Producing Exotic Grassland,,Western Bay of Plenty District
aeafa6ad-8d83-4ea2-89f4-45b18b5e97fd,10.0,High Producing Exotic Grassland,,Western Bay of Plenty District
aeb0fa0a-a726-48e6-a4f7-a1d207e833fc,10.0,High Producing Exotic Grassland,,Western Bay of Plenty District
aeb3237b-9181-46bd-8c2f-3bb1de2cc728,10.0,High Producing Exotic Grassland,,Ōpōtiki District
aec653e3-18df-4352-9dda-de57ab3c4041,8.0,High Producing Exotic Grassland,Pongakawa,Western Bay of Plenty District
aecc00b2-262a-4396-b531-cb22f902cdf2,10.0,High Producing Exotic Grassland,,Western Bay of Plenty District
aed4cab1-3846-409c-9c25-dd6f6ab8994b,9.6,Indigenous Forest,,Western Bay of Plenty District
aedc6ead-c7e1-4721-a924-02f0ff6fad5d,10.0,High Producing Exotic Grassland,,Western Bay of Plenty District
aedef3e3-7bc5-4f23-98b4-5d5bcb1e6675,8.0,High Producing Exotic Grassland,,Whakatane District
aedf9fac-5a87-4269-bc6d-c473787d2c0a,10.0,Indigenous Forest,,Whakatane District
aee77ddc-5bd1-48d9-9499-0dcd11dfa355,10.0,Exotic Forest,,Ōpōtiki District
aee7b0ab-1e72-43df-befe-9333f7b54e58,10.0,Built-up Area (settlement),Tauranga,Tauranga City
aeeb745e-d229-420a-bbbb-7af773e2678d,8.0,High Producing Exotic Grassland,,Western Bay of Plenty District
aefd0a56-328a-4178-9cb3-ddd90a6f15cc,10.0,High Producing Exotic Grassland,,Western Bay of Plenty District
aefd32fa-1d21-40e8-a23c-42dca563908c,10.0,High Producing Exotic Grassland,,Western Bay of Plenty District
af0319e8-ea0d-4711-8420-b6d2fc38a8d8,10.0,Exotic Forest,,Western Bay of Plenty District
af0527e7-c29b-4dae-8c88-e638a13395d4,8.0,High Producing Exotic Grassland,Pongakawa,Western Bay of Plenty District
af05aa09-01ad-4fff-b324-60a6153f9585,10.0,High Producing Exotic Grassland,,Western Bay of Plenty District
af05c750-f083-41ed-b6c8-903386da1242,10.0,Exotic Forest,,Western Bay of Plenty District
af0f319f-b834-4813-b72f-edebbd965715,10.0,High Producing Exotic Grassland,Tauranga,Western Bay of Plenty District
af0f80df-876b-46b5-86aa-a7c3939caa57,10.0,High Producing Exotic Grassland,,Whakatane District
af0fc14f-b819-4d73-8229-e6eb461f452b,10.0,Indigenous Forest,,Western Bay of Plenty District
af224003-1d76-4bee-9f30-c0078c6c4eab,8.0,High Producing Exotic Grassland,,Ōpōtiki District
af227f9b-3410-460b-ac9d-75ded50b9d74,10.0,Indigenous Forest,,Western Bay of Plenty District
af30dda3-67bb-49a1-9a09-bc83f08f2532,8.0,High Producing Exotic Grassland,Pongakawa,Western Bay of Plenty District
af3bdc58-1a35-44e9-9d37-362c3783c586,8.0,Indigenous Forest,,Whakatane District
af3d2dac-da00-45b8-91e0-d7726349cc1c,10.0,High Producing Exotic Grassland,,Western Bay of Plenty District
af3ed281-2fbf-4e72-87c1-4a1bab38e788,10.0,Forest - Harvested,,Western Bay of Plenty District
af4362ef-db36-4aed-bb4d-7f43d92239b6,10.0,High Producing Exotic Grassland,,Western Bay of Plenty District
af4d4e72-94e3-4907-8b47-d6cd8596243f,8.0,High Producing Exotic Grassland,,Whakatane District
af5138d9-3015-48dc-b223-96e1ff08c6ac,8.4,High Producing Exotic Grassland,,Whakatane District
af52ea1f-257b-4f49-87eb-ec9d1486b297,8.0,Short-rotation Cropland,,Whakatane District
af626c1d-b3b3-4074-8faf-b34530b0723c,10.0,High Producing Exotic Grassland,,Western Bay of Plenty District
af6436b4-0ddf-49c8-b7e8-169dce8e0f08,8.0,High Producing Exotic Grassland,,Whakatane District
af65f8dd-0bf3-4c9e-9c00-acf5781331a8,10.0,High Producing Exotic Grassland,,Ōpōtiki District
af6c8870-632f-475b-96d6-cf4a70c7eaf8,9.6,Broadleaved Indigenous Hardwoods,,Western Bay of Plenty District
af6cb4cb-9ff1-4cc7-9dc6-afa273936272,10.0,High Producing Exotic Grassland,,Western Bay of Plenty District
af71aa2c-78d5-4629-bf08-368daf8ddc1c,8.0,High Producing Exotic Grassland,Te Puke,Western Bay of Plenty District
af7e1a72-f4fd-4d2a-a0d0-b4dccbf98766,10.0,High Producing Exotic Grassland,,Western Bay of Plenty District
af85d4f0-6069-457a-9cdf-4cae822f59fe,8.4,High Producing Exotic Grassland,,Whakatane District
af90986a-ec09-435f-a437-c138986bf157,8.0,High Producing Exotic Grassland,,Whakatane District
af989bec-5a94-4b36-85dd-7ba2253f94d3,10.0,High Producing Exotic Grassland,,Ōpōtiki District
af9de06d-e540-496b-b527-b51f281e50cc,8.0,Exotic Forest,,Western Bay of Plenty District
afa0764b-e52d-4c8b-86ef-32ba5d318ecf,9.6,Indigenous Forest,Tauranga,Western Bay of Plenty District
afaa3689-b87f-4af6-bac1-552b3aaba003,10.0,High Producing Exotic Grassland,,Western Bay of Plenty District
afb2bbd8-9eff-43d8-8fa9-2bbb67611f4f,8.0,High Producing Exotic Grassland,Te Puke,Western Bay of Plenty District
afb318c9-116c-428e-8a99-5aa40a4da9cc,10.0,Broadleaved Indigenous Hardwoods,Tauranga,Western Bay of Plenty District
afb6c8d5-2492-4ad4-90dd-5b8b56819c90,10.0,High Producing Exotic Grassland,,Western Bay of Plenty District
afbc5a75-49f0-4c07-b56a-d0e474874751,10.0,High Producing Exotic Grassland,,Western Bay of Plenty District
afc3bf94-3795-4d63-ac61-26da8cd3e3ce,8.4,High Producing Exotic Grassland,,Ōpōtiki District
afcb5793-67f0-4976-94c2-f74c358cc283,8.0,High Producing Exotic Grassland,Pongakawa,Western Bay of Plenty District
afd1a961-6988-4ad7-a178-c4b41a218523,8.8,High Producing Exotic Grassland,,Western Bay of Plenty District
afd957bc-b78d-4f57-a77f-e1d1d696bf89,10.0,High Producing Exotic Grassland,,Ōpōtiki District
afda09ae-088a-4d34-9ea2-9ac661048a02,10.0,High Producing Exotic Grassland,Tauranga,Western Bay of Plenty District
afe03cf9-2e0b-49bb-9d07-c00505cc3a42,10.0,High Producing Exotic Grassland,,Western Bay of Plenty District
aff3982b-61e5-4997-ac0f-c796bc35c511,8.0,High Producing Exotic Grassland,Te Puke,Western Bay of Plenty District
aff49b8f-4b2b-4d54-900a-2b1bbeebaabd,10.0,High Producing Exotic Grassland,,Western Bay of Plenty District
aff9604b-cc03-4bce-b381-f891fb0a3ae7,9.6,High Producing Exotic Grassland,,Western Bay of Plenty District
b008ff54-8858-4f5b-8b26-8fa1d72f85f0,10.0,High Producing Exotic Grassland,Tauranga,Western Bay of Plenty District
b00af711-5128-4ecf-afe9-57112a3839f2,10.0,High Producing Exotic Grassland,Tauranga,Western Bay of Plenty District
b00fd7d8-715b-407c-a60a-982a755a0be7,8.0,Indigenous Forest,,Whakatane District
b01828d2-ad70-4890-ad34-38c6c0b08e89,10.0,Urban Parkland/Open Space,Tauranga,Tauranga City
b024658c-435e-4d7f-802b-b0cdd37fd7cb,10.0,High Producing Exotic Grassland,,Western Bay of Plenty District
b026347c-9475-445a-8063-27825da19865,10.0,Urban Parkland/Open Space,Tauranga,Tauranga City
b031ca35-d30f-485b-b58d-b568025f309a,8.0,Indigenous Forest,,Ōpōtiki District
b03abd1c-aeab-4714-9ff4-b35d6aec59ec,10.0,High Producing Exotic Grassland,,Ōpōtiki District
b03f4a12-0ac8-4609-8e3e-a3886caec330,10.0,High Producing Exotic Grassland,,Western Bay of Plenty District
b0467125-277f-4bc3-8aa7-e1f758711860,10.0,High Producing Exotic Grassland,,Western Bay of Plenty District
b048f57d-8bb9-4183-bf31-e41a7c4302cd,10.0,Indigenous Forest,Tauranga,Western Bay of Plenty District
b053e86a-eab0-45fd-a19f-b664b050bb6a,8.0,High Producing Exotic Grassland,,Whakatane District
b067c033-82f9-45d1-a606-8813add575d4,8.0,High Producing Exotic Grassland,,Whakatane District
b0708f4b-3f98-4d87-b1a4-2d49a21b7c40,8.0,High Producing Exotic Grassland,Te Puke,Western Bay of Plenty District
b074c1f5-daaa-4a7a-9be7-bf42333f9741,10.0,High Producing Exotic Grassland,,Western Bay of Plenty District
b076db8f-b955-4833-99f0-689993c3795a,10.0,High Producing Exotic Grassland,,Western Bay of Plenty District
b0789ae7-b621-4c21-8d4e-4c980011b99e,8.0,High Producing Exotic Grassland,,Whakatane District
b07e537e-452b-4ed9-8000-78fef98d2173,10.0,High Producing Exotic Grassland,,Western Bay of Plenty District
b09c1513-1798-40b2-819c-3d14cf50fa5d,9.5,High Producing Exotic Grassland,,Western Bay of Plenty District
b0a382d5-d38a-403a-8ca2-9944ccff11ce,8.0,High Producing Exotic Grassland,Pongakawa,Western Bay of Plenty District
b0a41288-56b8-43ca-adc2-626a5602ca7a,8.4,High Producing Exotic Grassland,,Whakatane District
b0b0cdad-660b-41ea-8630-ce43638b891d,8.0,High Producing Exotic Grassland,,Whakatane District
b0b4cf62-d627-42cc-a399-62aed3f65880,8.4,Indigenous Forest,,Ōpōtiki District
b0b6c62a-d139-45cb-9dfc-5381b7d456a2,9.6,Surface Mine or Dump,Tauranga,Western Bay of Plenty District
b0baae0c-3e11-4215-a0c3-b0db3ee1d0e6,8.4,High Producing Exotic Grassland,,Ōpōtiki District
b0c3a0ca-854e-4dda-b716-b149cc57bd69,10.0,High Producing Exotic Grassland,,Western Bay of Plenty District
b0c7c0ff-26e6-4605-8fb1-234b2e0f6583,8.8,High Producing Exotic Grassland,,Western Bay of Plenty District
b0cb1312-15a9-4649-84df-e3fd0d5872c6,10.0,High Producing Exotic Grassland,,Western Bay of Plenty District
b0d6ccc8-ad78-43fd-a713-120322e909d1,8.4,High Producing Exotic Grassland,,Whakatane District
b0dce57e-8186-4bba-a836-e8d4761841ba,8.0,High Producing Exotic Grassland,Pongakawa,Western Bay of Plenty District
b0e8bed6-f20e-488d-a1ab-fc7ac224bf24,10.0,High Producing Exotic Grassland,,Whakatane District
b0eeb9e8-7bb1-49b8-a112-922de611bbd1,10.0,High Producing Exotic Grassland,,Western Bay of Plenty District
b0f51a84-70a0-4825-87cf-469952379b92,10.0,High Producing Exotic Grassland,,Ōpōtiki District
b111e793-a587-426a-b682-12a313e3588c,10.0,High Producing Exotic Grassland,Tauranga,Western Bay of Plenty District
b11c6d3e-5991-45b2-b0c0-55776429ebfe,10.0,High Producing Exotic Grassland,,Western Bay of Plenty District
b11ed8ae-6bd7-4dee-a8ca-9ec0fdac522a,10.0,High Producing Exotic Grassland,Tauranga,Western Bay of Plenty District
b12254d6-b7ad-4718-995a-6a7f761c628d,8.8,Indigenous Forest,,Western Bay of Plenty District
b12c37ae-3f9f-45e8-ba28-66b43a013e94,10.0,High Producing Exotic Grassland,,Western Bay of Plenty District
b1527046-52c6-4efb-9209-90237f051a37,10.0,Built-up Area (settlement),,Western Bay of Plenty District
b15bd17a-2803-467b-adfe-f0c0979ec3ef,10.0,Indigenous Forest,,Western Bay of Plenty District
b166537d-8175-417b-8bf1-03c2733f17ba,10.0,High Producing Exotic Grassland,,Ōpōtiki District
b175c85e-0dfc-477b-9d15-425243599b2a,8.0,Manuka and/or Kanuka,,Whakatane District
b189b8a0-af0e-4851-a047-b96b1802d628,10.0,High Producing Exotic Grassland,Tauranga,Western Bay of Plenty District
b1973439-4737-42f1-8dfc-83fa3097a2c3,10.0,High Producing Exotic Grassland,Tauranga,Tauranga City
b19860b7-eb57-4ae9-9379-09aa9f9e5b76,10.0,High Producing Exotic Grassland,,Western Bay of Plenty District
b199060c-5f2c-4a71-bd9f-7bbf5758df06,10.0,Exotic Forest,,Whakatane District
b1a1e7f1-849e-46b6-b777-5b56a7e7b168,10.0,High Producing Exotic Grassland,Tauranga,Western Bay of Plenty District
b1adb3fd-5033-4375-939c-404e7fbd1c60,8.0,High Producing Exotic Grassland,,Whakatane District
b1b52d0f-e751-45ee-8970-26160b66c896,10.0,High Producing Exotic Grassland,,Western Bay of Plenty District
b1b57d95-6a07-45b5-b08a-7732f5b05b78,10.0,High Producing Exotic Grassland,,Western Bay of Plenty District
b1bb3356-f2e7-4d6f-ad47-9356c5798b67,10.0,High Producing Exotic Grassland,,Western Bay of Plenty District
b1bf80e7-9ca8-4cf4-8553-e1fc728eb6d9,9.5,High Producing Exotic Grassland,,Ōpōtiki District
b1c43a23-a037-46b0-93dc-f8efe27e5111,10.0,High Producing Exotic Grassland,,Ōpōtiki District
b1c444c8-f09d-4c0d-a0be-d4adcdef6a76,10.0,High Producing Exotic Grassland,,Western Bay of Plenty District
b1c7b70c-d385-4ec7-a5a4-ebcb69dbf13a,10.0,High Producing Exotic Grassland,,Western Bay of Plenty District
b1e592bb-b663-479a-82cc-55331d55bdb8,9.6,Indigenous Forest,,Western Bay of Plenty District
b1eaa6d1-5db8-4393-8583-207be5e8fe96,8.4,High Producing Exotic Grassland,,Western Bay of Plenty District
b1f9738c-328d-42a9-87b7-36f608d4e609,9.6,Indigenous Forest,,Western Bay of Plenty District
b1fa6b43-e5e0-4fa2-9a42-11fffecee203,10.0,High Producing Exotic Grassland,,Western Bay of Plenty District
b1faf09b-48fb-47fc-9d2a-48fe5b2f3443,10.0,High Producing Exotic Grassland,,Western Bay of Plenty District
b20329de-a8ae-4973-aee8-2e0ba3f912f5,8.0,High Producing Exotic Grassland,Pongakawa,Western Bay of Plenty District
b204a34c-67c3-4ac2-a65d-910ebbbfb9b1,8.4,High Producing Exotic Grassland,,Whakatane District
b224409a-543a-45a1-9f9a-1b0866ba9c98,10.0,High Producing Exotic Grassland,,Western Bay of Plenty District
b22eec55-58b1-4676-b571-10eac4f8eafb,8.0,High Producing Exotic Grassland,,Whakatane District
b2306e1c-54a1-4454-9565-e79cdec677fc,10.0,High Producing Exotic Grassland,,Western Bay of Plenty District
b2319269-3d67-469a-9f57-d81f02f487ac,10.0,Broadleaved Indigenous Hardwoods,,Ōpōtiki District
b23655f3-b7f3-4a8c-ad10-c51413680ed7,8.4,Short-rotation Cropland,,Whakatane District
b2400f80-c989-44cf-8a19-c3c1b9a93dd5,8.0,High Producing Exotic Grassland,,Whakatane District
b24040ad-661b-43c4-8c96-5150ab37da01,10.0,Lake or Pond,,Western Bay of Plenty District
b24551cb-20b2-403a-ac72-3ae50a4e846e,10.0,Indigenous Forest,,Western Bay of Plenty District
b24d94c6-4ff1-41f4-863e-4631ddbdb19d,10.0,High Producing Exotic Grassland,,Western Bay of Plenty District
b25086b3-0069-48da-ac9b-820b256e0c91,8.0,Indigenous Forest,,Whakatane District
b25dfb5c-e38b-40d9-85d3-eded6f9ecbf7,10.0,High Producing Exotic Grassland,Tauranga,Western Bay of Plenty District
b268f16a-5481-4ece-8a29-415d3c2d9e27,8.0,High Producing Exotic Grassland,Pongakawa,Western Bay of Plenty District
b272fb55-f87a-4b6a-a391-f353a63b294c,10.0,High Producing Exotic Grassland,Te Puke,Western Bay of Plenty District
b2769f1b-287d-46a7-8269-06c6bff7130f,8.0,High Producing Exotic Grassland,,Whakatane District
b27ef725-26bf-4829-be7e-a90aa0ca605f,10.0,High Producing Exotic Grassland,,Western Bay of Plenty District
b280ca2e-3e20-450b-8baf-cce7462dec49,10.0,Manuka and/or Kanuka,,Western Bay of Plenty District
b288ae1f-1baa-416f-9696-75626ba09df8,10.0,Indigenous Forest,Tauranga,Tauranga City
b295164c-479f-44ae-bac4-3855f5a2c4f5,10.0,High Producing Exotic Grassland,,Whakatane District
b29a983a-66d7-4694-a887-22acf8a95cc3,10.0,High Producing Exotic Grassland,,Western Bay of Plenty District
b2a53298-e165-4812-bd91-dda419b9a3b4,10.0,High Producing Exotic Grassland,,Western Bay of Plenty District
b2b1848c-b3c5-4704-92d6-01232546d4d5,10.0,Indigenous Forest,,Whakatane District
b2b3b5b9-89c8-49f2-999f-09828d634d20,10.0,High Producing Exotic Grassland,,Whakatane District
b2c2d85a-0109-48d0-a346-a86cf1bc8b32,10.0,Urban Parkland/Open Space,Tauranga,Tauranga City
b2c9d9d2-f1b1-4b06-8971-1224439e432f,8.4,Short-rotation Cropland,,Whakatane District
b2ceea9f-5fb6-43a6-99e6-37c2aef04329,10.0,Built-up Area (settlement),,Tauranga City
b2d8b841-9e64-4882-afcd-bf2e96c3b266,8.0,Short-rotation Cropland,,Whakatane District
b2d995f6-a1e4-4a21-9ba8-82dd9e5c5cd8,10.0,High Producing Exotic Grassland,,Western Bay of Plenty District
b2e63984-d716-4580-aa06-fc4e5b1866c9,9.6,High Producing Exotic Grassland,Tauranga,Western Bay of Plenty District
b2e8c996-a441-46fb-907b-4d449006776c,10.0,High Producing Exotic Grassland,,Western Bay of Plenty District
b301d599-8e61-48ec-9f77-136b46cff25a,10.0,High Producing Exotic Grassland,,Western Bay of Plenty District
b3027d34-823f-41c2-8f0d-72d8704941f1,10.0,High Producing Exotic Grassland,,Western Bay of Plenty District
b3137028-f41a-484e-8839-6d98e3177e8e,8.0,Short-rotation Cropland,,Whakatane District
b3155589-b69d-40a0-983b-776a0cec8b72,10.0,High Producing Exotic Grassland,,Western Bay of Plenty District
b31c6359-f8ee-4a56-a384-093a2e004650,8.0,High Producing Exotic Grassland,,Western Bay of Plenty District
b31fa3b8-cf55-4ebc-8ada-e115fa25a14c,8.0,High Producing Exotic Grassland,,Whakatane District
b32553b7-2fc8-437c-bcfc-9ab521b2f8c7,10.0,High Producing Exotic Grassland,Tauranga,Tauranga City
b32622b3-eff0-4741-9d6b-cc5d412d67cb,10.0,High Producing Exotic Grassland,,Ōpōtiki District
b3277595-2bc0-4695-9f6c-54b68b995a87,10.0,High Producing Exotic Grassland,,Tauranga City
b3281acb-ab0a-491d-b27b-324c60514573,10.0,High Producing Exotic Grassland,,Tauranga City
b32df50f-925b-4375-9865-fa5f030540c6,8.0,Urban Parkland/Open Space,Tauranga,Tauranga City
b33abb56-8276-44e5-87b3-2dcec516770e,10.0,High Producing Exotic Grassland,,Western Bay of Plenty District
b3433128-06b7-4621-8445-136d07ba5406,10.0,High Producing Exotic Grassland,,Western Bay of Plenty District
b343e5a3-69fd-4321-950d-732ec2b6938a,8.4,Short-rotation Cropland,,Whakatane District
b36186ad-3d23-4842-817b-2960991f3722,10.0,High Producing Exotic Grassland,,Western Bay of Plenty District
b36774c5-b807-4660-86a2-eebc3cabeb71,10.0,High Producing Exotic Grassland,,Western Bay of Plenty District
b3862885-57d1-45a4-9788-7c35f8d9e6da,10.0,High Producing Exotic Grassland,,Western Bay of Plenty District
b39212f9-30e2-488c-a921-a008d2d86dcd,8.0,Exotic Forest,,Whakatane District
b3a06941-40fd-43b8-9733-2c6c5b1e57c6,8.4,High Producing Exotic Grassland,,Western Bay of Plenty District
b3a86d60-efe6-428a-9cb1-3024d0777f65,10.0,High Producing Exotic Grassland,,Western Bay of Plenty District
b3b15d0b-701c-45a1-9f0c-8bea347ebd6d,10.0,Manuka and/or Kanuka,,Western Bay of Plenty District
b3bbb8db-4c54-49f6-89c1-4db4130d11a0,10.0,High Producing Exotic Grassland,,Western Bay of Plenty District
b3bbd7cf-a99f-4f72-908e-a55b9fc29611,10.0,High Producing Exotic Grassland,,Western Bay of Plenty District
b3c2010c-4b7c-4f8c-aded-243f3c237c38,8.0,High Producing Exotic Grassland,,Whakatane District
b3c94987-81fb-4f7a-b2a1-b0cde6627631,10.0,High Producing Exotic Grassland,,Western Bay of Plenty District
b3cd9215-e50d-42c9-ac30-05ebe02413b2,8.0,High Producing Exotic Grassland,,Whakatane District
b3ce8e16-71c9-43d5-a584-774e2b3af3e9,10.0,High Producing Exotic Grassland,,Western Bay of Plenty District
b3da90f1-0c49-4fe4-903c-fadd98fd5fab,10.0,Indigenous Forest,,Western Bay of Plenty District
b3e9f94a-2c66-49da-8aee-44611b35cd34,10.0,High Producing Exotic Grassland,Tauranga,Tauranga City
b3f0499a-cf17-47f8-a135-75ac65336b54,8.8,High Producing Exotic Grassland,,Western Bay of Plenty District
b3f7808b-823e-4b66-9923-eb0d9191c199,10.0,High Producing Exotic Grassland,,Western Bay of Plenty District
b3faa971-f087-4cb6-b8ed-ad9c8c25381e,8.0,High Producing Exotic Grassland,,Western Bay of Plenty District
b408a48a-1601-44e1-a0b9-30e25889c29e,10.0,High Producing Exotic Grassland,,Western Bay of Plenty District
b41a02ca-12fe-4b46-a810-ee4607f7be1a,10.0,High Producing Exotic Grassland,,Western Bay of Plenty District
b41c5eea-d1fb-4c61-8551-d6bb3019efb1,10.0,High Producing Exotic Grassland,,Western Bay of Plenty District
b422d514-73f8-465c-bc43-79d660607f45,10.0,High Producing Exotic Grassland,Tauranga,Western Bay of Plenty District
b42ee9ca-c3c9-43c8-a038-22190e927a13,10.0,Indigenous Forest,,Western Bay of Plenty District
b431e407-ad84-4d17-8b40-13638d91fa43,10.0,High Producing Exotic Grassland,,Western Bay of Plenty District
b433f714-bb69-488c-9360-3b919871bfa1,10.0,High Producing Exotic Grassland,,Western Bay of Plenty District
b434e727-96b6-4ae8-87dc-4ad62b78c7db,10.0,High Producing Exotic Grassland,,Western Bay of Plenty District
b4392d69-73fc-4585-940e-812344c32b3c,10.0,Built-up Area (settlement),Tauranga,Tauranga City
b4393408-85a1-4a9c-8c24-2c3839cf3eb2,9.5,High Producing Exotic Grassland,,Western Bay of Plenty District
b43c5df4-86d8-4a3d-88c6-353700069fea,10.0,High Producing Exotic Grassland,,Whakatane District
b43fb956-5a12-40e8-af19-0856eb2563e7,10.0,Indigenous Forest,,Western Bay of Plenty District
b443dc5c-79ed-4a3a-bb48-628a442d6f3e,10.0,High Producing Exotic Grassland,,Tauranga City
b44819d3-e623-4836-8033-41f7373beb67,8.0,High Producing Exotic Grassland,,Western Bay of Plenty District
b4559000-2b1e-4ebc-bfa5-ae3fbe78682a,10.0,High Producing Exotic Grassland,,Western Bay of Plenty District
b46370a8-63e8-431b-aebb-34fa55ddba55,8.0,Indigenous Forest,,Ōpōtiki District
b468f46b-a3d7-4a13-af76-7ade365866eb,10.0,High Producing Exotic Grassland,,Western Bay of Plenty District
b47fdc16-9a4c-4f13-b5e4-8c6129530b9e,8.0,High Producing Exotic Grassland,,Whakatane District
b48f00c0-4c26-4a8d-b433-53c45bc779b3,10.0,High Producing Exotic Grassland,,Ōpōtiki District
b490cf12-7882-4b70-8c77-1a32c181e3bd,10.0,High Producing Exotic Grassland,,Western Bay of Plenty District
b491911f-6e08-4d41-a5b4-350caa9452cc,10.0,High Producing Exotic Grassland,,Tauranga City
b49239ca-bb27-4e0c-b7de-434e3231085e,10.0,High Producing Exotic Grassland,,Western Bay of Plenty District
b4972a33-8949-465f-9645-9c594cc24d0a,10.0,High Producing Exotic Grassland,,Ōpōtiki District
b49aaf54-fd5c-408c-b628-80bc3714c9e7,10.0,High Producing Exotic Grassland,,Ōpōtiki District
b49d21a2-1ede-43f7-aa5c-365b2b8f7591,8.0,Built-up Area (settlement),Tauranga,Tauranga City
b49fcb78-8c0d-495d-ad59-c9069f859bb2,8.4,Short-rotation Cropland,,Whakatane District
b4a0b23a-24ca-4418-806a-e982c277914d,8.0,High Producing Exotic Grassland,Pongakawa,Western Bay of Plenty District
b4a21be8-a1dd-437f-90f5-1de3462bcad0,10.0,High Producing Exotic Grassland,,Ōpōtiki District
b4aa678c-84d3-4eb5-9efc-5f29dd419785,8.0,Built-up Area (settlement),,Tauranga City
b4ba6dd2-409e-4a33-b927-864871fcc783,8.0,High Producing Exotic Grassland,,Whakatane District
b4bed11d-0b64-4c4c-a617-3cb069535ea5,8.0,High Producing Exotic Grassland,,Whakatane District
b4c6ba08-d30c-407a-9039-9937a9819987,8.4,High Producing Exotic Grassland,,Whakatane District
b4c81e8d-12db-47fd-9c3c-d352d2e07505,10.0,High Producing Exotic Grassland,,Ōpōtiki District
b4cfd3de-d4af-4034-9d60-f48cc0759d76,10.0,High Producing Exotic Grassland,,Ōpōtiki District
b4d2c2e5-4f3a-4a6e-a8e5-743d5fc4123f,8.0,High Producing Exotic Grassland,Pongakawa,Western Bay of Plenty District
b4d499ee-4605-46ac-b949-0ccf41132419,8.0,Forest - Harvested,,Whakatane District
b4d6307c-9fb0-4b95-a488-634a8d30783e,10.0,High Producing Exotic Grassland,,Western Bay of Plenty District
b4f06f49-59df-4f76-9aca-7c9fc0ad4c62,10.0,High Producing Exotic Grassland,,Western Bay of Plenty District
b4f15803-8b97-4e46-b96e-38a5282dd439,10.0,Exotic Forest,Tauranga,Tauranga City
b4fa5b87-d41a-4d3c-9947-cf76c96743eb,10.0,High Producing Exotic Grassland,,Western Bay of Plenty District
b506fa45-f054-496c-bd54-3f4041dadeb5,8.0,High Producing Exotic Grassland,,Whakatane District
b50ab1d2-85ae-4759-8f0e-68b31be05c29,10.0,High Producing Exotic Grassland,,Western Bay of Plenty District
b524ed5f-e4c7-466e-b5bb-fa3be5a54f60,10.0,High Producing Exotic Grassland,,Ōpōtiki District
b52ce834-26f6-4a89-8774-187204a672ca,8.8,Indigenous Forest,,Western Bay of Plenty District
b52deb07-fdd8-48a1-99c6-c66bc951123e,8.0,High Producing Exotic Grassland,Pongakawa,Western Bay of Plenty District
b53f85b2-8532-4438-a176-c8a23c0bc8bd,10.0,High Producing Exotic Grassland,Tauranga,Western Bay of Plenty District
b54b8615-4bf5-4595-b9f4-57c155cf8ef9,10.0,High Producing Exotic Grassland,,Western Bay of Plenty District
b54c5df4-be0e-4f24-9ae7-1e181d7eefa8,8.0,Indigenous Forest,Te Puke,Western Bay of Plenty District
b55f15ea-c6e1-4d29-912e-4b044b534f68,9.6,Indigenous Forest,,Western Bay of Plenty District
b562abfa-658c-4b57-b5e5-4846cd1ccab9,8.0,High Producing Exotic Grassland,,Western Bay of Plenty District
b564022c-9c4c-49bb-a213-d45e5d045399,10.0,High Producing Exotic Grassland,,Western Bay of Plenty District
b565516d-92f8-42d5-8e33-843f77d51dcd,10.0,High Producing Exotic Grassland,,Western Bay of Plenty District
b56a223c-64cb-4c6c-9acc-2296dae6f630,8.0,High Producing Exotic Grassland,,Whakatane District
b56c3de3-ab06-4940-b738-54ac870d5b89,8.0,Indigenous Forest,,Whakatane District
b571273a-08a9-4132-8b86-74f68e73c30e,10.0,High Producing Exotic Grassland,,Whakatane District
b576b312-84da-450e-8fd2-33510cb1e034,8.0,Low Producing Grassland,,Whakatane District
b58b358e-8cfe-479b-969e-324c7c9a9248,10.0,High Producing Exotic Grassland,,Western Bay of Plenty District
b59ec004-576a-46a4-8f55-1319e00827a4,10.0,High Producing Exotic Grassland,,Ōpōtiki District
b5a47b49-e89d-4f18-804c-b634894c5ea6,10.0,High Producing Exotic Grassland,,Western Bay of Plenty District
b5a4b59e-657d-45b4-a047-addfe8133df3,10.0,High Producing Exotic Grassland,,Ōpōtiki District
b5a52e68-e190-4256-8280-cd29ec76b3b1,10.0,High Producing Exotic Grassland,,Western Bay of Plenty District
b5a5879f-4525-43ee-b7c7-997540f73666,10.0,High Producing Exotic Grassland,,Western Bay of Plenty District
b5c0f030-ed3a-413e-aaa3-79c094970694,10.0,High Producing Exotic Grassland,,Western Bay of Plenty District
b5c6e2ca-75af-4083-837a-cf11a9e998f5,8.4,Built-up Area (settlement),,Whakatane District
b5c7136c-5343-4982-9c93-2701721a3f9b,10.0,High Producing Exotic Grassland,Tauranga,Tauranga City
b5c7f756-59f9-4f06-87f1-7ac9695bae83,8.0,High Producing Exotic Grassland,Te Puke,Western Bay of Plenty District
b5d00d3c-a36b-41b4-b684-32b060d34f63,8.0,High Producing Exotic Grassland,,Whakatane District
b5d2608f-8a39-410a-a2c8-7fce088832fe,10.0,High Producing Exotic Grassland,,Ōpōtiki District
b5e468ae-31f4-4427-b7ad-f0ca25461d77,10.0,Indigenous Forest,,Western Bay of Plenty District
b5ed11fc-14ea-4d92-ba72-00acc9156af2,10.0,High Producing Exotic Grassland,,Western Bay of Plenty District
b5f04d53-92c0-4f92-8f73-d2fa51df8c6f,8.0,High Producing Exotic Grassland,,Western Bay of Plenty District
b5f24141-4566-4846-9e9e-b5a258b9599d,10.0,High Producing Exotic Grassland,,Western Bay of Plenty District
b5fe425e-641e-4abe-b45f-671e3cf48813,8.0,High Producing Exotic Grassland,Te Puke,Western Bay of Plenty District
b6092fb1-7c2a-4f30-840d-86062c951901,8.0,High Producing Exotic Grassland,,Western Bay of Plenty District
b6099a07-c1be-48c6-a280-cad4b257bfa8,10.0,Built-up Area (settlement),Tauranga,Tauranga City
b60a20d6-7e75-4233-ba02-e8e0c81b994a,10.0,High Producing Exotic Grassland,,Western Bay of Plenty District
b6136c83-b8a0-45b8-91e1-eb4f3311e16e,10.0,High Producing Exotic Grassland,Tauranga,Tauranga City
b617274d-e232-4bea-bd03-61f96b90c9ed,8.0,High Producing Exotic Grassland,,Whakatane District
b617c00e-1563-41ef-960c-da7058bb0c2f,8.0,High Producing Exotic Grassland,,Whakatane District
b61d5ae7-6af3-44d6-a704-a942e322c8c2,10.0,High Producing Exotic Grassland,,Ōpōtiki District
b621c43c-dd7b-4bcd-bf5d-63576a4d7352,8.4,High Producing Exotic Grassland,,Ōpōtiki District
b625b3b1-70f3-49a0-b3c2-aa8a68d0a0f0,10.0,High Producing Exotic Grassland,,Western Bay of Plenty District
b62b20d4-b35a-45a3-a41d-3017a8fb453a,10.0,High Producing Exotic Grassland,,Western Bay of Plenty District
b6452830-3f18-4bd6-84bf-524da4c39809,10.0,Broadleaved Indigenous Hardwoods,,Western Bay of Plenty District
b648ab13-fd29-45fb-8b53-bbbd23b59c28,10.0,High Producing Exotic Grassland,,Western Bay of Plenty District
b6748f39-f642-4d50-b483-b2632f6d20a3,10.0,High Producing Exotic Grassland,,Western Bay of Plenty District
b6790b9b-3bdd-465b-b150-954029a75220,8.0,High Producing Exotic Grassland,,Whakatane District
b67fd3e1-445b-416f-93a6-1d13c1c901b1,10.0,High Producing Exotic Grassland,,Western Bay of Plenty District
b68327c7-7b4d-4360-b864-2f9bc98b44f5,10.0,High Producing Exotic Grassland,,Western Bay of Plenty District
b683d0cb-9b6e-4b8c-a3eb-465f3b7acc9e,10.0,High Producing Exotic Grassland,,Western Bay of Plenty District
b6930cf1-5acf-46df-a9a5-f5a77a15977b,8.0,Indigenous Forest,,Western Bay of Plenty District
b69de7c5-a51b-4948-ba50-47a46375044a,8.0,High Producing Exotic Grassland,Pongakawa,Western Bay of Plenty District
b6a251ac-201e-4dc9-8ab0-19c202614e3e,8.0,High Producing Exotic Grassland,Pongakawa,Western Bay of Plenty District
b6ab0570-db8d-467a-855b-40523cbaec9f,8.0,High Producing Exotic Grassland,,Whakatane District
b6adaaa8-57e7-49cb-bbd7-65a9310325bd,8.0,Exotic Forest,,Whakatane District
b6c80fb9-3397-4201-b7ee-5f6e6c93dde4,10.0,High Producing Exotic Grassland,,Western Bay of Plenty District
b6ceda9d-85bf-49ca-b84a-7f7c70d7b5d5,8.4,High Producing Exotic Grassland,,Ōpōtiki District
b6d5e01b-40c1-497c-b477-fcad2fe62902,10.0,Indigenous Forest,,Western Bay of Plenty District
b6d84866-c2d1-4081-9054-8700cc1994b6,10.0,High Producing Exotic Grassland,,Western Bay of Plenty District
b6d88dc0-a524-423a-b9b4-be0fcf61e7e9,10.0,High Producing Exotic Grassland,,Western Bay of Plenty District
b6d8ef01-0e36-4d49-a6fa-21d4659da55c,8.0,Mixed Exotic Shrubland,,Whakatane District
b6da8189-0647-4e50-b437-492973c6fd8a,10.0,High Producing Exotic Grassland,,Whakatane District
b6f5990f-4e73-4843-8671-4b828384352c,8.0,Built-up Area (settlement),Tauranga,Tauranga City
b6ff1c40-a73e-4e01-b501-7912dec47311,10.0,High Producing Exotic Grassland,,Western Bay of Plenty District
b703c86d-45a9-4c15-8da6-2418858cfefc,8.0,High Producing Exotic Grassland,,Whakatane District
b7078081-3297-4e16-8bdd-8457ee866d1c,10.0,High Producing Exotic Grassland,,Western Bay of Plenty District
b70e4bff-0f73-4eb5-902a-638bfe1771c2,9.6,Indigenous Forest,,Western Bay of Plenty District
b70fc445-a063-427a-9829-9ae306fa45ca,10.0,High Producing Exotic Grassland,,Western Bay of Plenty District
b7107ecb-bc25-4135-9454-57344947733c,8.0,High Producing Exotic Grassland,,Whakatane District
b716b40b-385a-43c0-b0ef-721b5c5234ae,10.0,High Producing Exotic Grassland,Tauranga,Western Bay of Plenty District
b71751cc-08a8-4476-90be-b6e3c7820375,8.0,High Producing Exotic Grassland,,Whakatane District
b7199253-655e-4ffd-bc61-3f96c79c92ed,8.0,Exotic Forest,,Whakatane District
b71ce7fa-7fec-4f9a-9b0a-41128ab59f44,8.0,High Producing Exotic Grassland,,Whakatane District
b71cf0f9-4d75-4b3d-a442-69f47e42f326,10.0,Manuka and/or Kanuka,,Ōpōtiki District
b7250e57-4dc6-4ecf-bd08-ac1a46aa88f2,8.0,High Producing Exotic Grassland,Pongakawa,Western Bay of Plenty District
b735a3f8-44bb-4fc2-b349-fc25c461aaa0,10.0,High Producing Exotic Grassland,,Western Bay of Plenty District
b735d602-dee6-42ec-a164-8abaf90dad47,10.0,High Producing Exotic Grassland,,Ōpōtiki District
b73a5381-8179-49ca-bb6d-4fe268720f58,10.0,Indigenous Forest,,Western Bay of Plenty District
b73f3642-c482-4633-b39f-593992cefdee,9.6,High Producing Exotic Grassland,,Whakatane District
b748a1ff-4e3c-4ba8-ae6a-560dcf42b7b4,8.4,High Producing Exotic Grassland,Opotiki,Ōpōtiki District
b7513771-a734-41f5-a801-474971d59ea4,10.0,High Producing Exotic Grassland,Tauranga,Western Bay of Plenty District
b757dcea-64f0-4444-8a57-9d63be3c1014,8.0,High Producing Exotic Grassland,,Western Bay of Plenty District
b75eee5b-9fc1-4c1c-ab6a-a2202912ef4a,8.0,High Producing Exotic Grassland,,Whakatane District
b7693e68-cb79-4f9a-a11c-9b5d1f8699c5,10.0,High Producing Exotic Grassland,,Western Bay of Plenty District
b76b4e46-e1e4-44c3-805a-6e74d14b92cc,10.0,High Producing Exotic Grassland,Opotiki,Ōpōtiki District
b76d5c78-0991-493f-9c4c-c1ba4593ec2b,8.0,High Producing Exotic Grassland,,Whakatane District
b7847cfc-4f6b-4e1a-b18e-28c789025872,8.0,High Producing Exotic Grassland,Pongakawa,Western Bay of Plenty District
b78b57bc-d701-4be0-ace4-bd454bc6ecb4,10.0,Indigenous Forest,,Western Bay of Plenty District
b78de50a-ecc7-4a2d-be05-4f3457620c92,8.0,High Producing Exotic Grassland,Pongakawa,Western Bay of Plenty District
b78fb33b-6dc9-40f3-857a-349d8134da46,10.0,Low Producing Grassland,,Western Bay of Plenty District
b79bb6b1-21d6-416c-a349-695565bed6a8,10.0,High Producing Exotic Grassland,,Western Bay of Plenty District
b7a1e347-e437-415e-91ed-4ab1c14825a1,8.8,High Producing Exotic Grassland,,Western Bay of Plenty District
b7a7333f-675f-401e-a2e7-416aaed278c3,10.0,High Producing Exotic Grassland,,Tauranga City
b7be06b1-5693-4c07-8d53-6ea74c488e1a,10.0,High Producing Exotic Grassland,,Western Bay of Plenty District
b7cce2b1-2c61-4567-806b-1656f9f18b7d,10.0,High Producing Exotic Grassland,Tauranga,Western Bay of Plenty District
b7d4caf0-f32b-4b57-bb10-f580e0250ba3,10.0,High Producing Exotic Grassland,,Western Bay of Plenty District
b7dc10a5-7844-4ac6-aa8a-c49b882ea54b,10.0,High Producing Exotic Grassland,,Western Bay of Plenty District
b7dea463-396b-42c8-a58c-989123bf3a8d,10.0,Indigenous Forest,,Western Bay of Plenty District
b7e1a652-b198-40f3-86c0-5d60a6bd7c84,9.6,Indigenous Forest,,Whakatane District
b7e775a0-0665-4efd-86aa-6e6d36646df1,10.0,High Producing Exotic Grassland,,Western Bay of Plenty District
b7ea8e83-6684-4abf-8b09-08303d280156,10.0,Built-up Area (settlement),,Western Bay of Plenty District
b7fa0e8c-2858-4374-9e32-089f25aabaca,10.0,High Producing Exotic Grassland,Tauranga,Western Bay of Plenty District
b808ee49-4f32-4d85-be17-4f9ceae1c0f2,10.0,High Producing Exotic Grassland,,Western Bay of Plenty District
b821a0fb-6ad2-4d05-9ab7-e3cdd3881ac0,8.4,High Producing Exotic Grassland,,Whakatane District
b8237a87-a2cc-4f2d-9eee-3a0c9a863f69,10.0,High Producing Exotic Grassland,Tauranga,Tauranga City
b82e9067-9136-4180-8627-35d0c1dfe032,8.0,Manuka and/or Kanuka,Pongakawa,Western Bay of Plenty District
b82ebca2-aa11-46cb-acf9-2be80dd3c595,10.0,High Producing Exotic Grassland,,Western Bay of Plenty District
b832b928-0460-4bfc-b2ee-170eb2c1b1cf,10.0,High Producing Exotic Grassland,,Western Bay of Plenty District
b8330c29-acbd-4927-9887-880cb581c46c,8.0,High Producing Exotic Grassland,,Whakatane District
b83cd741-ee6e-47be-a97d-2e3011874cbd,10.0,High Producing Exotic Grassland,,Whakatane District
b8417ed1-d155-4789-a518-c29a416d3efd,10.0,High Producing Exotic Grassland,,Whakatane District
b84340e8-40c7-47db-a4e9-e0bdab71b4d9,10.0,Deciduous Hardwoods,,Ōpōtiki District
b872c631-e15d-445a-8bf0-7e43b426017f,8.0,High Producing Exotic Grassland,,Whakatane District
b8732dec-4bb5-494d-85d7-f52d61590483,10.0,Indigenous Forest,,Western Bay of Plenty District
b8793f16-e7a9-495c-a937-ee43ba6e76ef,10.0,High Producing Exotic Grassland,,Whakatane District
b87bf7ea-cf5a-494d-9a80-63a22e6f7efb,10.0,High Producing Exotic Grassland,Tauranga,Western Bay of Plenty District
b8830576-99d7-41ae-893f-24672dcd458b,10.0,High Producing Exotic Grassland,,Western Bay of Plenty District
b88e45fb-1be8-44d1-b7b3-e60b4184cf6d,10.0,Broadleaved Indigenous Hardwoods,,Western Bay of Plenty District
b8928b48-8ed6-49d6-9a6e-be39f5792eca,10.0,High Producing Exotic Grassland,,Whakatane District
b89be55c-f6ac-402a-9191-ac9026cbca83,8.0,Short-rotation Cropland,,Whakatane District
b89c7644-a90f-40ee-9e74-baf4c9a24b66,10.0,High Producing Exotic Grassland,Tauranga,Western Bay of Plenty District
b8a89b2d-8625-4fee-9c54-5bb9bf5fd37a,8.4,High Producing Exotic Grassland,,Whakatane District
b8aa6442-b79d-4d71-aecf-6ed95708c40f,10.0,High Producing Exotic Grassland,,Western Bay of Plenty District
b8b5e17c-abd4-46db-b802-21c2bd231423,8.0,High Producing Exotic Grassland,,Whakatane District
b8b754e7-b06f-4118-b987-cb08c5ce55b5,10.0,High Producing Exotic Grassland,,Western Bay of Plenty District
b8bb3ebb-d7c1-4c32-b157-fd679007b703,10.0,High Producing Exotic Grassland,,Whakatane District
b8c43b66-ab3a-42c1-accc-4a5f6ba4adf8,8.4,High Producing Exotic Grassland,,Ōpōtiki District
b8d11a82-6ae3-424f-a9e3-1e417c504a23,10.0,High Producing Exotic Grassland,,Western Bay of Plenty District
b8da456e-ce8c-4746-818d-6c6daebe3078,8.0,Low Producing Grassland,,Whakatane District
b8de04d6-633a-4e97-af39-00411748b90c,8.0,Indigenous Forest,,Whakatane District
b8df0ed2-2f66-470c-b9f8-f66162c69c8f,8.0,High Producing Exotic Grassland,,Whakatane District
b8e8c787-c767-46d5-ae04-d4168e79adf3,10.0,Broadleaved Indigenous Hardwoods,,Tauranga City
b8eaaa21-24dd-4428-8f00-f50a20185b4c,10.0,High Producing Exotic Grassland,,Ōpōtiki District
b8fdd114-cc69-40fd-9ce5-7bc5bf3af89e,10.0,Indigenous Forest,,Western Bay of Plenty District
b90d1a69-e2f2-40eb-a283-1d53807945d8,8.0,High Producing Exotic Grassland,Pongakawa,Western Bay of Plenty District
b90d8c35-b752-4449-a81d-e74f87453b25,10.0,High Producing Exotic Grassland,,Whakatane District
b919d373-5c4b-42e8-86ca-1cb8f837d325,10.0,High Producing Exotic Grassland,,Western Bay of Plenty District
b91fa9eb-d415-4556-8fdf-18ded832c2a0,10.0,High Producing Exotic Grassland,,Western Bay of Plenty District
b9249a34-e331-40e6-97ee-820842d9833c,10.0,High Producing Exotic Grassland,Tauranga,Western Bay of Plenty District
b92c5b2b-de53-4ff2-956e-5cf798165a18,10.0,High Producing Exotic Grassland,,Whakatane District
b92d22af-6cda-40c0-b287-4e1eed8291b6,8.4,High Producing Exotic Grassland,,Ōpōtiki District
b9518a22-b6f9-4147-ace5-3ce5a434e735,10.0,Indigenous Forest,,Western Bay of Plenty District
b953a1e4-396e-4e7d-87c0-2c8071b0720c,10.0,High Producing Exotic Grassland,,Western Bay of Plenty District
b95fed3d-4a2a-420c-82fb-c04a64930d59,8.4,Short-rotation Cropland,,Ōpōtiki District
b9608616-5589-4542-aa9f-23398555bf29,10.0,High Producing Exotic Grassland,Tauranga,Tauranga City
b96dbcd1-6639-41b5-b288-669114e4a121,8.0,Indigenous Forest,,Western Bay of Plenty District
b96fc0f6-63c3-4ce6-8add-bbcddd5f1f80,8.8,Broadleaved Indigenous Hardwoods,,Western Bay of Plenty District
b97b4ec3-a72f-4747-86e4-8aa029c35f72,8.0,Indigenous Forest,,Western Bay of Plenty District
b985f7e5-4968-4d18-9a6e-4306ca626f40,10.0,Urban Parkland/Open Space,,Western Bay of Plenty District
b987781a-336f-4262-880b-09a5d439e296,10.0,High Producing Exotic Grassland,,Western Bay of Plenty District
b98c2efd-626e-4ebf-bbbc-9794a7a7bea1,8.0,High Producing Exotic Grassland,,Whakatane District
b99099fd-9fe1-4e52-a9cc-0b06fc35fcc5,10.0,High Producing Exotic Grassland,,Whakatane District
b995e7bf-6fa2-49d1-98d4-1dd813cd852f,9.6,High Producing Exotic Grassland,,Western Bay of Plenty District
b997483b-9c83-411f-8d76-9fe560b99e89,10.0,High Producing Exotic Grassland,,Western Bay of Plenty District
b99ff6b0-df2c-4e34-a9fd-bf6a8748f0f1,8.4,Short-rotation Cropland,,Ōpōtiki District
b9a26f19-6094-4919-b7e8-7b067281936f,8.0,Indigenous Forest,Te Puke,Western Bay of Plenty District
b9a605a7-021e-468e-9bf0-5236fb78620d,10.0,High Producing Exotic Grassland,,Whakatane District
b9af00ba-4f84-4fb7-925c-3b0579985447,10.0,High Producing Exotic Grassland,,Western Bay of Plenty District
b9af8494-08d6-4ab7-b168-e92b4764423b,8.0,High Producing Exotic Grassland,,Whakatane District
b9bd3116-b22b-482f-a1ea-7135f4abed3f,8.0,Built-up Area (settlement),Tauranga,Tauranga City
b9c123a8-8e31-4a58-85fa-052ea815d9e9,8.0,High Producing Exotic Grassland,,Whakatane District
b9c3a0b5-2f43-4bed-9894-6c3cc7a53ee8,10.0,Built-up Area (settlement),Tauranga,Tauranga City
b9d10549-418d-4a20-8fa1-c566ee67f762,10.0,High Producing Exotic Grassland,,Ōpōtiki District
b9f0b7f1-1b5b-4fc4-906a-1645488c583f,10.0,High Producing Exotic Grassland,,Ōpōtiki District
b9f50d3f-df7d-4493-85f2-cc7fdade4651,8.0,High Producing Exotic Grassland,,Whakatane District
ba008afb-4deb-463b-8a37-3a1db57eb5d8,10.0,High Producing Exotic Grassland,,Western Bay of Plenty District
ba00f466-8cc9-46c5-8dc6-f58d590a8612,10.0,Built-up Area (settlement),,Western Bay of Plenty District
ba12ad49-e81e-4c86-989a-3a3740444f7c,10.0,High Producing Exotic Grassland,Tauranga,Western Bay of Plenty District
ba1757f2-965d-40df-a10c-30e8aeb05ce5,10.0,High Producing Exotic Grassland,,Western Bay of Plenty District
ba195332-8a2c-4c94-83fc-b2cc027e061d,10.0,High Producing Exotic Grassland,Tauranga,Western Bay of Plenty District
ba2525bc-f088-4e53-b73a-05d74d12ded0,8.0,Exotic Forest,,Western Bay of Plenty District
ba28c609-338c-4e7f-8c7d-4196a917de1e,10.0,High Producing Exotic Grassland,,Western Bay of Plenty District
ba334088-a8b8-469b-a6ff-956b99fcd706,10.0,High Producing Exotic Grassland,,Western Bay of Plenty District
ba3ae90d-9ef2-4cd8-b540-1feaca444b59,10.0,High Producing Exotic Grassland,,Western Bay of Plenty District
ba3e3b2c-ba55-4272-91c6-34fb1a0f9ef6,8.0,High Producing Exotic Grassland,,Whakatane District
ba5e512f-2bcf-4c12-84be-b57d96b59038,8.0,Indigenous Forest,Te Puke,Western Bay of Plenty District
ba6305e1-5a4e-4554-8b9b-462aca11df82,8.0,High Producing Exotic Grassland,Pongakawa,Western Bay of Plenty District
ba7005e6-85ea-432c-a31f-0eb6f8309e62,10.0,Lake or Pond,,Tauranga City
ba7cd49c-d3a4-465e-9988-961ed8eb0f5c,8.0,Built-up Area (settlement),Te Puke,Western Bay of Plenty District
ba7d4dda-c2ec-4b70-9a54-e9925c7af325,10.0,High Producing Exotic Grassland,,Western Bay of Plenty District
ba80c9fb-cabd-4a32-9fbe-6314b813ec07,8.0,Built-up Area (settlement),,Whakatane District
ba8a41d7-1c85-4ac1-a014-e65da78dbe1d,10.0,High Producing Exotic Grassland,,Western Bay of Plenty District
ba8b9538-8e7d-4da7-9371-12f6b52c9d5f,10.0,High Producing Exotic Grassland,,Western Bay of Plenty District
ba8c6daa-9350-44d2-bd14-97d214f33013,10.0,High Producing Exotic Grassland,,Ōpōtiki District
ba8d90a9-39b4-490c-bb06-3814747e8c8a,8.0,Exotic Forest,,Western Bay of Plenty District
ba9cbe37-c8d9-4ded-956c-21785bfe9091,8.0,High Producing Exotic Grassland,,Whakatane District
baa27021-7300-4fe9-99e1-2cd8fa9df9a4,10.0,Indigenous Forest,Tauranga,Western Bay of Plenty District
babb7d29-4267-43f9-884b-229dce2e7797,10.0,High Producing Exotic Grassland,,Ōpōtiki District
bac8ffe2-de5e-427a-bc20-16361554c77f,8.4,High Producing Exotic Grassland,,Ōpōtiki District
badb02da-a13e-40a7-9cef-d164b799fdb7,9.6,Indigenous Forest,,Western Bay of Plenty District
badc8ea4-b7bb-496b-9c69-5d454ce0e75a,10.0,Exotic Forest,,Western Bay of Plenty District
bae4e601-d5b1-4299-abf0-46c6021847d5,10.0,High Producing Exotic Grassland,,Western Bay of Plenty District
bae531e4-fcfd-40e7-a076-063e30aae065,8.0,High Producing Exotic Grassland,,Western Bay of Plenty District
baee1e31-cd8b-41a2-8047-3c3128b9acc2,10.0,High Producing Exotic Grassland,Tauranga,Tauranga City
baee9e59-ef15-48c5-8cbf-fa5ec985a3fb,10.0,High Producing Exotic Grassland,,Ōpōtiki District
baf94db4-3a8c-4735-97b1-a1bd6ad9c3a8,10.0,High Producing Exotic Grassland,,Ōpōtiki District
bb08625f-7c2d-4741-8b1d-4cbd95275724,8.0,Manuka and/or Kanuka,,Whakatane District
bb1490f5-e6dc-4654-b04a-f1c665296583,8.0,High Producing Exotic Grassland,,Whakatane District
bb1615bf-d06f-4e99-b9d3-86bf7c703b26,8.4,High Producing Exotic Grassland,,Whakatane District
bb18f8ab-b12a-4e9a-9a3c-8852125c1888,8.0,Gorse and/or Broom,,Whakatane District
bb1fcf59-55f5-4ec7-bc0c-9ba7d7de976b,10.0,High Producing Exotic Grassland,,Western Bay of Plenty District
bb204833-0cd7-4c11-b606-87b73cdd36e7,8.0,High Producing Exotic Grassland,,Whakatane District
bb2826dc-ca02-4a67-89ee-daafbd539ecc,10.0,High Producing Exotic Grassland,,Western Bay of Plenty District
bb34d5a9-a5b4-4b6f-a746-c922d27903fa,9.6,Indigenous Forest,,Western Bay of Plenty District
bb379075-4525-4265-a070-ba87af5a0540,8.0,High Producing Exotic Grassland,,Whakatane District
bb3c9311-ceaf-4e5d-9e21-e33eedbdfb85,10.0,Indigenous Forest,,Ōpōtiki District
bb3ffd2d-fa2e-4400-b89b-7d5d47b68e1b,10.0,Indigenous Forest,,Western Bay of Plenty District
bb4147fc-7f0a-492d-89d4-a4783c2a85b4,8.0,High Producing Exotic Grassland,,Western Bay of Plenty District
bb439e40-8926-4c30-bc5b-8ba42bcb0f20,8.0,Built-up Area (settlement),Tauranga,Tauranga City
bb475e7f-11dc-49c9-96e1-7d5c94aae5ed,8.4,High Producing Exotic Grassland,,Whakatane District
bb49a6a4-a48d-45b0-9985-28edf72f4615,10.0,High Producing Exotic Grassland,Tauranga,Western Bay of Plenty District
bb519d96-963d-4efd-a23f-815c492af516,8.0,High Producing Exotic Grassland,,Whakatane District
bb51b289-b201-4ead-9cc8-4b19338df4f7,8.8,High Producing Exotic Grassland,,Western Bay of Plenty District
bb546c7c-f022-48fb-b841-1d1e072a3e04,8.0,High Producing Exotic Grassland,,Tauranga City
bb58e7df-4bf3-4ada-a691-b22c682eb1d5,10.0,High Producing Exotic Grassland,,Western Bay of Plenty District
bb7316ba-6e3a-411f-82fb-412c3cabb756,10.0,High Producing Exotic Grassland,,Western Bay of Plenty District
bb77466f-1279-4040-aab2-fbda38f1ce71,10.0,High Producing Exotic Grassland,,Western Bay of Plenty District
bb7b4e3d-88c8-443a-b2e3-2243ce2af2a4,9.5,Exotic Forest,,Western Bay of Plenty District
bb7f49e4-8759-4c54-8a01-8cd5541b8881,10.0,High Producing Exotic Grassland,,Western Bay of Plenty District
bb810965-9308-4cf1-b6d4-26d79818d64e,8.0,Forest - Harvested,,Whakatane District
bb829bc7-5538-4f1b-99e5-1feb1057d725,8.0,High Producing Exotic Grassland,,Whakatane District
bb89c090-e0ea-4129-929c-dd8dc9510625,8.0,High Producing Exotic Grassland,,Whakatane District
bb957e15-b983-4b0f-92b0-8bb9477115c6,8.0,High Producing Exotic Grassland,,Whakatane District
bb9d6146-96c3-4aac-85ec-31ed8eb6cba5,10.0,High Producing Exotic Grassland,,Ōpōtiki District
bba65772-4b46-4991-b56f-aead2f7dff93,10.0,High Producing Exotic Grassland,,Ōpōtiki District
bba8165a-14a4-4cdc-aee3-882c2dbe8073,10.0,High Producing Exotic Grassland,,Western Bay of Plenty District
bba88c10-e1fc-40b0-823d-18b6843e86c7,10.0,High Producing Exotic Grassland,,Western Bay of Plenty District
bbb5124c-bdd8-4cef-bf79-0b5ff9e14d19,10.0,High Producing Exotic Grassland,,Western Bay of Plenty District
bbbf9ca4-1d88-4a1d-9b7f-0ab07a60e67f,10.0,High Producing Exotic Grassland,Opotiki,Ōpōtiki District
bbc5d893-14b4-4284-9627-61c1ad849f3d,10.0,Built-up Area (settlement),,Tauranga City
bbc6f839-f235-434b-b172-4636d3a92f9c,10.0,High Producing Exotic Grassland,,Western Bay of Plenty District
bbcc994e-7221-488d-b280-fbb59de60081,10.0,High Producing Exotic Grassland,,Ōpōtiki District
bbce44e4-873f-4fce-9ee4-e65048e3041f,8.8,High Producing Exotic Grassland,,Western Bay of Plenty District
bbd13265-8ead-443c-ba4b-1ddce0ec52c6,8.0,High Producing Exotic Grassland,,Whakatane District
bbd1441b-3272-4e3e-aea4-fcec36393133,10.0,High Producing Exotic Grassland,,Western Bay of Plenty District
bbe07767-f677-4f54-b6d6-20e20b5cc53d,10.0,High Producing Exotic Grassland,,Western Bay of Plenty District
bbe272e4-5cf4-443b-8370-13f696245305,10.0,High Producing Exotic Grassland,,Western Bay of Plenty District
bbf03a7d-6cb3-4011-87c5-df82e8af7962,8.0,Exotic Forest,Pongakawa,Western Bay of Plenty District
bc03aa44-e6f8-458c-b1d4-ed940729489e,10.0,High Producing Exotic Grassland,,Western Bay of Plenty District
bc0c0dd9-9a8a-4246-8945-56c763c820b3,10.0,High Producing Exotic Grassland,,Western Bay of Plenty District
bc11ea69-199d-430a-9dd0-ba308158d205,8.0,High Producing Exotic Grassland,,Whakatane District
bc1609c0-3c7b-44d1-95cb-178b65318bad,10.0,High Producing Exotic Grassland,Tauranga,Western Bay of Plenty District
bc1ebed9-cc66-418d-8dae-fa194e109716,8.8,High Producing Exotic Grassland,,Western Bay of Plenty District
bc1f2693-fa17-470c-af1e-0b5890617991,9.6,Broadleaved Indigenous Hardwoods,,Western Bay of Plenty District
bc2bc3a3-e6e0-493f-95f9-c11efd118a5f,10.0,High Producing Exotic Grassland,,Western Bay of Plenty District
bc31c230-72d7-40f5-b67a-04ab25acb612,10.0,High Producing Exotic Grassland,Tauranga,Western Bay of Plenty District
bc3a2d81-ce6a-464b-bb8f-4518f0d41ece,10.0,High Producing Exotic Grassland,,Western Bay of Plenty District
bc3b242b-b8c8-4534-bc1c-d98cd81a98f3,8.0,High Producing Exotic Grassland,,Ōpōtiki District
bc3f7898-58c7-4e65-a4f3-585f39987532,8.4,High Producing Exotic Grassland,,Ōpōtiki District
bc418203-a9ad-4943-bd7a-5b0554a35198,10.0,High Producing Exotic Grassland,Tauranga,Tauranga City
bc454e6c-cb0e-4409-8694-85e8abcf3f69,10.0,Built-up Area (settlement),,Western Bay of Plenty District
bc517e6b-f15e-4d72-85bf-68c48ee6adc6,8.4,High Producing Exotic Grassland,,Whakatane District
bc6554a4-a6a8-4b8d-be62-7116a1a62715,10.0,Indigenous Forest,,Ōpōtiki District
bc664393-fdea-4281-88d3-16b251e8b29a,10.0,High Producing Exotic Grassland,,Western Bay of Plenty District
bc6b4122-4aa3-4967-baaf-3c414d333a76,8.0,High Producing Exotic Grassland,,Western Bay of Plenty District
bc6e7505-81ab-4e87-83b0-55089956bfe0,10.0,High Producing Exotic Grassland,,Ōpōtiki District
bc7260ae-e474-4a6c-bcdf-d8b4faa2d4ec,8.0,High Producing Exotic Grassland,,Ōpōtiki District
bc72c5ef-a9b3-4d9d-b548-2f3b6f998887,8.0,High Producing Exotic Grassland,,Whakatane District
bc72de5a-451d-44bf-ba4f-1d4dd62fac04,10.0,High Producing Exotic Grassland,,Tauranga City
bc7e2825-dce8-4ff5-87b3-7d2965f79b73,10.0,Indigenous Forest,Tauranga,Western Bay of Plenty District
bc7f43a6-fa38-486d-97c8-2ff0e5068494,8.0,High Producing Exotic Grassland,,Whakatane District
bc7fe32c-32a0-40e7-8625-510072620c83,10.0,High Producing Exotic Grassland,,Whakatane District
bc81af27-a6fd-49e0-bfc0-9e3400b0cd66,10.0,High Producing Exotic Grassland,,Ōpōtiki District
bc843cac-04ed-4662-90d4-6f15bad3bc28,10.0,High Producing Exotic Grassland,Tauranga,Western Bay of Plenty District
bc859f5d-9f54-4cdf-8d2f-ccafab62450e,10.0,High Producing Exotic Grassland,,Western Bay of Plenty District
bc96de63-7fab-4e29-99d6-53b881ee90fa,10.0,High Producing Exotic Grassland,,Tauranga City
bca0f885-5759-41bd-9da8-a3ada821b3a3,10.0,High Producing Exotic Grassland,,Western Bay of Plenty District
bcb83b36-eade-4366-8a32-0e438f7646af,10.0,High Producing Exotic Grassland,,Western Bay of Plenty District
bcc26f84-a15b-48cd-ae63-b82cf81c1c4c,8.4,High Producing Exotic Grassland,,Whakatane District
bcc7813d-4c0e-4cb2-a42f-4f6a8e7c110e,10.0,Exotic Forest,,Whakatane District
bcc91024-8618-46a9-acb7-bc712e7cd0ac,10.0,High Producing Exotic Grassland,,Western Bay of Plenty District
bcced884-4b23-4630-b1bd-68d081858b2e,10.0,High Producing Exotic Grassland,,Western Bay of Plenty District
bcd2b79c-3542-4b9e-b5c0-00cfb0424971,10.0,High Producing Exotic Grassland,,Western Bay of Plenty District
bcd5bc5c-3705-47c4-bcce-5daeb7eb9931,8.0,High Producing Exotic Grassland,Pongakawa,Western Bay of Plenty District
bcd67f8d-e86b-451c-b66f-d062db62bc92,8.8,High Producing Exotic Grassland,,Western Bay of Plenty District
bcd81d7e-0fc1-4ced-96ae-a34c92f86474,10.0,High Producing Exotic Grassland,,Western Bay of Plenty District
bcdce39a-5600-41a5-922c-c916957222b7,8.0,High Producing Exotic Grassland,,Western Bay of Plenty District
bce5e050-70de-44e4-b404-7f85e58769f0,10.0,High Producing Exotic Grassland,,Tauranga City
bcfbd3e5-77c3-4a84-b3da-410f9d76c64d,10.0,High Producing Exotic Grassland,,Western Bay of Plenty District
bd00e6ae-179c-437f-af0e-a4f5bd11167a,8.0,Exotic Forest,,Whakatane District
bd0516c7-a4ee-456f-8582-43d28b1a8422,10.0,High Producing Exotic Grassland,,Western Bay of Plenty District
bd0ddfda-f750-424b-8d49-869338b75833,10.0,Indigenous Forest,,Ōpōtiki District
bd2736a4-d15d-417d-8097-755c98cc3e5a,10.0,High Producing Exotic Grassland,,Western Bay of Plenty District
bd3d99b6-864a-4a3f-89a6-092e45319737,10.0,Built-up Area (settlement),,Tauranga City
bd434cd7-8402-4e53-ad33-599c5473c72a,10.0,Indigenous Forest,,Whakatane District
bd49cdec-0e5d-47c5-99b6-8d81efb47434,8.0,Exotic Forest,,Whakatane District
bd50405f-7e7d-4577-8ac3-77ad1642b640,9.6,Surface Mine or Dump,,Western Bay of Plenty District
bd51a63a-2535-4c27-8efc-2a6f2398a884,10.0,Built-up Area (settlement),Tauranga,Tauranga City
bd63055e-6c24-4f62-86af-b690dab7fa48,10.0,Forest - Harvested,,Western Bay of Plenty District
bd65d8eb-d796-4f8c-8241-fb3f83bc7080,8.0,High Producing Exotic Grassland,,Whakatane District
bd6c1e90-906e-4681-8c19-93505b7004b2,8.4,High Producing Exotic Grassland,,Whakatane District
bd7d3940-b666-4603-bcfd-532ccbf42362,10.0,High Producing Exotic Grassland,Tauranga,Western Bay of Plenty District
bd7df8c8-c139-4085-9571-be0f760fb1b2,10.0,High Producing Exotic Grassland,Tauranga,Western Bay of Plenty District
bd900c51-3c15-4aa9-8de2-95a5aaf83261,10.0,High Producing Exotic Grassland,,Western Bay of Plenty District
bd976215-c2cf-464b-8794-dbbec4f78467,8.8,High Producing Exotic Grassland,,Western Bay of Plenty District
bd9e49cc-50a6-4044-89de-112c6d6e6c9a,10.0,High Producing Exotic Grassland,,Western Bay of Plenty District
bda2261e-3c4a-450b-a153-c29c8fdd4121,8.8,High Producing Exotic Grassland,,Western Bay of Plenty District
bdb52d63-5487-41d5-8cdf-eca7520bab0b,10.0,High Producing Exotic Grassland,,Western Bay of Plenty District
bdc495d3-d8a2-4d35-8d14-6c1ddacbd6b4,10.0,High Producing Exotic Grassland,,Western Bay of Plenty District
bdca0633-6343-4d64-80a0-5d00bd627d23,10.0,High Producing Exotic Grassland,,Western Bay of Plenty District
bdd1e59a-8122-4528-a2f0-97ed4dadfd8b,10.0,High Producing Exotic Grassland,,Western Bay of Plenty District
bdde6597-68be-4552-99a3-b6c0b37dce64,10.0,Broadleaved Indigenous Hardwoods,,Western Bay of Plenty District
bde7802d-5019-4439-a5bf-a814cf60e27a,8.4,High Producing Exotic Grassland,,Ōpōtiki District
bdf420f5-e6d1-4e77-847a-1860ec88086b,10.0,Gorse and/or Broom,,Western Bay of Plenty District
be05dbdd-27c1-48a5-9aa6-13021f7d0a3b,8.0,Broadleaved Indigenous Hardwoods,,Whakatane District
be0d87f4-5ba2-46f1-96ad-2cd5a27d64be,10.0,High Producing Exotic Grassland,,Ōpōtiki District
be0f06c1-9ce9-4cb9-82bd-632852607138,8.0,Indigenous Forest,,Ōpōtiki District
be111ee8-20b5-43d5-9148-b77d0614721c,8.0,Built-up Area (settlement),Te Puke,Western Bay of Plenty District
be2329b2-a298-4019-9353-c77ac7dc9f4a,10.0,High Producing Exotic Grassland,,Ōpōtiki District
be2872e7-f9a3-4907-959f-101f0fe600c4,10.0,Broadleaved Indigenous Hardwoods,,Western Bay of Plenty District
be299d3c-6a8b-4976-96d5-eaf2a9370b02,10.0,High Producing Exotic Grassland,,Ōpōtiki District
be35a1b4-50f3-4006-833e-60c4f15b856f,10.0,High Producing Exotic Grassland,,Western Bay of Plenty District
be415eda-7644-4d0b-927d-bb088706be7a,10.0,High Producing Exotic Grassland,,Western Bay of Plenty District
be462660-e4fd-4444-93e1-7b3ecb1d9b9c,10.0,High Producing Exotic Grassland,,Western Bay of Plenty District
be4f0948-93e9-4d34-9e36-3fb5f03d0789,8.0,High Producing Exotic Grassland,,Whakatane District
be5668d0-58fc-47bb-98a5-a7b4c2f95a1a,10.0,High Producing Exotic Grassland,,Western Bay of Plenty District
be5c4198-3fda-4e3d-950d-f2e951a4988d,10.0,Low Producing Grassland,,Western Bay of Plenty District
be5d20b2-0080-456a-9fb3-2d594ec7a94b,10.0,Built-up Area (settlement),,Tauranga City
be603cc2-8e4f-47a1-9e2e-145b3d0f9f10,10.0,High Producing Exotic Grassland,,Whakatane District
be6632ce-e03d-4c91-9e45-9134230e823d,8.0,High Producing Exotic Grassland,,Western Bay of Plenty District
be747258-538a-4f53-8865-3219ab59e5f3,10.0,High Producing Exotic Grassland,,Western Bay of Plenty District
be758535-3232-475e-b4f4-7c7ef838c2c2,10.0,High Producing Exotic Grassland,Tauranga,Tauranga City
be75b2fa-c39f-4f21-b33b-53244039ff7d,10.0,High Producing Exotic Grassland,,Western Bay of Plenty District
be8451a7-ab0a-4bdd-b707-1318caf44de1,10.0,High Producing Exotic Grassland,,Western Bay of Plenty District
be916a4b-063a-44e5-8550-53ae5696ebbd,8.0,Exotic Forest,,Whakatane District
be93cec5-6cbe-4040-8af7-41a8762896bb,10.0,Indigenous Forest,,Ōpōtiki District
be93f376-042f-478d-96b1-cf579700cb45,8.0,Indigenous Forest,,Western Bay of Plenty District
be95d03c-f1dc-4fd9-a8c5-71431670fbc2,10.0,High Producing Exotic Grassland,,Ōpōtiki District
be95db6b-b337-46fd-8baa-e2b551123b10,10.0,High Producing Exotic Grassland,,Western Bay of Plenty District
beac3d7e-eec7-499c-a5a2-cc9c3eb0f609,8.0,Short-rotation Cropland,,Whakatane District
bebfbf28-b967-4d83-871c-4c6f42030135,8.0,High Producing Exotic Grassland,,Whakatane District
becee725-2cd8-4e89-bfab-46a83885df57,8.2,High Producing Exotic Grassland,,Whakatane District
bed2824b-91ee-445a-abad-eab9d3961b6c,10.0,High Producing Exotic Grassland,,Whakatane District
bed4f9b4-a8f8-4b07-98fb-9bcd50115aae,9.6,Exotic Forest,,Western Bay of Plenty District
bed8cad0-929f-457b-8139-f14917540252,10.0,High Producing Exotic Grassland,,Western Bay of Plenty District
bed9b48f-52c7-4b4d-b13d-97ba7d4f7a3a,10.0,High Producing Exotic Grassland,,Western Bay of Plenty District
bee85fce-ef1d-4a33-9552-723c2eb7e5e8,8.0,High Producing Exotic Grassland,,Whakatane District
bef2c658-e8ee-4e61-b216-5dcd6d038369,10.0,High Producing Exotic Grassland,,Western Bay of Plenty District
bef8f748-199a-4bbc-91bb-0cc6040a73bc,8.0,High Producing Exotic Grassland,,Whakatane District
bf01cd29-db58-4834-bfb1-bc515bd250cc,8.4,High Producing Exotic Grassland,,Whakatane District
bf0266d5-2ad8-4aa7-b9c8-b01dbcb290b0,10.0,High Producing Exotic Grassland,Tauranga,Tauranga City
bf09067c-e130-4d5f-981a-743b8d96ad81,10.0,High Producing Exotic Grassland,,Western Bay of Plenty District
bf0b224d-cc16-4703-ad0d-c972de5ba89a,10.0,High Producing Exotic Grassland,,Western Bay of Plenty District
bf0b26d3-0b04-490f-8505-6f6e8f8a26a5,9.6,Indigenous Forest,Tauranga,Western Bay of Plenty District
bf0e8ea6-a1d6-4eba-a8de-acd569a08c8d,10.0,High Producing Exotic Grassland,,Western Bay of Plenty District
bf11d709-3cea-4f3a-8a95-a413f7f6bb2b,8.4,Indigenous Forest,,Whakatane District
bf1c493a-ff6b-4f03-a342-371ae0044423,8.0,Built-up Area (settlement),Tauranga,Tauranga City
bf1f312e-4828-4e5b-b458-a3bd28aa690f,10.0,High Producing Exotic Grassland,,Ōpōtiki District
bf2aa7c9-8c8d-44b9-a059-66e616078946,8.0,High Producing Exotic Grassland,Pongakawa,Western Bay of Plenty District
bf2d2fb5-84dc-4832-a53d-b4ada0bc74f3,10.0,High Producing Exotic Grassland,,Western Bay of Plenty District
bf2ef4ce-3524-42ac-aa22-b471e2f49438,8.0,High Producing Exotic Grassland,,Whakatane District
bf30792f-423c-40b5-bf8b-0bfe9391830a,10.0,Indigenous Forest,,Ōpōtiki District
bf358a2a-7458-4fe0-887c-bdaa9cf5e23b,10.0,High Producing Exotic Grassland,,Ōpōtiki District
bf3abd3b-e24f-4ed6-b241-7f82fe32d7b0,8.4,High Producing Exotic Grassland,,Western Bay of Plenty District
bf3b3a7b-36c1-40c0-92c7-ab1632782fb0,8.0,High Producing Exotic Grassland,,Whakatane District
bf4a3465-162c-4135-8f0f-82ce1a4e9ef7,10.0,High Producing Exotic Grassland,Tauranga,Western Bay of Plenty District
bf501121-fd27-4c4e-8e98-619ed6478901,8.4,High Producing Exotic Grassland,,Ōpōtiki District
bf5c4401-57ce-4989-ae3c-936c39786b07,8.0,High Producing Exotic Grassland,,Whakatane District
bf63b595-4ac7-4636-869b-515a29745aaa,8.4,High Producing Exotic Grassland,,Whakatane District
bf64cc9e-c06c-4540-b2ad-07c7cd1cb973,10.0,High Producing Exotic Grassland,,Western Bay of Plenty District
bf764940-83c6-4c74-bc86-6815b6b8e380,10.0,High Producing Exotic Grassland,,Western Bay of Plenty District
bf7b9778-8adf-44b3-9367-a56481a5561e,8.0,High Producing Exotic Grassland,,Western Bay of Plenty District
bf7c9320-a9ee-41c9-93ea-64a327a0990b,10.0,High Producing Exotic Grassland,,Western Bay of Plenty District
bf7f2885-3996-4c45-b3a3-be13cf4ddc8b,8.0,High Producing Exotic Grassland,,Western Bay of Plenty District
bfa1476f-0551-43c7-b435-ccf7164f6655,10.0,High Producing Exotic Grassland,,Western Bay of Plenty District
bfa7ed78-1512-468e-b9e9-49fa42308917,10.0,High Producing Exotic Grassland,,Western Bay of Plenty District
bfa94a46-b144-4b99-9c8f-cf2cf301c2a7,8.0,Built-up Area (settlement),,Tauranga City
bfb4ce1a-f13f-429d-adaf-f5da73cb9807,10.0,High Producing Exotic Grassland,,Western Bay of Plenty District
bfc0ed55-e176-4a2f-b933-baef717307cb,10.0,High Producing Exotic Grassland,,Western Bay of Plenty District
bfc10bf0-791d-49ae-8dba-c07953ea333b,8.0,High Producing Exotic Grassland,,Whakatane District
bfc5c70f-b79a-4b8d-ac53-44014d95dfa5,8.0,High Producing Exotic Grassland,,Western Bay of Plenty District
bfc6f197-8c5a-437c-b4af-c6cff1af0068,8.8,Indigenous Forest,,Western Bay of Plenty District
bfd362d3-ce5b-4443-b0fc-9cb62fdf370e,8.4,Indigenous Forest,,Western Bay of Plenty District
bfdce6ca-0db0-4599-a6ef-87c01604253b,10.0,Indigenous Forest,,Western Bay of Plenty District
bfdf5397-7945-4fe5-9bcf-abc400339f7c,10.0,High Producing Exotic Grassland,,Western Bay of Plenty District
bfe6bf04-71ff-4050-ba52-91dbc000325c,8.0,High Producing Exotic Grassland,Te Puke,Western Bay of Plenty District
bfef411b-cc37-49a2-911a-cb9ac4ca84ba,10.0,High Producing Exotic Grassland,,Western Bay of Plenty District
bffd20f3-bdba-430f-b080-23f96ca68628,10.0,High Producing Exotic Grassland,Tauranga,Tauranga City
bffed2ff-7b76-49e8-a428-cf250706eede,8.8,High Producing Exotic Grassland,,Western Bay of Plenty District
c0022130-e166-46d8-968c-e39f0062caa8,10.0,Urban Parkland/Open Space,Tauranga,Tauranga City
c007a073-54b4-4337-a91a-1e76eabbdead,10.0,High Producing Exotic Grassland,,Western Bay of Plenty District
c01cecbe-770b-453f-a91e-534cf5e24e7b,8.0,High Producing Exotic Grassland,,Whakatane District
c01fb915-712b-4c76-963f-7abeb14cfbec,10.0,High Producing Exotic Grassland,Tauranga,Western Bay of Plenty District
c0287197-92b6-458f-887c-e05325508414,10.0,High Producing Exotic Grassland,,Western Bay of Plenty District
c029b820-dfc9-4700-a860-c83cc2ae25eb,8.4,High Producing Exotic Grassland,,Ōpōtiki District
c02b713e-e690-4cab-84ae-e458fa45895d,8.0,High Producing Exotic Grassland,,Ōpōtiki District
c0324fab-f3d8-4a84-b9b3-7dc7d354c604,10.0,High Producing Exotic Grassland,,Western Bay of Plenty District
c0369d7b-0650-4bb4-a243-609633d6a3da,8.4,High Producing Exotic Grassland,,Ōpōtiki District
c037024a-88d4-42a5-8eb7-a4cece1de9a0,10.0,Indigenous Forest,,Western Bay of Plenty District
c0450c02-dd60-4bb6-b5c0-3f2bcf2f2fc2,8.0,High Producing Exotic Grassland,,Whakatane District
c0483316-f91e-4599-8d20-fe2fbd557f41,8.0,High Producing Exotic Grassland,,Western Bay of Plenty District
c04973cc-d542-4eea-8d9f-3c727e63ac02,10.0,High Producing Exotic Grassland,,Western Bay of Plenty District
c0647b97-e888-4a25-8700-8e460c29c15a,10.0,High Producing Exotic Grassland,,Western Bay of Plenty District
c066f3e7-7fc2-4608-9f70-1040768e19e7,10.0,High Producing Exotic Grassland,,Western Bay of Plenty District
c0798ea9-4223-4651-ae39-346ce7ef0da9,8.0,Built-up Area (settlement),Tauranga,Tauranga City
c08166a9-26d9-4613-bd3a-c3c901c48937,10.0,Indigenous Forest,,Ōpōtiki District
c0840a78-91ab-406d-9703-3794c362d978,8.4,Short-rotation Cropland,,Whakatane District
c084c743-ec3c-47a7-aa3a-2dc3c9889bee,10.0,Forest - Harvested,,Western Bay of Plenty District
c08a2073-cc7b-4b57-98a2-50c25ced8d86,8.4,High Producing Exotic Grassland,,Whakatane District
c08a77f2-0ca4-445d-bf67-fa931c6f8c2a,10.0,High Producing Exotic Grassland,,Western Bay of Plenty District
c08cc3cd-90c4-4536-93ba-756f555b4875,8.4,High Producing Exotic Grassland,,Whakatane District
c08d34d7-ae37-4ab8-8358-2d75c2b61de3,8.0,High Producing Exotic Grassland,,Western Bay of Plenty District
c09cf24c-4dc8-46a0-99b3-17abba25dc1b,8.0,Short-rotation Cropland,,Whakatane District
c09dc26f-3dff-4d18-817d-1d133931cea6,8.0,High Producing Exotic Grassland,,Whakatane District
c0a6b95d-2b77-4df6-85bd-a24090f7a7eb,8.0,High Producing Exotic Grassland,,Whakatane District
c0bb0b6d-d203-4c66-ace2-403f5b877529,10.0,Built-up Area (settlement),Tauranga,Tauranga City
c0ca1245-5739-45ec-8d30-2f7d5e3b3e55,10.0,Indigenous Forest,Tauranga,Western Bay of Plenty District
c0cb3eff-f632-44d9-b82c-bd01e6b63b86,10.0,High Producing Exotic Grassland,,Western Bay of Plenty District
c0d06ef5-d42e-4aba-a5fe-03245aef21d1,10.0,High Producing Exotic Grassland,,Ōpōtiki District
c0d13ce0-fae0-403e-80cf-40d8bb2d763d,10.0,Indigenous Forest,,Western Bay of Plenty District
c0d6a29b-fd91-4fc3-949c-c41a1643ee93,10.0,High Producing Exotic Grassland,,Western Bay of Plenty District
c0d70f4a-c30c-4968-beb7-a1cb624ff390,10.0,High Producing Exotic Grassland,,Western Bay of Plenty District
c0e47f5a-538f-48ca-a198-fba938349f60,8.0,High Producing Exotic Grassland,Pongakawa,Western Bay of Plenty District
c0f0aca3-6d4d-45fe-8d73-2ad9c7accb13,8.4,High Producing Exotic Grassland,,Whakatane District
c0f23ef8-596f-4f5d-83fe-2ac5cd02cee5,10.0,High Producing Exotic Grassland,,Western Bay of Plenty District
c0ff9e20-5ce7-4441-bedf-ceb6b1273762,10.0,Indigenous Forest,,Western Bay of Plenty District
c10148f2-821d-4cb4-8fde-917b771fc56c,8.8,High Producing Exotic Grassland,,Western Bay of Plenty District
c1333342-40c4-4a4e-aef5-e7723e83e8ab,10.0,High Producing Exotic Grassland,Opotiki,Ōpōtiki District
c1495cd9-4a19-4524-a241-ab38cac2d214,10.0,High Producing Exotic Grassland,,Western Bay of Plenty District
c14c6dae-fc3d-48b9-9ae5-03924e570d32,8.0,High Producing Exotic Grassland,,Western Bay of Plenty District
c15820a6-738e-4545-946f-a2679f4adaa7,8.0,Manuka and/or Kanuka,,Whakatane District
c15acbd1-57d1-46e7-9d64-7fb0e9504960,8.0,High Producing Exotic Grassland,,Whakatane District
c15d5253-ccac-4b69-b8b7-9765d54e2db5,10.0,High Producing Exotic Grassland,,Western Bay of Plenty District
c15e8d2b-b233-451e-ab05-70c79dbdb362,8.0,Broadleaved Indigenous Hardwoods,,Whakatane District
c1648a02-8a27-4e8f-8fa0-e79ae8f2da49,10.0,High Producing Exotic Grassland,,Western Bay of Plenty District
c167aa82-68f3-47b6-bb40-7ac0a0612d2c,10.0,Indigenous Forest,,Whakatane District
c168998e-1469-48bf-90d4-668b132b483e,10.0,High Producing Exotic Grassland,,Western Bay of Plenty District
c175b10d-088f-4989-92ff-beb086202460,8.0,High Producing Exotic Grassland,,Whakatane District
c18bceb0-5f6c-4712-98a1-a827569c5fd5,10.0,High Producing Exotic Grassland,,Western Bay of Plenty District
c18c0f06-7729-40e3-a777-89626af24926,8.0,High Producing Exotic Grassland,,Whakatane District
c198389c-e51a-4cdc-8306-4ced2c9d3778,10.0,High Producing Exotic Grassland,,Western Bay of Plenty District
c1a05fcc-c4db-4349-80c9-b1636ea49911,8.0,High Producing Exotic Grassland,,Whakatane District
c1a41e08-b16f-47a4-b0bc-fd1872e22c0b,8.4,Short-rotation Cropland,,Whakatane District
c1a80c80-ce2f-4bb6-8899-a4215303e48d,8.4,Short-rotation Cropland,,Ōpōtiki District
c1ad489b-a5bf-45b0-ae05-61e0abbe532b,10.0,Indigenous Forest,,Ōpōtiki District
c1b0ae60-9c41-4f36-ae19-d5a3baea0749,8.4,High Producing Exotic Grassland,,Ōpōtiki District
c1b36b78-799e-44a7-86d3-739773453be4,10.0,Indigenous Forest,,Western Bay of Plenty District
c1b4f711-ef2f-46a8-a4d8-5ec8ab13a97b,10.0,High Producing Exotic Grassland,Tauranga,Tauranga City
c1bf26ab-16f8-4642-a1b7-91087d7be800,8.4,High Producing Exotic Grassland,,Ōpōtiki District
c1c3ca1c-9fda-4606-9a37-8928e76bf758,8.0,High Producing Exotic Grassland,,Western Bay of Plenty District
c1c80e9c-953f-4280-880d-ae4c456e5f73,8.0,Short-rotation Cropland,,Whakatane District
c1d0c53d-6f4e-4b9b-8647-e4f276d0e485,10.0,High Producing Exotic Grassland,Tauranga,Tauranga City
c1d9cbd8-9f3f-49d1-95e2-a9bf37e15d66,10.0,Indigenous Forest,Tauranga,Western Bay of Plenty District
c1e932a6-5b95-4b7b-abf5-63960dd225c5,10.0,Exotic Forest,Tauranga,Tauranga City
c1ec90e7-c678-4c4f-84c8-cbcf1038dabe,10.0,Mixed Exotic Shrubland,,Western Bay of Plenty District
c1fa773e-1c3c-4935-9166-473868debc85,10.0,High Producing Exotic Grassland,,Western Bay of Plenty District
c1fa7aeb-6302-4150-9168-edfe1ba2555d,10.0,Broadleaved Indigenous Hardwoods,Tauranga,Tauranga City
c2046fe3-7ea8-4094-842a-3c37c28784f2,10.0,High Producing Exotic Grassland,,Western Bay of Plenty District
c20578ea-a90f-40d6-8e81-c2dd0f2e2953,8.0,High Producing Exotic Grassland,,Whakatane District
c217ff72-eb73-4152-bbd3-5f456249361a,10.0,High Producing Exotic Grassland,,Western Bay of Plenty District
c22a69f9-17bf-445a-8daf-2d0bec028ba9,8.4,High Producing Exotic Grassland,,Whakatane District
c231ec87-4776-417f-9f2e-d2ec222d1afd,8.0,Herbaceous Freshwater Vegetation,Te Puke,Western Bay of Plenty District
c2475ee5-4a67-4258-8239-c7f09b461ed9,10.0,Broadleaved Indigenous Hardwoods,Tauranga,Western Bay of Plenty District
c25ba868-3c4c-4b0c-934c-114ce43c95bc,8.0,Indigenous Forest,Te Puke,Western Bay of Plenty District
c25c85ec-1c13-40a9-911e-2613461d41e7,10.0,High Producing Exotic Grassland,,Western Bay of Plenty District
c26b90ed-0dfe-4d2f-a591-24b78543e38f,10.0,High Producing Exotic Grassland,,Ōpōtiki District
c26ee18a-3694-4965-a309-c7daf83003e3,8.0,High Producing Exotic Grassland,,Whakatane District
c27b4a62-6ef1-4b73-8303-0236694495d1,10.0,High Producing Exotic Grassland,Tauranga,Western Bay of Plenty District
c283e005-6d0a-4ad9-b0ab-a5948ea96e27,8.4,Manuka and/or Kanuka,,Ōpōtiki District
c292af22-92bf-4295-9f24-ad0905fcb5a2,10.0,High Producing Exotic Grassland,,Whakatane District
c2945ef5-a39d-4fc0-8dca-181f2836a70d,10.0,High Producing Exotic Grassland,,Western Bay of Plenty District
c29e44cd-313f-4b5d-ae86-0b4b84e632a6,9.6,Broadleaved Indigenous Hardwoods,,Western Bay of Plenty District
c2a159cb-729e-4ca1-ac3a-22be90030869,10.0,High Producing Exotic Grassland,,Western Bay of Plenty District
c2a63f0b-6127-4615-8271-5684a40160db,10.0,High Producing Exotic Grassland,,Western Bay of Plenty District
c2afc3d1-1128-4676-949c-dd0d13392fcd,8.8,High Producing Exotic Grassland,,Western Bay of Plenty District
c2bd851e-5c04-4b6f-b86d-37e4a93e72ff,8.4,Short-rotation Cropland,,Ōpōtiki District
c2c3b677-8468-4cd7-8821-dca2adedb473,10.0,Built-up Area (settlement),Tauranga,Tauranga City
c2c9e583-348c-4eca-976c-569644c719e5,10.0,Indigenous Forest,,Ōpōtiki District
c2d7c44e-9a0e-4950-b08a-1dc809899cf3,10.0,High Producing Exotic Grassland,Tauranga,Tauranga City
c2e32623-9512-4a61-b651-a0adfcb90fb5,10.0,High Producing Exotic Grassland,Tauranga,Tauranga City
c2ebe40b-95fc-42a5-b67d-b5938416a3b0,10.0,High Producing Exotic Grassland,,Western Bay of Plenty District
c2fda51a-d55a-4cb6-938c-86d52f3e31a4,10.0,High Producing Exotic Grassland,,Whakatane District
c3027f22-a7c5-4c6b-9901-6989d7ce5d0e,8.4,High Producing Exotic Grassland,,Ōpōtiki District
c308e885-61a9-4574-9900-1b59290de04b,8.0,High Producing Exotic Grassland,,Western Bay of Plenty District
c30d770a-8d0c-46fd-b7dd-878ea5dd8770,8.8,High Producing Exotic Grassland,,Western Bay of Plenty District
c310756c-5a3d-4152-b2d5-5a0625a6ef56,10.0,Urban Parkland/Open Space,Katikati,Western Bay of Plenty District
c31fd8dc-a0f9-49a8-81a7-14e3f0740fa2,10.0,Indigenous Forest,,Western Bay of Plenty District
c32a10eb-58d2-46b0-8926-618182adcc10,10.0,High Producing Exotic Grassland,,Western Bay of Plenty District
c3394fc0-5265-43f9-a95e-a2b04a40a3e2,10.0,Lake or Pond,Tauranga,Tauranga City
c33cd3d8-2313-4bfc-9493-af42988a0e20,10.0,High Producing Exotic Grassland,,Western Bay of Plenty District
c3406a6c-635c-4e0e-b424-5780ebaacb82,10.0,High Producing Exotic Grassland,Te Puke,Western Bay of Plenty District
c340ffb7-d639-445a-b074-7820941fe299,10.0,High Producing Exotic Grassland,Tauranga,Western Bay of Plenty District
c34606f9-f1ce-44c4-9f6f-371afae53341,10.0,Urban Parkland/Open Space,Tauranga,Tauranga City
c34632c0-0639-48bc-94a4-7fb4e9b7a4c9,10.0,High Producing Exotic Grassland,,Western Bay of Plenty District
c355ccca-1e3d-4613-98bf-26c6d3fd70c8,10.0,High Producing Exotic Grassland,,Western Bay of Plenty District
c355daa1-5f15-45a5-b0ad-5623d7b665df,10.0,High Producing Exotic Grassland,,Western Bay of Plenty District
c3569432-9b45-4cf6-b870-3cedf6eadf0f,10.0,High Producing Exotic Grassland,Tauranga,Western Bay of Plenty District
c362ea91-a7db-47fd-bace-ed51681900ef,10.0,High Producing Exotic Grassland,,Western Bay of Plenty District
c36a33a9-0209-4608-9136-50e1e5c37bd7,8.0,High Producing Exotic Grassland,,Whakatane District
c36ec7b5-b745-4721-89bc-f67e4eef4fde,10.0,High Producing Exotic Grassland,,Western Bay of Plenty District
c3740b39-d112-47bb-a0aa-6838f16e7fd1,10.0,High Producing Exotic Grassland,,Western Bay of Plenty District
c3814bfd-f449-4219-a1d0-cbc6bd70ede5,10.0,High Producing Exotic Grassland,,Western Bay of Plenty District
c3867433-450c-462e-b8be-4455f34b0bbd,8.4,High Producing Exotic Grassland,,Ōpōtiki District
c387a5db-9699-4513-bfdb-b2776e2bde57,10.0,High Producing Exotic Grassland,,Western Bay of Plenty District
c38fd8a8-8a65-422e-8263-e0eb9dbc69d0,8.4,High Producing Exotic Grassland,,Ōpōtiki District
c39041ec-77fb-42bb-828b-96002f942796,10.0,Manuka and/or Kanuka,,Ōpōtiki District
c397546f-fe17-42e8-a97e-991efe3667b5,8.8,High Producing Exotic Grassland,,Western Bay of Plenty District
c3a1166f-aa5d-4a6d-b275-d7b4a1412453,10.0,Built-up Area (settlement),Tauranga,Tauranga City
c3a1f8c1-7900-4f2c-b74d-0756de048841,10.0,High Producing Exotic Grassland,,Western Bay of Plenty District
c3a7153b-0417-47f2-a9de-c13b7603dfb4,8.0,High Producing Exotic Grassland,,Western Bay of Plenty District
c3a75ae4-47de-47c1-b1d1-cfb3d3601d93,10.0,High Producing Exotic Grassland,,Western Bay of Plenty District
c3b2ab39-5e9d-4f58-a2bb-4e9625c8005e,8.0,High Producing Exotic Grassland,,Whakatane District
c3b36d07-f1da-4d01-805e-26e3360656f8,10.0,High Producing Exotic Grassland,,Western Bay of Plenty District
c3bb3278-fece-43a3-87bf-e3e338b37126,10.0,High Producing Exotic Grassland,,Western Bay of Plenty District
c3c0dd43-ccad-450b-ad30-d6706721d592,10.0,Transport Infrastructure,Tauranga,Tauranga City
c3d84954-70c0-4942-9446-69e7d34b6b6c,8.8,Exotic Forest,,Western Bay of Plenty District
c3df29cd-4914-49ee-aa66-427c58cd0b5c,8.0,High Producing Exotic Grassland,,Whakatane District
c3e07532-8455-475f-aaa9-7aaf03d12517,8.4,Urban Parkland/Open Space,,Whakatane District
c3e5def1-7c3e-40ec-886b-339a40b7f584,8.0,High Producing Exotic Grassland,,Whakatane District
c3e812e2-af6a-4d04-81f2-02d072e0a885,8.8,High Producing Exotic Grassland,,Western Bay of Plenty District
c3fc94e0-adb5-412d-bf28-8de2d61ffa92,10.0,High Producing Exotic Grassland,Katikati,Western Bay of Plenty District
c41599ab-9bc0-40a4-b7e1-7519df5c6c01,10.0,High Producing Exotic Grassland,,Western Bay of Plenty District
c418635a-74c6-436c-9829-3a8ff9c30eda,10.0,Indigenous Forest,,Western Bay of Plenty District
c41ec561-f5d4-4eea-82f2-335eb3bdf6ee,8.0,Indigenous Forest,,Western Bay of Plenty District
c422b259-a93c-4155-b9c6-8c6becd8651c,10.0,High Producing Exotic Grassland,,Western Bay of Plenty District
c42346f3-804f-472a-98cb-082e74efb244,10.0,High Producing Exotic Grassland,,Western Bay of Plenty District
c4255705-ecae-492b-8b53-e0433d84f252,10.0,High Producing Exotic Grassland,,Ōpōtiki District
c4371d3e-889b-4841-a9f9-0391ce5433ae,10.0,Indigenous Forest,,Whakatane District
c44d5e31-17c9-4824-a45c-be0e867da5bc,8.0,Built-up Area (settlement),,Tauranga City
c45758c2-2a5b-4725-afb0-9453e6f7dc53,10.0,High Producing Exotic Grassland,,Western Bay of Plenty District
c459dbc8-675c-4f76-80e2-d47210b9514d,10.0,Exotic Forest,,Western Bay of Plenty District
c46ed891-f1df-40e3-8d68-7979daa9dc94,10.0,High Producing Exotic Grassland,Katikati,Western Bay of Plenty District
c471e216-fa5c-4161-987d-d72ab0b629b0,10.0,High Producing Exotic Grassland,,Western Bay of Plenty District
c472adcb-7ea9-401b-86f5-a1b39f93385e,10.0,High Producing Exotic Grassland,,Western Bay of Plenty District
c4995469-5663-4abe-8c14-e2e2b0709e90,10.0,High Producing Exotic Grassland,Tauranga,Western Bay of Plenty District
c4a75c33-343c-4b04-ae38-77e95fe4c2e1,10.0,Built-up Area (settlement),Tauranga,Tauranga City
c4ab8d82-619f-49d9-aaef-9785c52ad445,10.0,High Producing Exotic Grassland,,Western Bay of Plenty District
c4b86e15-faee-4fc3-b081-fa212fa3edee,8.0,High Producing Exotic Grassland,,Whakatane District
c4b9e2c7-ede0-4149-9008-a33ad26e00a4,8.0,High Producing Exotic Grassland,,Western Bay of Plenty District
c4c13fd5-a96c-4859-ba61-5ae72f971064,8.4,High Producing Exotic Grassland,,Ōpōtiki District
c4c26e45-62b0-4b3b-83db-060d8bb46abf,10.0,High Producing Exotic Grassland,,Western Bay of Plenty District
c4cc7001-be05-4881-a891-d186651fc30e,8.0,Broadleaved Indigenous Hardwoods,,Western Bay of Plenty District
c4d94adb-de84-4756-a337-859d42d5b5ae,10.0,High Producing Exotic Grassland,,Whakatane District
c4d9798c-39a1-4f18-8b6f-1d34e87d05c3,9.6,High Producing Exotic Grassland,,Western Bay of Plenty District
c4dd169c-d323-441d-bc3d-74814f44318f,10.0,High Producing Exotic Grassland,Tauranga,Tauranga City
c4dfbdf6-b854-4745-8d75-13d06911c8f8,8.0,High Producing Exotic Grassland,,Whakatane District
c4e56924-0757-44dd-8bc2-e9b29d0e45d8,8.0,High Producing Exotic Grassland,,Western Bay of Plenty District
c4e9d7b4-5c81-4ee6-ba0b-371a374e372d,10.0,High Producing Exotic Grassland,Katikati,Western Bay of Plenty District
c4f4af38-98c4-40d4-8423-588ea7da1232,10.0,Broadleaved Indigenous Hardwoods,,Western Bay of Plenty District
c4f5a643-035d-48f5-ab5e-858ab5ff4722,10.0,Gorse and/or Broom,,Western Bay of Plenty District
c4f91bbf-07f2-4eaf-9a82-a71ce89cc6cf,10.0,High Producing Exotic Grassland,,Western Bay of Plenty District
c506a3f8-52e1-4c8f-9741-b4a8f0f13bf7,8.0,High Producing Exotic Grassland,,Western Bay of Plenty District
c508fa3f-501e-4681-b180-72865fb2d30a,8.0,High Producing Exotic Grassland,,Whakatane District
c51bc8f4-de89-45bd-8bf5-abed9ec57af1,8.8,Indigenous Forest,,Western Bay of Plenty District
c51dcdcd-3593-4deb-a3ca-9496ff5014e0,10.0,High Producing Exotic Grassland,Tauranga,Western Bay of Plenty District
c5227d14-8087-4857-9a1f-e7a893ebe6ba,10.0,High Producing Exotic Grassland,,Western Bay of Plenty District
c5246e53-58e2-49bf-b95a-19d8a081e549,10.0,High Producing Exotic Grassland,,Western Bay of Plenty District
c525f9c4-e9fe-4b8e-abba-d56f45989c65,8.0,High Producing Exotic Grassland,,Whakatane District
c5273e73-a1fd-4024-84c0-02eb24ef518d,8.0,High Producing Exotic Grassland,,Whakatane District
c527a568-5004-46d7-a4e5-441d664fd7b9,8.8,High Producing Exotic Grassland,,Western Bay of Plenty District
c528e5fd-fa17-4b16-8823-e38470c27f7e,10.0,High Producing Exotic Grassland,,Western Bay of Plenty District
c5296e92-aa8d-4640-b358-c6e0ea369dee,8.0,High Producing Exotic Grassland,,Western Bay of Plenty District
c52c35bf-0c93-42bc-8e4f-d8542e017e5f,10.0,Urban Parkland/Open Space,,Western Bay of Plenty District
c530ae12-e8a8-4c6e-b545-de3f642c675d,10.0,High Producing Exotic Grassland,,Western Bay of Plenty District
c53c62b9-1195-446e-92ec-415cac12d159,8.8,High Producing Exotic Grassland,,Western Bay of Plenty District
c53da732-35a1-4286-b3ff-f8a1ba06f398,10.0,High Producing Exotic Grassland,,Western Bay of Plenty District
c5502163-5ca2-4fe7-9746-a5c7412fb6e4,8.4,High Producing Exotic Grassland,,Ōpōtiki District
c5513fdf-8237-4851-9f00-cc82e341f697,8.0,Broadleaved Indigenous Hardwoods,,Whakatane District
c5539316-2941-4635-bb23-3b5a2bbe1fb0,10.0,Broadleaved Indigenous Hardwoods,,Whakatane District
c556b529-a061-44fa-b85b-6efead3ebe9c,8.8,Indigenous Forest,,Western Bay of Plenty District
c559bb64-4bff-4e4d-a999-d2586135ddae,8.4,High Producing Exotic Grassland,,Whakatane District
c56207f4-aae2-4dae-9834-d785b891ceb1,8.0,Indigenous Forest,Te Puke,Western Bay of Plenty District
c56b4038-fd5f-4f3a-bd7f-dc28de9bae1d,8.0,High Producing Exotic Grassland,,Whakatane District
c576f98d-2cac-49ea-93a5-ea924575af1d,10.0,Manuka and/or Kanuka,,Ōpōtiki District
c5862cb9-17f6-4751-9ceb-e2d52e123664,10.0,High Producing Exotic Grassland,,Western Bay of Plenty District
c58fda8f-e42a-4b84-a3ab-dc06f5434afb,10.0,Sand and Gravel,,Tauranga City
c5953c52-ac10-4e4d-8858-f4eaca42aceb,10.0,High Producing Exotic Grassland,,Western Bay of Plenty District
c5a55879-108d-4cf8-a18c-93c4c3e6f174,8.4,High Producing Exotic Grassland,,Ōpōtiki District
c5a8443e-2404-40bc-965c-8523a5f8c5e5,10.0,High Producing Exotic Grassland,,Whakatane District
c5a8df55-749d-41e3-930d-8a2f901a3179,10.0,High Producing Exotic Grassland,,Western Bay of Plenty District
c5b3110f-bf43-4cc3-a517-ffb78cb37be3,9.6,Broadleaved Indigenous Hardwoods,Tauranga,Tauranga City
c5c4efe1-6354-4bef-a0ed-08505e6ef58f,8.4,High Producing Exotic Grassland,,Whakatane District
c5c70b8a-42c0-4a98-9f83-b7bdc61c2842,10.0,High Producing Exotic Grassland,,Ōpōtiki District
c5cdad00-33bf-4b22-8d0c-c718fef47091,10.0,High Producing Exotic Grassland,Tauranga,Tauranga City
c5dcfef4-5764-4276-b317-4b6283f9bf35,10.0,High Producing Exotic Grassland,,Ōpōtiki District
c5ec6950-3127-4260-b0a8-0b1e0f764268,8.4,High Producing Exotic Grassland,,Ōpōtiki District
c5f69c12-0052-4ffa-aaa5-61a639512d8e,10.0,High Producing Exotic Grassland,Tauranga,Tauranga City
c5f9d163-b0d9-43d4-ba7c-e7e1eda8429d,10.0,High Producing Exotic Grassland,,Whakatane District
c61fb98b-84c5-40e9-b6b0-ddeabc01ef46,8.0,High Producing Exotic Grassland,,Western Bay of Plenty District
c62b6a85-3fe3-4183-a119-ab98ffa6a573,8.0,Low Producing Grassland,,Western Bay of Plenty District
c630f67e-cbc4-4a1c-954e-d69758a787b4,8.0,High Producing Exotic Grassland,,Whakatane District
c6328790-217f-474f-b293-db3e57bd7c77,10.0,High Producing Exotic Grassland,,Western Bay of Plenty District
c6391da7-9e6c-43d3-88cb-b7baa38c4a0b,8.8,High Producing Exotic Grassland,,Western Bay of Plenty District
c639f569-7573-4954-a1be-0e3588698fbc,9.5,Exotic Forest,,Western Bay of Plenty District
c63b60c6-9cca-4091-a71b-38ef47eaff38,8.4,High Producing Exotic Grassland,,Ōpōtiki District
c643969d-d8b7-46f1-9c42-609481359d75,8.0,Indigenous Forest,Pongakawa,Western Bay of Plenty District
c64476d5-e66c-4648-84bd-d7f3d1c9a8a2,10.0,High Producing Exotic Grassland,,Western Bay of Plenty District
c649cf7d-6155-4af3-b444-6307ba7a222b,8.0,Exotic Forest,,Whakatane District
c65a87f6-4fa4-4025-af91-60d986580933,8.4,High Producing Exotic Grassland,,Ōpōtiki District
c65b9b01-b85a-4a06-9efb-b58bf328a58d,10.0,High Producing Exotic Grassland,,Western Bay of Plenty District
c65d8b67-0df9-4955-b51e-19bdb7b9ca80,10.0,High Producing Exotic Grassland,Tauranga,Tauranga City
c65f333d-1b07-4fcd-acfe-c693044d4913,10.0,High Producing Exotic Grassland,,Western Bay of Plenty District
c662ead0-e34a-4fe5-923d-97832e41b4e9,8.0,High Producing Exotic Grassland,,Whakatane District
c671c8b7-9ddf-4374-9370-673efe42f60c,10.0,High Producing Exotic Grassland,,Ōpōtiki District
c6720c9a-3286-4e43-8455-3ed234b74dd6,10.0,High Producing Exotic Grassland,Tauranga,Western Bay of Plenty District
c6787eaa-8f86-45e9-9d18-51b05e69058d,8.0,High Producing Exotic Grassland,,Western Bay of Plenty District
c67f9864-934e-49fb-a588-816ed2e35c8c,8.4,High Producing Exotic Grassland,,Whakatane District
c68a078e-6edb-47eb-904e-b1c4914e4bb4,10.0,Indigenous Forest,,Ōpōtiki District
c68f4f04-3f69-4a45-9cec-075fc9207eab,8.0,Exotic Forest,,Western Bay of Plenty District
c6972315-f78a-45fa-8bfc-bbf3ecf54611,10.0,Forest - Harvested,,Western Bay of Plenty District
c69d9c28-3642-42cc-aa39-c8e3e14cc0a9,10.0,High Producing Exotic Grassland,,Western Bay of Plenty District
c6ad7a25-d013-41ac-8bfe-b2781b1ef1f3,10.0,High Producing Exotic Grassland,,Western Bay of Plenty District
c6b8cddb-32c9-4e32-b8b7-fb5dbbc17b40,10.0,High Producing Exotic Grassland,,Western Bay of Plenty District
c6ba05a0-1f1a-4309-b1a0-502aa20aa24a,10.0,High Producing Exotic Grassland,,Western Bay of Plenty District
c6c2c340-8eb9-42a9-9b61-3320ca8af8dc,10.0,High Producing Exotic Grassland,Tauranga,Tauranga City
c6c57f85-411e-42cc-a236-42f0f4e9a029,10.0,High Producing Exotic Grassland,,Western Bay of Plenty District
c6d0374c-5f01-4e18-a038-01748b0bc137,8.0,High Producing Exotic Grassland,,Whakatane District
c6d3746d-edb9-4a2a-be08-85a334679939,8.0,High Producing Exotic Grassland,,Whakatane District
c6d7abc3-77c8-41bb-b1ae-8686f252aaaf,8.0,Indigenous Forest,,Whakatane District
c6d8dcff-5b3b-4312-b491-4da57f87dcc5,8.0,Indigenous Forest,,Whakatane District
c6dada22-a65a-472c-8b62-9f638b000b1e,10.0,High Producing Exotic Grassland,,Whakatane District
c6dbee82-82bb-4746-b0ef-a8adfc527650,9.6,Indigenous Forest,,Western Bay of Plenty District
c6e2390e-961a-43e2-b7ba-48f24f5fe7e7,8.4,High Producing Exotic Grassland,,Whakatane District
c6e6d145-65fa-4086-844b-2fc684a39744,10.0,High Producing Exotic Grassland,,Western Bay of Plenty District
c6eb421d-f273-4cec-a5a4-5060f25ab480,8.0,Indigenous Forest,,Ōpōtiki District
c6ee5a8d-f5af-4cab-bd75-06fd4858b561,8.0,High Producing Exotic Grassland,,Whakatane District
c6f5cf59-2f38-4895-a91a-a6bc3ddcac30,8.4,High Producing Exotic Grassland,,Whakatane District
c7072550-c418-46c5-a97e-19d2da2eefc6,8.0,High Producing Exotic Grassland,,Western Bay of Plenty District
c709b339-a104-4d8a-97ad-b57f404ab5f6,10.0,High Producing Exotic Grassland,,Western Bay of Plenty District
c70c394e-115b-43fa-b163-39784906cefd,8.4,High Producing Exotic Grassland,,Ōpōtiki District
c70c7459-86cc-4272-81ee-82777ddcbe63,8.0,High Producing Exotic Grassland,Pongakawa,Western Bay of Plenty District
c70ccd8d-c79b-48cd-bdb1-a00b8b49a1d2,10.0,High Producing Exotic Grassland,Tauranga,Tauranga City
c715eb0d-83a8-4bbf-945e-92efe29b1800,10.0,High Producing Exotic Grassland,Tauranga,Tauranga City
c71dd54e-0c1b-444d-8112-f2cdcce67b2c,8.0,High Producing Exotic Grassland,Te Puke,Western Bay of Plenty District
c7298511-8f44-4c61-8828-a48a8be070cc,10.0,Manuka and/or Kanuka,,Ōpōtiki District
c72b3fce-b118-44bc-a602-50a737deb4f3,8.0,High Producing Exotic Grassland,,Western Bay of Plenty District
c7394eed-683a-4cf2-8980-c41743675682,10.0,High Producing Exotic Grassland,,Western Bay of Plenty District
c73f3722-50e4-42ae-b821-92d2b566e7ca,8.0,High Producing Exotic Grassland,Te Puke,Western Bay of Plenty District
c74242a4-3739-4d28-920a-0e710477455e,8.4,High Producing Exotic Grassland,,Ōpōtiki District
c74cf036-161a-4c07-b83c-f526d914c274,10.0,High Producing Exotic Grassland,,Whakatane District
c7514c64-691e-43f4-962f-a8f03a7e7283,10.0,Built-up Area (settlement),,Western Bay of Plenty District
c75b2537-f2f9-4203-b451-69d278b8dd59,8.0,High Producing Exotic Grassland,,Whakatane District
c75c3615-5d5c-4352-b641-3c816b218f48,10.0,High Producing Exotic Grassland,,Western Bay of Plenty District
c7713f25-ae38-4261-b235-3269690bd0e9,10.0,High Producing Exotic Grassland,Katikati,Western Bay of Plenty District
c77a063a-2368-4a95-8a5f-f059f88c841c,8.4,High Producing Exotic Grassland,,Whakatane District
c7830c83-398e-4372-9bd1-11415c67fdd7,10.0,High Producing Exotic Grassland,,Western Bay of Plenty District
c784e013-31a6-400f-840d-501cb263a103,10.0,High Producing Exotic Grassland,Katikati,Western Bay of Plenty District
c7886cf9-34c8-4129-9c21-e9326a700b62,8.0,High Producing Exotic Grassland,,Western Bay of Plenty District
c792eb98-8761-4301-a0c2-b420c998c327,8.0,High Producing Exotic Grassland,,Western Bay of Plenty District
c79b5c4c-05d4-421a-bbe1-774214766725,10.0,High Producing Exotic Grassland,,Tauranga City
c79c1b65-ff4d-43fa-835b-6b6fc371b07a,8.4,High Producing Exotic Grassland,,Ōpōtiki District
c7a71d44-e6fa-4f73-a4e9-8653a12b4c2a,8.0,Manuka and/or Kanuka,,Whakatane District
c7aa41eb-8e40-4f3d-a4d3-f085ae9be333,10.0,High Producing Exotic Grassland,,Western Bay of Plenty District
c7b89f87-7239-4a26-a717-a3860f0b49d1,9.6,High Producing Exotic Grassland,Tauranga,Western Bay of Plenty District
c7d1073e-81d3-42f9-9d60-1120d32051bb,8.0,High Producing Exotic Grassland,,Whakatane District
c7dcc2e4-48dd-4e65-a0ad-8e274035b31c,10.0,Exotic Forest,,Western Bay of Plenty District
c7e5c2b4-7a83-4870-b5d2-5d4604359ad9,9.6,Indigenous Forest,Tauranga,Western Bay of Plenty District
c7eb4061-1cdc-4495-8c03-415cedb6fe81,8.4,High Producing Exotic Grassland,,Whakatane District
c80eb06f-ecad-45d2-a4bc-c6c88649e4f2,10.0,High Producing Exotic Grassland,,Western Bay of Plenty District
c812fb8f-661e-45f5-af57-ac638bfe3b71,10.0,High Producing Exotic Grassland,,Western Bay of Plenty District
c81ef360-40af-4725-bd6c-f9dea7a803ec,8.0,High Producing Exotic Grassland,Te Puke,Western Bay of Plenty District
c81fd6c2-ceb1-4979-868d-f6dbcf9fa7b4,9.6,Indigenous Forest,Tauranga,Western Bay of Plenty District
c8241217-a354-47a6-838e-a92a9f01da21,10.0,Transport Infrastructure,,Western Bay of Plenty District
c82949eb-5c48-41b2-afbe-ee84f10e34ad,8.0,High Producing Exotic Grassland,,Whakatane District
c8302794-12cc-4749-8870-c3a53a0263f7,10.0,High Producing Exotic Grassland,Tauranga,Tauranga City
c839c1b1-f54e-4e3b-a984-799982b53fe3,10.0,High Producing Exotic Grassland,,Western Bay of Plenty District
c84bd3bf-1067-41bb-8ba3-e134c454008f,10.0,High Producing Exotic Grassland,,Western Bay of Plenty District
c8512100-4fb1-4c0f-aaca-dc813aec2abe,10.0,Manuka and/or Kanuka,,Ōpōtiki District
c854ce74-9dda-4b9d-8e8b-99e0ee97301b,8.0,High Producing Exotic Grassland,,Western Bay of Plenty District
c85b2b49-470c-4de7-884b-f1d534885c6f,10.0,High Producing Exotic Grassland,Tauranga,Western Bay of Plenty District
c86fbf17-f372-4b07-8881-f0bdd78d7eb8,10.0,High Producing Exotic Grassland,,Western Bay of Plenty District
c87e14af-67ba-4462-86c9-bfe7783e7e52,10.0,Indigenous Forest,,Whakatane District
c87f91a3-d16c-43d5-8d99-1462d5e4a20e,10.0,High Producing Exotic Grassland,,Western Bay of Plenty District
c8891134-bc94-4ffd-ae5c-5edc03250dc7,10.0,High Producing Exotic Grassland,,Tauranga City
c896f31b-f549-4b3f-a512-098440066a53,10.0,Indigenous Forest,,Ōpōtiki District
c899e05b-5d6d-48b6-8bdc-849230d7df3b,10.0,High Producing Exotic Grassland,,Western Bay of Plenty District
c89debb4-c25c-4a43-baac-b1e326e7c1dc,10.0,High Producing Exotic Grassland,,Western Bay of Plenty District
c8a17f8a-eb2e-4d15-ba9a-e4eca4910f3d,8.4,Manuka and/or Kanuka,,Western Bay of Plenty District
c8a33225-be9f-48ea-8333-39ad6955ab96,9.6,Low Producing Grassland,,Whakatane District
c8aa9af1-b2e3-4e42-8830-91ed71919d10,10.0,Built-up Area (settlement),Tauranga,Tauranga City
c8ad38bc-5612-462b-9f96-36099059b588,8.0,High Producing Exotic Grassland,,Whakatane District
c8adc86d-998d-4b25-ae5b-ec434351a8b8,9.6,Low Producing Grassland,,Western Bay of Plenty District
c8b17b7a-17bc-434e-8612-12ea31c5e494,10.0,High Producing Exotic Grassland,,Western Bay of Plenty District
c8b4cfcf-0a2e-4166-a793-494a7b71ee19,10.0,High Producing Exotic Grassland,,Tauranga City
c8c09d56-7d87-49c0-a6ca-46eeadac249f,10.0,High Producing Exotic Grassland,,Western Bay of Plenty District
c8c13919-c167-497a-bf99-243db797f771,10.0,High Producing Exotic Grassland,,Western Bay of Plenty District
c8c4e7aa-7791-40fb-affa-f3837e0207bf,10.0,High Producing Exotic Grassland,,Western Bay of Plenty District
c8cac68a-2d31-482b-b01c-cc61df112733,10.0,Forest - Harvested,,Western Bay of Plenty District
c8cff8b4-5fc0-4b6a-8753-9bfe6335629d,8.4,High Producing Exotic Grassland,,Whakatane District
c8d9e9c6-8dfb-4359-8ad9-e8f7f38e30d0,10.0,High Producing Exotic Grassland,,Western Bay of Plenty District
c8da2600-2722-492a-9db5-3f6cbc025c7f,10.0,Short-rotation Cropland,,Western Bay of Plenty District
c8e7d68b-9735-43d7-a833-1aabbe0d74d7,10.0,High Producing Exotic Grassland,Tauranga,Western Bay of Plenty District
c8e862d4-caa8-4b78-a88a-31bcf608f0b7,8.0,High Producing Exotic Grassland,,Whakatane District
c8ea4cb0-68bd-40d8-a116-c6a86439ff7e,10.0,Exotic Forest,,Western Bay of Plenty District
c8eea166-fb05-42b7-a3d1-2329a0553dc5,8.4,High Producing Exotic Grassland,,Whakatane District
c8effbac-f420-4e14-bfc2-fc0c7653e982,8.0,High Producing Exotic Grassland,,Western Bay of Plenty District
c8fcda70-dac1-4449-90cd-965d3aea7120,10.0,Exotic Forest,,Western Bay of Plenty District
c900ecb3-758a-4d46-a1e6-d70d598d8dcb,10.0,High Producing Exotic Grassland,,Western Bay of Plenty District
c903739f-0907-4e28-95ed-9455f5b7b5c6,10.0,Exotic Forest,,Western Bay of Plenty District
c90889ba-f437-45a7-8314-959979e2d0cf,10.0,High Producing Exotic Grassland,,Western Bay of Plenty District
c91413b6-d483-4c95-ac3f-1e03362ec3c6,10.0,High Producing Exotic Grassland,,Western Bay of Plenty District
c9171788-9fdc-4947-b7a5-2833a69f5129,10.0,High Producing Exotic Grassland,Tauranga,Western Bay of Plenty District
c91a703c-74bd-449c-b623-aff3f89366ac,8.0,High Producing Exotic Grassland,,Whakatane District
c91f6bf0-6c69-4a30-a92e-97bddca67799,8.0,Built-up Area (settlement),Te Puke,Western Bay of Plenty District
c9230037-95b4-430a-8a13-2bc1758b8904,8.0,Indigenous Forest,,Western Bay of Plenty District
c923d723-327a-46a3-b4f9-34549f55cc2d,10.0,High Producing Exotic Grassland,,Western Bay of Plenty District
c9259165-c819-41f2-8772-68b83bd1e90f,10.0,High Producing Exotic Grassland,,Whakatane District
c926d70f-c177-470d-87ba-93aa77d254a3,9.6,High Producing Exotic Grassland,,Western Bay of Plenty District
c92c0857-bd2d-4642-935c-432155b76105,10.0,High Producing Exotic Grassland,Tauranga,Tauranga City
c939d5ad-d30e-4c85-b9d5-6bbdba1b498c,10.0,High Producing Exotic Grassland,,Western Bay of Plenty District
c93c3d91-c1f6-418a-9f73-798a554a7454,10.0,High Producing Exotic Grassland,,Whakatane District
c93c87b6-78a6-40b9-b856-0ce9baa791f6,8.0,High Producing Exotic Grassland,,Whakatane District
c93f310e-aa59-4c63-8e56-8d5c91a1c897,10.0,High Producing Exotic Grassland,,Western Bay of Plenty District
c9417750-35f9-4e78-8d65-42f61a5641a0,8.0,High Producing Exotic Grassland,,Whakatane District
c94676b9-24dd-434c-80fc-cbff41197eba,10.0,High Producing Exotic Grassland,,Whakatane District
c95da42a-82bf-4eea-98f6-3cfdcd9426c2,8.0,High Producing Exotic Grassland,,Whakatane District
c96086ee-1852-4d1f-b473-08518fd006f5,8.0,High Producing Exotic Grassland,Pongakawa,Western Bay of Plenty District
c96a1d8f-0591-4465-b077-9268d8662242,8.4,High Producing Exotic Grassland,,Ōpōtiki District
c96f80f5-a08e-4f01-a2ee-84e30a22eb11,10.0,Indigenous Forest,,Ōpōtiki District
c97aae32-825a-496c-995b-c17756c36628,10.0,Built-up Area (settlement),Tauranga,Tauranga City
c9831bcd-69d2-45a0-9b37-8187c2377218,10.0,High Producing Exotic Grassland,Tauranga,Tauranga City
c9877dbf-89b7-4d5a-aec3-8c7a7bf49208,10.0,Herbaceous Freshwater Vegetation,Tauranga,Tauranga City
c98a606a-9d49-48b6-97dd-6099d461105e,8.8,Indigenous Forest,,Western Bay of Plenty District
c98cdf88-193d-473b-8ceb-ffda76c5035a,10.0,High Producing Exotic Grassland,,Western Bay of Plenty District
c9900175-424e-473f-a4d0-0207682673f7,8.0,High Producing Exotic Grassland,,Ōpōtiki District
c9971afc-6162-429a-a33c-d2a17532d10d,8.0,High Producing Exotic Grassland,,Whakatane District
c9a246bc-45f2-4587-a84a-f60c8c3399c2,10.0,High Producing Exotic Grassland,,Western Bay of Plenty District
c9a7793a-dfd3-4f4a-8595-4e6361ada11f,10.0,High Producing Exotic Grassland,,Western Bay of Plenty District
c9b96e35-2711-4fd8-a998-fcd96ae060ba,10.0,High Producing Exotic Grassland,,Ōpōtiki District
c9c44b6b-69be-4fec-b0fb-c454135e0b8f,9.6,Indigenous Forest,,Western Bay of Plenty District
c9cff5d6-6fdc-4ecf-a685-326c0552e334,10.0,High Producing Exotic Grassland,,Western Bay of Plenty District
ca00d0e0-17c6-4804-a8c7-06753ae2d664,9.6,Broadleaved Indigenous Hardwoods,,Western Bay of Plenty District
ca09fdea-632c-423c-a7a5-70b79489b166,8.0,High Producing Exotic Grassland,,Whakatane District
ca0d3be7-aa81-40c0-9f6f-0ead377e7f53,10.0,High Producing Exotic Grassland,,Western Bay of Plenty District
ca0fcae4-385c-47a0-9e16-5019ebc6fc66,10.0,High Producing Exotic Grassland,Opotiki,Ōpōtiki District
ca2032f0-bfca-4197-907d-6ca437386a42,10.0,High Producing Exotic Grassland,,Ōpōtiki District
ca22ee5e-bcc1-4b47-a98c-da833fcb2efe,10.0,High Producing Exotic Grassland,,Western Bay of Plenty District
ca27a675-0850-4426-a071-fb0e3fd5650f,8.4,High Producing Exotic Grassland,,Whakatane District
ca29ee8d-2dd9-45e4-b7da-471e0b66038f,8.0,High Producing Exotic Grassland,Pongakawa,Western Bay of Plenty District
ca3e078a-67e4-4291-a031-59de5d03d351,8.4,Short-rotation Cropland,,Whakatane District
ca4171f8-56fc-4bf7-9894-eab2e62abc24,10.0,High Producing Exotic Grassland,,Western Bay of Plenty District
ca43cac0-9338-4eb4-a05c-c1bd8b3a85b1,10.0,High Producing Exotic Grassland,,Whakatane District
ca530b55-5c93-444b-9390-170a41c030a5,10.0,High Producing Exotic Grassland,,Western Bay of Plenty District
ca56b7d2-28d5-438a-9f6f-c58224b2b8f1,8.0,Exotic Forest,,Whakatane District
ca573cfd-d816-4d6b-b7d0-1f75a10316a9,10.0,High Producing Exotic Grassland,,Western Bay of Plenty District
ca6873cd-714c-4ca4-a3db-e048e71386ea,10.0,High Producing Exotic Grassland,,Ōpōtiki District
ca7056b9-3747-4a63-9dd4-742c706bd8ae,10.0,High Producing Exotic Grassland,,Western Bay of Plenty District
ca72e39d-6eb1-495f-81a2-9b668bcff018,10.0,Exotic Forest,Te Puke,Western Bay of Plenty District
ca899e5a-29cb-4109-beef-fc14e72bcb33,8.0,Exotic Forest,,Whakatane District
ca8b158f-534c-4523-8413-1616f72d4c6e,8.0,High Producing Exotic Grassland,,Whakatane District
ca9752db-ba34-4061-b715-8b0b62b21466,10.0,High Producing Exotic Grassland,,Western Bay of Plenty District
ca982678-40fc-4e3b-83f6-85345f12fd3a,10.0,High Producing Exotic Grassland,,Western Bay of Plenty District
ca9b0219-b2ce-4b54-b05f-5c2574482243,10.0,Transport Infrastructure,Tauranga,Western Bay of Plenty District
ca9e37ab-a1f0-4d5d-997b-3ffa3a2feb97,10.0,High Producing Exotic Grassland,Tauranga,Tauranga City
caac2dd4-429b-45ca-a336-d47069deea93,8.8,High Producing Exotic Grassland,,Western Bay of Plenty District
caad095c-80c0-412b-b897-b5fa011bc25b,8.0,High Producing Exotic Grassland,,Western Bay of Plenty District
caae3bb4-7bd7-41e5-837d-b31e254e4d71,8.0,Exotic Forest,,Whakatane District
cab17459-28ea-423d-83b6-732bb61a66b2,10.0,High Producing Exotic Grassland,Tauranga,Western Bay of Plenty District
cabeee28-56a4-4d77-b5ff-0f511853616c,10.0,High Producing Exotic Grassland,,Western Bay of Plenty District
cac8a106-144b-4b24-abc8-2955fbbdf96f,10.0,High Producing Exotic Grassland,,Western Bay of Plenty District
cae02412-eaff-4010-b8e1-b06eecb574fa,10.0,High Producing Exotic Grassland,,Western Bay of Plenty District
cae0573c-6e21-46d5-866c-f442af07cc10,10.0,Built-up Area (settlement),Tauranga,Tauranga City
cae2c0c9-e52a-4fe5-a6dc-1e2af9c3be68,10.0,High Producing Exotic Grassland,,Western Bay of Plenty District
caefac2a-37b7-4eaf-8802-f8c6fdd2bf36,8.4,High Producing Exotic Grassland,,Whakatane District
caf3f9bd-448a-4795-9566-c8d668ea3dbd,8.0,Built-up Area (settlement),,Tauranga City
caf9e2cf-c4e4-4368-a306-91ada259278a,8.0,High Producing Exotic Grassland,,Whakatane District
cafefc01-c756-4749-ab13-10ba40857b2f,10.0,High Producing Exotic Grassland,Tauranga,Tauranga City
cb002754-a66b-4e50-a1e5-b1cb3fbd896b,8.4,High Producing Exotic Grassland,,Ōpōtiki District
cb1def1b-cc1f-45ee-94d1-dd34945d7b88,10.0,Exotic Forest,,Western Bay of Plenty District
cb2acc9c-6ee0-42c3-b3f7-f844e952ee34,10.0,High Producing Exotic Grassland,,Western Bay of Plenty District
cb2db542-85b8-4d83-8dc5-351caf8edb02,10.0,High Producing Exotic Grassland,Tauranga,Western Bay of Plenty District
cb397c36-3dce-48bd-9d4c-e04948b8b74f,10.0,Short-rotation Cropland,,Western Bay of Plenty District
cb3a2299-430f-4bcc-99e1-47ae92bc7d76,10.0,Built-up Area (settlement),Tauranga,Tauranga City
cb4c7ddd-2516-49ff-8bcd-1769def36482,8.4,High Producing Exotic Grassland,,Western Bay of Plenty District
cb57fa11-0fa2-45ec-ad47-c82f1e6d2b1e,10.0,Built-up Area (settlement),,Tauranga City
cb5d1770-af7a-4a59-951d-bdec16bad403,10.0,High Producing Exotic Grassland,,Western Bay of Plenty District
cb5febd1-d62a-4dcb-a342-096414476385,10.0,High Producing Exotic Grassland,,Western Bay of Plenty District
cb6396d6-a949-4320-a683-1007d64f7819,10.0,High Producing Exotic Grassland,,Western Bay of Plenty District
cb6966e6-91d1-41a1-bb20-106f188a78fe,10.0,High Producing Exotic Grassland,,Western Bay of Plenty District
cb7cc958-6c61-45df-abee-385ca8f8401e,8.0,High Producing Exotic Grassland,,Western Bay of Plenty District
cb85203e-80dd-4380-8848-db6fb04c8ae2,8.4,Short-rotation Cropland,,Whakatane District
cb86962a-07bb-4e7d-9bc6-0b666594e19a,10.0,High Producing Exotic Grassland,,Western Bay of Plenty District
cb8c6625-5c94-4f96-baf7-7c4606363041,10.0,High Producing Exotic Grassland,,Western Bay of Plenty District
cb9f5221-d5d6-43eb-a4a4-19c64140faa7,10.0,High Producing Exotic Grassland,Te Puke,Western Bay of Plenty District
cba34cfd-319c-45f6-a33b-c22ffd001128,10.0,High Producing Exotic Grassland,,Western Bay of Plenty District
cbac40f6-da61-4c88-bfe1-63add7bcda53,8.0,High Producing Exotic Grassland,,Whakatane District
cbad0cda-3a01-46ea-bf5b-ebcc795cd6a3,10.0,High Producing Exotic Grassland,,Western Bay of Plenty District
cbae0213-eaeb-47be-b29a-9d3bbd19c50e,10.0,High Producing Exotic Grassland,,Western Bay of Plenty District
cbae9ad0-f4d5-4329-b37e-cee95f2fac5a,10.0,Indigenous Forest,,Ōpōtiki District
cbc51a88-80fd-4c2e-9d89-29d869e31e05,8.0,Indigenous Forest,,Whakatane District
cbc6d060-2a3c-4ae8-8630-00354b6fa183,10.0,High Producing Exotic Grassland,,Western Bay of Plenty District
cbd1ff82-187d-4dd7-8f8b-414c8e649e58,10.0,Indigenous Forest,,Ōpōtiki District
cbd33774-662a-432c-a54c-604a3a67e893,10.0,High Producing Exotic Grassland,Tauranga,Tauranga City
cbdb82b2-0c6a-4e75-acb9-0cb2df19b7e5,8.0,High Producing Exotic Grassland,,Whakatane District
cbdf4c56-6a79-455d-87bc-cf97378ff474,8.0,High Producing Exotic Grassland,,Whakatane District
cbe46ac6-0101-4b68-9a79-476a78bccf60,10.0,Gorse and/or Broom,,Western Bay of Plenty District
cbf7bdfa-a37c-4a07-8e68-3148e4e4605d,8.0,High Producing Exotic Grassland,,Whakatane District
cbfcab52-d6b4-4e0c-99d4-30a9edeaad7f,8.0,High Producing Exotic Grassland,,Western Bay of Plenty District
cc00053e-02c4-46c7-a9f5-71816781bae1,10.0,High Producing Exotic Grassland,,Western Bay of Plenty District
cc05fe00-2c06-4a97-ad5e-2db80a1429cc,8.0,High Producing Exotic Grassland,,Whakatane District
cc0bae08-9aa1-4c48-91fa-95339dde2bd0,8.0,High Producing Exotic Grassland,,Western Bay of Plenty District
cc11ce0d-78d9-47d5-b2a9-3620d85cec4d,8.0,High Producing Exotic Grassland,Te Puke,Western Bay of Plenty District
cc18d58d-b28f-430e-b6cf-844e03fd4eb1,8.0,High Producing Exotic Grassland,,Whakatane District
cc1e6965-e313-4928-bcb3-1e7cb04cb31c,10.0,Urban Parkland/Open Space,Tauranga,Tauranga City
cc23ade5-1098-4021-972b-61b86bc01574,8.0,High Producing Exotic Grassland,,Whakatane District
cc2876c8-50d7-4986-a8a4-c9e349012d41,10.0,Indigenous Forest,Tauranga,Tauranga City
cc2cb93f-74a3-4318-a97f-08e4600d14dd,8.0,High Producing Exotic Grassland,,Whakatane District
cc2eda43-ba86-4a2e-9233-ac74c79a2fb3,10.0,High Producing Exotic Grassland,,Western Bay of Plenty District
cc2fb2e1-eed4-4fb5-9d5f-6041fda59f18,8.4,Short-rotation Cropland,,Whakatane District
cc3f8af9-1433-4cf7-9564-798f0cccece5,10.0,High Producing Exotic Grassland,Tauranga,Western Bay of Plenty District
cc49d32c-7229-4b46-9a69-1bde8db3bccf,10.0,High Producing Exotic Grassland,,Western Bay of Plenty District
cc4f5983-7cda-481e-a417-4e4f09b07e36,8.8,Forest - Harvested,,Western Bay of Plenty District
cc502ae7-9cd6-41b7-98fd-41c7f82d1d92,8.0,High Producing Exotic Grassland,,Whakatane District
cc5217c5-8e1e-4f98-b2f4-aebe244769fb,10.0,High Producing Exotic Grassland,,Ōpōtiki District
cc5227d2-ebb9-4ad1-a396-73ff5f137020,10.0,High Producing Exotic Grassland,,Whakatane District
cc666406-b02e-4469-b316-002a5a3743f0,10.0,Manuka and/or Kanuka,,Ōpōtiki District
cc726e94-0ea6-406a-be9b-b719276a6b65,10.0,High Producing Exotic Grassland,,Western Bay of Plenty District
cc83d6f6-f437-4ff8-b711-acb365fa2260,8.4,High Producing Exotic Grassland,,Whakatane District
cc84dc43-fbfd-47f4-b554-4654c805d748,8.0,High Producing Exotic Grassland,Pongakawa,Western Bay of Plenty District
cc8a58cd-a15a-449d-8cd2-0f4d0edb243a,10.0,High Producing Exotic Grassland,,Western Bay of Plenty District
cc932626-11be-4a5d-be91-fb11c5484f46,10.0,High Producing Exotic Grassland,,Western Bay of Plenty District
cc9d1c87-3880-488d-ac1b-b942f13e956d,10.0,High Producing Exotic Grassland,Tauranga,Tauranga City
cc9fd392-20d6-438c-94cb-f0aee88557e9,8.0,High Producing Exotic Grassland,,Western Bay of Plenty District
cca36611-18d7-41ef-91de-fe84f89c0c8b,8.0,High Producing Exotic Grassland,,Whakatane District
ccaa29a3-abee-4424-bac9-ef0b138d0cc4,8.4,High Producing Exotic Grassland,,Ōpōtiki District
ccc9f684-50b8-4a23-9e44-3bc7d600ecf0,10.0,High Producing Exotic Grassland,,Western Bay of Plenty District
ccce9b27-b1ae-4867-aa03-f511ee1121a6,10.0,High Producing Exotic Grassland,,Western Bay of Plenty District
ccd59f27-d8f5-4ac4-ae94-b38c7c4d535c,10.0,High Producing Exotic Grassland,,Western Bay of Plenty District
cce24821-2922-40aa-8c5c-23a1e361efae,8.4,Short-rotation Cropland,,Whakatane District
cce658aa-8784-43c0-9f5a-2b67fd62f241,8.0,Indigenous Forest,,Whakatane District
ccec9031-421a-448a-84c9-b40c8b87ecd3,10.0,High Producing Exotic Grassland,Tauranga,Tauranga City
cceef18b-ffd0-4ba9-bdf6-d0c3c60b29fc,10.0,High Producing Exotic Grassland,,Western Bay of Plenty District
ccf530c9-39d8-4806-875e-5f343ad06ce7,10.0,High Producing Exotic Grassland,,Whakatane District
ccf7e018-9f9d-4f24-b9c5-11ddc01dacf8,10.0,High Producing Exotic Grassland,,Western Bay of Plenty District
ccfcb591-7cf9-4a0a-8385-d21c036ffa6d,8.4,Short-rotation Cropland,,Ōpōtiki District
cd02d492-5cc9-4e4c-8ec1-1e8c620bed9f,10.0,High Producing Exotic Grassland,Tauranga,Tauranga City
cd08979c-1cb0-4023-995f-26173d2680b9,10.0,High Producing Exotic Grassland,Tauranga,Western Bay of Plenty District
cd0a0917-a870-449b-a85d-f12021e61901,8.4,High Producing Exotic Grassland,,Ōpōtiki District
cd0d90f6-19d8-4c65-8837-2c088a898cc3,10.0,High Producing Exotic Grassland,,Western Bay of Plenty District
cd0eb9b9-1187-4eae-8843-3e06b10f4047,10.0,Indigenous Forest,,Whakatane District
cd108e81-1ccb-4076-aa34-f86686a80936,10.0,High Producing Exotic Grassland,,Western Bay of Plenty District
cd1c342d-bcd8-45ad-b7e7-7aa671e8cf32,10.0,High Producing Exotic Grassland,,Western Bay of Plenty District
cd207d10-a978-44cc-a001-324bae1c878f,8.0,High Producing Exotic Grassland,,Whakatane District
cd27fce3-4fb8-43cc-abf2-f1605f1e45a5,9.6,Manuka and/or Kanuka,,Whakatane District
cd29754b-750f-407a-812c-5fcfff03f23e,8.4,High Producing Exotic Grassland,,Ōpōtiki District
cd2d8f81-2294-42ba-9c5b-cc44b669ad76,8.4,High Producing Exotic Grassland,,Whakatane District
cd302c39-ba33-465a-8594-44993d7e200c,10.0,High Producing Exotic Grassland,,Western Bay of Plenty District
cd3c4919-66ff-4ec8-ae5f-8d30a0d6832c,8.0,Built-up Area (settlement),,Tauranga City
cd3ca9c7-c5a0-455b-bf0e-23018bc7c129,8.0,High Producing Exotic Grassland,,Whakatane District
cd3cfff8-2f11-49c9-acb7-3680c2688f71,10.0,Gorse and/or Broom,,Western Bay of Plenty District
cd43c805-dee9-439f-a94f-39284e3a6308,10.0,High Producing Exotic Grassland,Tauranga,Tauranga City
cd53d9c7-efa5-4fb6-b78e-49f22137c247,10.0,Manuka and/or Kanuka,,Tauranga City
cd580a49-1d02-4da2-b7cf-c3c3ef0797ee,10.0,High Producing Exotic Grassland,,Western Bay of Plenty District
cd5b403d-b4f2-4e10-bb30-f6f95b603372,10.0,High Producing Exotic Grassland,,Western Bay of Plenty District
cd5f341a-64e2-4135-aba7-8d6661337b8e,8.0,Broadleaved Indigenous Hardwoods,,Whakatane District
cd61748a-945d-4e7f-bac8-46d3d5b21aa1,8.4,Indigenous Forest,,Whakatane District
cd644f02-c0fe-403c-b822-bcc469bad064,10.0,Indigenous Forest,,Western Bay of Plenty District
cd6969fc-2d36-4708-b0fc-8dbac345cfca,10.0,High Producing Exotic Grassland,,Western Bay of Plenty District
cd69bf5d-7e02-4c54-bb00-72f53d31fb36,8.4,Short-rotation Cropland,,Ōpōtiki District
cd72ede7-5eff-4596-b241-30a3cae5fd7b,9.6,High Producing Exotic Grassland,,Whakatane District
cd7dd60d-7d78-414f-879d-2e2c73d045a4,10.0,High Producing Exotic Grassland,,Ōpōtiki District
cd8eefa9-daf0-4fd2-baa1-5d7b9203e85c,8.0,High Producing Exotic Grassland,,Whakatane District
cd8f4a91-5451-4f22-9369-990da71a29f6,8.0,High Producing Exotic Grassland,,Western Bay of Plenty District
cd9625f7-1303-4d29-9f3d-9ddc1aba98c2,9.6,High Producing Exotic Grassland,,Western Bay of Plenty District
cd966859-bbaf-4ea5-a803-23342d5b1f7a,10.0,High Producing Exotic Grassland,,Whakatane District
cd9e96c2-fbd5-43cd-a639-51c91bd9e17e,10.0,Exotic Forest,Te Puke,Western Bay of Plenty District
cd9ee48d-3762-4d78-bd2f-b056722385d0,8.0,High Producing Exotic Grassland,,Whakatane District
cda062a0-579f-449f-a477-71e2a5c1a820,8.0,Indigenous Forest,,Whakatane District
cda8575f-4268-4b6a-a603-c8d26e4b0556,8.0,High Producing Exotic Grassland,,Whakatane District
cdb6cd09-18d6-456e-b2fc-c7f1f9f1cf4c,10.0,High Producing Exotic Grassland,Tauranga,Western Bay of Plenty District
cde241f9-f32a-411d-bda4-a1a0df585c38,10.0,Indigenous Forest,,Ōpōtiki District
cdf3ece8-92da-4ca6-8991-dada7569c135,10.0,High Producing Exotic Grassland,,Whakatane District
cdf5c7c9-975f-45af-b2e3-f4c488c3f8f4,10.0,High Producing Exotic Grassland,Tauranga,Western Bay of Plenty District
cdfd93e4-4570-41c5-ab22-8345dc6bbcdd,10.0,High Producing Exotic Grassland,,Western Bay of Plenty District
ce03e06b-e0ea-410e-b5a9-18c802653dcb,10.0,High Producing Exotic Grassland,,Ōpōtiki District
ce0ad970-ae78-4db9-a543-cca4930fdc9b,10.0,High Producing Exotic Grassland,,Ōpōtiki District
ce0bd139-473f-4a62-9b63-a9f064cc312b,8.0,Broadleaved Indigenous Hardwoods,,Whakatane District
ce19f138-ac28-4485-a6f4-5556f048bb60,8.0,Short-rotation Cropland,,Whakatane District
ce1f0baa-0e21-4372-a7f1-61686fcc2412,8.0,High Producing Exotic Grassland,,Whakatane District
ce21abe6-b355-4b6a-8718-87c6777b500c,8.4,High Producing Exotic Grassland,,Ōpōtiki District
ce228748-bb98-4f5a-9fb7-f2810dfa24d2,10.0,High Producing Exotic Grassland,,Western Bay of Plenty District
ce2540d0-ce20-4d3d-aa78-72f86b5ac176,9.5,Manuka and/or Kanuka,,Ōpōtiki District
ce262484-b12f-4997-bd6a-3cbd97c8662e,8.0,High Producing Exotic Grassland,,Whakatane District
ce3120cc-ad1b-42bc-a13c-642d303cc7a7,10.0,Short-rotation Cropland,,Ōpōtiki District
ce32c289-28c3-487a-a998-2c125348b64c,10.0,High Producing Exotic Grassland,,Western Bay of Plenty District
ce3be76d-b12f-462c-bfac-f399c663f334,10.0,Broadleaved Indigenous Hardwoods,Tauranga,Western Bay of Plenty District
ce3c61e5-30dd-430c-b0d9-401f0f8b1d04,10.0,Indigenous Forest,,Western Bay of Plenty District
ce3d2846-ad70-4d51-a642-78876b29a9e2,10.0,High Producing Exotic Grassland,Tauranga,Tauranga City
ce41ac69-32af-4bde-b717-38ab00e193db,8.8,High Producing Exotic Grassland,,Western Bay of Plenty District
ce4ee31b-9de2-48e2-9e5c-8f38b929c362,10.0,High Producing Exotic Grassland,Tauranga,Western Bay of Plenty District
ce4fcf75-5344-4848-a3da-fec1bb0ab6d7,10.0,Manuka and/or Kanuka,,Western Bay of Plenty District
ce51c7ce-7812-4d78-b27c-376338993714,10.0,High Producing Exotic Grassland,,Whakatane District
ce5525d7-2271-493e-8193-a4861256f5b9,9.6,High Producing Exotic Grassland,,Western Bay of Plenty District
ce5b49b4-bb93-48a0-aaf0-751fa178e75c,10.0,High Producing Exotic Grassland,,Western Bay of Plenty District
ce6ca27d-29b9-4cae-a038-ff85aa0c8311,10.0,High Producing Exotic Grassland,,Western Bay of Plenty District
ce6dc43b-d6e2-4709-a9c9-1c0a6b3295c5,10.0,High Producing Exotic Grassland,,Ōpōtiki District
ce7193d2-c9cd-40a5-b368-cc55aff92231,10.0,High Producing Exotic Grassland,,Western Bay of Plenty District
ce8c5c96-5e23-4f0d-af82-6f2cd2ee0dba,10.0,High Producing Exotic Grassland,,Western Bay of Plenty District
ce9bac74-5a74-4814-a39f-bc1166981b73,10.0,Exotic Forest,,Western Bay of Plenty District
ceaa1adc-227b-4ecd-9de0-33dc42c256c4,10.0,High Producing Exotic Grassland,,Western Bay of Plenty District
ceaf0cda-b95c-495f-a750-f15ca2ab4513,8.0,Forest - Harvested,,Whakatane District
ceafcbbb-f49c-4195-b734-1367baf9bd79,8.8,High Producing Exotic Grassland,,Western Bay of Plenty District
ceaff4a4-3b03-43f4-a51b-2031daad4fad,10.0,High Producing Exotic Grassland,,Western Bay of Plenty District
cec5bea0-f27e-476e-a6f8-5d57acd1a4e7,8.4,High Producing Exotic Grassland,,Ōpōtiki District
cec77fda-ba2b-436f-9dcb-53252bc4b087,10.0,High Producing Exotic Grassland,,Western Bay of Plenty District
cec985b3-f66c-43bd-8093-18934cac8c3b,8.4,Indigenous Forest,,Ōpōtiki District
cef395db-12b3-4028-aa99-c9a31444e7a3,10.0,High Producing Exotic Grassland,,Western Bay of Plenty District
cef6e2f7-2c40-4ed8-9324-bc207fa06987,8.0,High Producing Exotic Grassland,Te Puke,Western Bay of Plenty District
cef7ea22-7c9d-4400-94c1-a8f30a797ff7,10.0,High Producing Exotic Grassland,,Western Bay of Plenty District
cf073552-a2c2-4efe-895e-0ac62f478fc7,10.0,High Producing Exotic Grassland,,Western Bay of Plenty District
cf07f4d7-39a7-49a1-ba20-31097ffd8e2f,10.0,High Producing Exotic Grassland,,Western Bay of Plenty District
cf09a405-627b-41cf-88e5-3c7d5cdacc46,8.0,High Producing Exotic Grassland,,Western Bay of Plenty District
cf0f5e98-9131-4d98-9b78-6ce9029f5ec9,8.0,Broadleaved Indigenous Hardwoods,,Whakatane District
cf252562-f3cb-4249-acfe-4176d99669dd,10.0,High Producing Exotic Grassland,,Tauranga City
cf27d6b1-bd8e-4a5f-b293-de2516ce3704,10.0,High Producing Exotic Grassland,,Western Bay of Plenty District
cf2d3d31-9fdd-456e-bcf0-004bbff75b0d,10.0,High Producing Exotic Grassland,Tauranga,Western Bay of Plenty District
cf37967a-86ab-422c-b7f4-744268cdef82,10.0,High Producing Exotic Grassland,,Western Bay of Plenty District
cf3f9a28-8565-4ccf-b9a2-4726cbfc8bca,10.0,Exotic Forest,,Western Bay of Plenty District
cf3fdf7d-4f06-41ec-883b-e27b5d472bb8,10.0,Indigenous Forest,,Whakatane District
cf464a3d-9821-4bb1-b7b2-a02b2d078947,8.0,High Producing Exotic Grassland,,Whakatane District
cf56780c-16a8-4482-a183-cf1f088e0aa7,10.0,High Producing Exotic Grassland,Tauranga,Western Bay of Plenty District
cf5ec52e-00f1-412c-9a08-6880011491c5,10.0,High Producing Exotic Grassland,,Western Bay of Plenty District
cf67b4e3-1973-4efe-b2ac-16cc95ff71fb,10.0,High Producing Exotic Grassland,Pongakawa,Western Bay of Plenty District
cf6ad6ca-c359-48c3-b63d-916a602d37db,8.8,High Producing Exotic Grassland,,Western Bay of Plenty District
cf6ea27c-1e5c-4086-8865-3dc9d191c4cf,10.0,Low Producing Grassland,,Ōpōtiki District
cf782666-3d8e-482a-9e73-6282a63ee8aa,10.0,High Producing Exotic Grassland,,Western Bay of Plenty District
cf7af0e3-9961-4845-be5d-5b150565a196,10.0,High Producing Exotic Grassland,,Western Bay of Plenty District
cf7b81af-71fd-4fe8-b423-98d0b6f7df4e,10.0,Built-up Area (settlement),,Tauranga City
cf835195-5e9c-4194-94bc-d73886ee8c40,8.0,High Producing Exotic Grassland,,Whakatane District
cf8c2e94-e88e-4eb4-98b8-b8ffdbbb400f,10.0,High Producing Exotic Grassland,,Western Bay of Plenty District
cfa60a1d-d7ff-49ef-b55d-6f52ea180d0d,8.0,High Producing Exotic Grassland,,Whakatane District
cfa89951-73fa-4cfa-b78c-009d8b4458b5,10.0,High Producing Exotic Grassland,,Western Bay of Plenty District
cfaa3add-68ed-4744-9235-97ff88a23b91,10.0,High Producing Exotic Grassland,,Western Bay of Plenty District
cfb13b0c-e86a-4cd2-a860-f50648d6b6b7,10.0,Indigenous Forest,,Western Bay of Plenty District
cfb5f843-e341-4334-9981-bb23fff0cdd2,10.0,Manuka and/or Kanuka,,Ōpōtiki District
cfbc3276-d9ff-4aae-82d9-57e5d7d980d9,10.0,High Producing Exotic Grassland,Tauranga,Western Bay of Plenty District
cfc859c8-c9fd-404b-9c53-a36d44966bb4,8.0,Manuka and/or Kanuka,,Ōpōtiki District
cfcc20c9-a6d0-4aeb-995c-bf846ab6fdac,10.0,High Producing Exotic Grassland,,Western Bay of Plenty District
cfd51f80-27d9-4255-911b-118c466b9c88,8.0,Indigenous Forest,,Whakatane District
cfdb2ae5-05be-4574-965a-a59b8cff10f1,8.0,High Producing Exotic Grassland,Te Puke,Western Bay of Plenty District
cfe1bedc-8694-466e-8021-6e1c51a6fb7c,10.0,High Producing Exotic Grassland,,Western Bay of Plenty District
cfec5667-d27e-4562-afad-2427f837ab3e,8.8,Herbaceous Saline Vegetation,,Western Bay of Plenty District
cffcb67d-cd2f-4a89-95e0-2b44ac8e3c43,10.0,High Producing Exotic Grassland,Tauranga,Western Bay of Plenty District
d002ba11-38c8-40d4-8c1c-575602c75add,8.4,High Producing Exotic Grassland,,Whakatane District
d00b361f-5723-4128-8788-f62e240ba80e,8.0,High Producing Exotic Grassland,,Western Bay of Plenty District
d00cb910-71c4-40ca-a488-7ba8adb975c7,10.0,High Producing Exotic Grassland,,Western Bay of Plenty District
d00ff110-2f04-4f6b-999a-3febd4c85c9e,10.0,High Producing Exotic Grassland,,Western Bay of Plenty District
d010feae-0563-4e42-9fd8-78b4552306ba,10.0,High Producing Exotic Grassland,,Western Bay of Plenty District
d025a88e-da1e-497e-b552-d17862cfd0d2,10.0,High Producing Exotic Grassland,,Ōpōtiki District
d0268ae4-3a4c-4535-a575-f851e4ec763e,8.0,Urban Parkland/Open Space,Te Puke,Western Bay of Plenty District
d02b9838-27cc-4e7d-b790-e52a736b10d1,10.0,Low Producing Grassland,,Western Bay of Plenty District
d02de68d-cab6-4775-840e-eb8b4d1d143c,10.0,High Producing Exotic Grassland,,Western Bay of Plenty District
d0388b06-3840-453e-8948-16322842819f,8.4,Exotic Forest,,Western Bay of Plenty District
d04d347a-b040-4969-ba92-efbcf9cc7d2a,10.0,High Producing Exotic Grassland,,Western Bay of Plenty District
d04e7161-2811-43af-9deb-5c41314a91e5,10.0,High Producing Exotic Grassland,,Western Bay of Plenty District
d0537458-9060-4786-a0fb-de1470bda238,8.8,High Producing Exotic Grassland,,Western Bay of Plenty District
d0556573-d680-4e81-9c63-326a82e8e6b1,8.0,High Producing Exotic Grassland,,Whakatane District
d056510d-e37f-43ba-97ad-fb2afa15a9d3,8.0,Herbaceous Freshwater Vegetation,,Whakatane District
d05cd9dc-3472-495e-b5c0-08679b0e2610,8.0,High Producing Exotic Grassland,Te Puke,Western Bay of Plenty District
d06352cf-34e3-4734-9c4e-4dd85fb148f1,10.0,High Producing Exotic Grassland,Tauranga,Western Bay of Plenty District
d06b12fb-cf38-410b-a9b6-b6722ae1b19d,8.8,Built-up Area (settlement),,Western Bay of Plenty District
d08e59b0-254a-4ae3-96de-17df23e5d033,8.0,Indigenous Forest,,Western Bay of Plenty District
d08f4785-9a68-4f1c-9c77-9bef11830c46,10.0,Indigenous Forest,,Western Bay of Plenty District
d096af64-ad94-4cd4-b77e-d040a4dd31aa,10.0,High Producing Exotic Grassland,,Western Bay of Plenty District
d0990f7a-9a9b-4bf9-98de-a69e0dce2cfb,10.0,High Producing Exotic Grassland,,Western Bay of Plenty District
d0a5cf4c-bef4-4c0d-9d16-eef492b49455,9.5,Built-up Area (settlement),,Western Bay of Plenty District
d0aac656-8cdd-4a77-a944-d3b81a4988b3,10.0,High Producing Exotic Grassland,,Western Bay of Plenty District
d0b84d03-f14b-4f43-9239-5ca0a607476b,10.0,High Producing Exotic Grassland,,Western Bay of Plenty District
d0be6a72-d8a1-43ea-824e-d497678de92e,8.0,High Producing Exotic Grassland,,Whakatane District
d0c4a167-4dbb-442c-8168-07e6cfb99f97,10.0,Indigenous Forest,,Western Bay of Plenty District
d0cc98a5-c26e-4768-be57-97eed6bd5ed2,10.0,Low Producing Grassland,,Western Bay of Plenty District
d0d0f1aa-3fe0-4519-9523-858f0f631936,8.0,Short-rotation Cropland,Te Puke,Western Bay of Plenty District
d0d2d49b-0776-4bad-9d6a-474b4e401913,10.0,High Producing Exotic Grassland,,Western Bay of Plenty District
d0da646b-a741-4884-82e8-78c055751878,8.8,Built-up Area (settlement),,Western Bay of Plenty District
d0dac4e3-e84f-4c8f-87ae-b4497a06cfd4,10.0,High Producing Exotic Grassland,,Western Bay of Plenty District
d0de1031-7c56-42e6-affb-9ce77b891c54,9.6,Indigenous Forest,,Western Bay of Plenty District
d0e5626a-644e-4f59-8c3b-f6550df1966d,8.4,High Producing Exotic Grassland,,Whakatane District
d0e95fbd-5809-4731-bff4-89964527613f,10.0,Exotic Forest,,Western Bay of Plenty District
d0f07ec9-bc3c-46ad-bae4-e2abc809c6ed,10.0,High Producing Exotic Grassland,,Western Bay of Plenty District
d109856e-1f7d-4116-b1f8-23746bcf0efb,10.0,High Producing Exotic Grassland,,Western Bay of Plenty District
d1123ef9-82c5-43d2-a2c2-12fa96467bfc,10.0,High Producing Exotic Grassland,,Western Bay of Plenty District
d118ad6e-cfa5-43b3-a3e9-975f39995d48,10.0,High Producing Exotic Grassland,,Western Bay of Plenty District
d11b622a-93d6-49dc-a210-a51ca0569831,10.0,High Producing Exotic Grassland,,Western Bay of Plenty District
d11c114a-c594-4852-8d48-003434672269,10.0,High Producing Exotic Grassland,,Western Bay of Plenty District
d11f7df6-4110-4104-a529-a5e5b32596a5,10.0,High Producing Exotic Grassland,,Western Bay of Plenty District
d133418d-ca18-43b4-97c4-e51b69765fa6,10.0,High Producing Exotic Grassland,,Western Bay of Plenty District
d145d72e-2b73-4408-814b-b9c4b08a77e4,10.0,High Producing Exotic Grassland,,Western Bay of Plenty District
d14e3282-6621-4384-b63c-3c9a4b365afc,8.4,Short-rotation Cropland,,Whakatane District
d1593aed-4a37-46c9-b7a1-b4357326fd62,8.0,High Producing Exotic Grassland,,Whakatane District
d15be02b-5c27-4f60-8d85-02b26e1ad5f5,10.0,Short-rotation Cropland,Te Puke,Western Bay of Plenty District
d1657240-4e57-491d-bd86-1bcd3b2c30a2,10.0,High Producing Exotic Grassland,,Ōpōtiki District
d1689c73-750c-408a-b702-6867c253dd8d,10.0,Broadleaved Indigenous Hardwoods,Tauranga,Western Bay of Plenty District
d16da473-1df0-49e5-8b13-f4bf05b3da52,10.0,High Producing Exotic Grassland,,Western Bay of Plenty District
d17197c6-5e95-4e3a-b526-88fcd73973af,10.0,High Producing Exotic Grassland,,Western Bay of Plenty District
d18b6980-61c9-41b0-885d-3b6fa261327e,10.0,High Producing Exotic Grassland,,Western Bay of Plenty District
d18fedb9-7e25-434b-b706-ae4d1220e207,10.0,High Producing Exotic Grassland,,Western Bay of Plenty District
d19cf5d1-9297-42c5-9894-41e22d41bd84,10.0,Exotic Forest,,Western Bay of Plenty District
d1a30961-6364-4343-9d94-7d6cf72deca9,8.0,High Producing Exotic Grassland,,Whakatane District
d1ad2ab6-1600-4b0e-9582-5dd847a5ea3f,8.4,High Producing Exotic Grassland,,Ōpōtiki District
d1b14099-9d6f-4b41-9449-91f1673e6820,10.0,High Producing Exotic Grassland,,Western Bay of Plenty District
d1b9962f-c672-4d5a-8e7c-a271bc89c97c,8.0,High Producing Exotic Grassland,Pongakawa,Western Bay of Plenty District
d1c04df5-a303-4213-8023-f418f4fcc13b,10.0,High Producing Exotic Grassland,,Western Bay of Plenty District
d1c1eb0a-edaf-4a33-bac7-15025309eb91,8.8,High Producing Exotic Grassland,,Western Bay of Plenty District
d1c9c652-1df8-4831-bb44-633bb679c896,8.4,Short-rotation Cropland,,Whakatane District
d1dcf1f3-18ee-4708-9030-fff73426f1c3,10.0,Exotic Forest,,Western Bay of Plenty District
d1dead33-1e86-472b-80dd-e22c279bdd18,10.0,High Producing Exotic Grassland,,Western Bay of Plenty District
d1e1e73f-e880-4cac-ad89-99b50d60df24,10.0,Manuka and/or Kanuka,,Ōpōtiki District
d1ed83be-31c5-42d1-8a5e-397c6ecf9666,10.0,High Producing Exotic Grassland,,Western Bay of Plenty District
d1f005dd-675c-4b13-a410-be1e4142b0f5,8.0,High Producing Exotic Grassland,,Western Bay of Plenty District
d218f005-7366-4587-a468-5d9d409b2af1,10.0,Indigenous Forest,,Western Bay of Plenty District
d22c80e4-d15c-43cd-8851-165f82f15375,10.0,Indigenous Forest,,Western Bay of Plenty District
d22fa75f-a8d6-43dc-8e9d-0ea0ad692025,10.0,High Producing Exotic Grassland,,Western Bay of Plenty District
d2358771-c958-4114-8002-73cbd921db5a,8.0,Exotic Forest,,Whakatane District
d235c1b7-37f0-4935-afa9-6473b4cc02ef,8.0,High Producing Exotic Grassland,,Western Bay of Plenty District
d23ceb0c-b77b-4ba1-a6bf-dca2bef408be,8.0,High Producing Exotic Grassland,,Whakatane District
d2421316-3a4e-42b4-8447-c20c1e97bf27,10.0,High Producing Exotic Grassland,,Ōpōtiki District
d246f27b-b8b3-4d6c-929e-cfe97ff00567,10.0,High Producing Exotic Grassland,,Western Bay of Plenty District
d24af1e6-235f-4bc9-bdf9-bd6a14bc8521,8.0,High Producing Exotic Grassland,,Whakatane District
d25604eb-2741-4f67-ac63-74b918113dd9,10.0,Indigenous Forest,,Whakatane District
d2584850-ec1c-4078-b5ec-dc67640a64c5,8.0,High Producing Exotic Grassland,,Whakatane District
d25b681d-eaa3-46d4-b18f-32fc274e993b,10.0,Urban Parkland/Open Space,Tauranga,Tauranga City
d263a30b-a76a-41cc-b8d8-8e4c285fc5f2,8.0,High Producing Exotic Grassland,,Whakatane District
d264cb7c-4f61-4401-a80b-0427cf1b9b0b,8.0,High Producing Exotic Grassland,Tauranga,Tauranga City
d28631de-b219-4255-8b07-6d87dc4be1ad,10.0,High Producing Exotic Grassland,,Western Bay of Plenty District
d287de5e-7f70-430b-a1b9-a61d5cb413a3,8.0,High Producing Exotic Grassland,Te Puke,Western Bay of Plenty District
d28a7aca-a27e-4dc1-8fce-f4a274c64cc6,8.0,High Producing Exotic Grassland,Te Puke,Western Bay of Plenty District
d290989a-b771-4f80-98bc-804f0220039c,10.0,High Producing Exotic Grassland,,Tauranga City
d2a009be-4630-48f6-98f4-352689c7b0fa,10.0,Low Producing Grassland,,Western Bay of Plenty District
d2a6541e-2290-4078-851a-b4cf629245ea,10.0,High Producing Exotic Grassland,,Western Bay of Plenty District
d2a6ab35-d533-43f0-b6dc-46bb7c15448b,10.0,Exotic Forest,Tauranga,Tauranga City
d2a89ba9-6aaa-4f1a-ba18-bcb8c21aecfd,10.0,High Producing Exotic Grassland,,Western Bay of Plenty District
d2a9ebf8-94a9-4077-b133-464ceddc7c16,8.4,High Producing Exotic Grassland,,Ōpōtiki District
d2ab217a-f4de-42db-8fb1-5dae34f29aa9,8.0,High Producing Exotic Grassland,,Whakatane District
d2b34931-1e2f-4d56-98eb-ebf64e935ab0,10.0,Broadleaved Indigenous Hardwoods,,Western Bay of Plenty District
d2b501ef-1c65-4fd0-9bea-c3578555890d,8.0,High Producing Exotic Grassland,,Western Bay of Plenty District
d2bc7553-e583-4e1e-ac94-cc573254bb72,10.0,High Producing Exotic Grassland,,Western Bay of Plenty District
d2c1a9f9-f0cb-4c9a-b504-f61c6f8c5e92,10.0,High Producing Exotic Grassland,,Ōpōtiki District
d2c55322-cfed-4eaf-8bd1-4ad937565ae1,10.0,High Producing Exotic Grassland,,Western Bay of Plenty District
d2da31ed-244a-495a-b199-a704b53ad2fc,8.0,High Producing Exotic Grassland,,Western Bay of Plenty District
d2dc81d1-a94b-4815-9bcf-c6b007034e14,10.0,High Producing Exotic Grassland,,Western Bay of Plenty District
d2f5f50a-500a-4fdb-bdc4-cbad163953de,8.0,High Producing Exotic Grassland,,Whakatane District
d2f86d25-435d-4c17-b279-d181dba97f74,8.0,High Producing Exotic Grassland,,Whakatane District
d2ff8261-d47b-4943-a704-f83cae74cd89,10.0,High Producing Exotic Grassland,,Ōpōtiki District
d300f3c0-5b69-4266-ad64-a4bc12e13aac,10.0,Short-rotation Cropland,Tauranga,Western Bay of Plenty District
d3017270-1f99-4901-b58e-f1442c2dfd7d,10.0,High Producing Exotic Grassland,,Western Bay of Plenty District
d309cd91-0dc6-49c2-bdb7-142e452cc214,10.0,Indigenous Forest,Te Puke,Western Bay of Plenty District
d3140cb1-7465-49bf-8362-2e35cbe5fd74,8.0,High Producing Exotic Grassland,,Western Bay of Plenty District
d3203488-8419-47a2-a8c2-612fc872a601,10.0,High Producing Exotic Grassland,,Western Bay of Plenty District
d32604ff-73c8-4f83-9d12-cfb6dada27a8,10.0,High Producing Exotic Grassland,,Western Bay of Plenty District
d3266bf9-5909-4718-9777-cbbe2b6a8b33,10.0,Broadleaved Indigenous Hardwoods,,Western Bay of Plenty District
d327ace3-d24e-4da2-95ff-42147d78a7a9,8.0,High Producing Exotic Grassland,,Whakatane District
d32aa20a-13ce-4f4f-bb3d-ceddd55901ff,8.0,High Producing Exotic Grassland,,Whakatane District
d32e3e06-e5e6-4b8b-97d1-8639ee03ad26,8.8,High Producing Exotic Grassland,,Western Bay of Plenty District
d32f1e52-3767-44e7-9a06-175175d2810c,10.0,High Producing Exotic Grassland,,Ōpōtiki District
d33a64c0-df14-4dc4-bff6-3a37bbbfd548,10.0,High Producing Exotic Grassland,,Western Bay of Plenty District
d33f6069-3436-4407-8f98-3bef8a930530,10.0,Indigenous Forest,,Ōpōtiki District
d349d639-b7f5-4a63-964f-2f06f8d314bc,8.8,High Producing Exotic Grassland,,Western Bay of Plenty District
d35b06e8-3412-4470-9202-d5b4ed6ef2e5,8.4,High Producing Exotic Grassland,,Ōpōtiki District
d369be88-a08e-46b8-83ae-94d5e23216a6,8.0,High Producing Exotic Grassland,,Whakatane District
d36a37f9-dc91-4c0a-bc0b-c538e07e1eab,10.0,High Producing Exotic Grassland,,Western Bay of Plenty District
d374c43a-3987-418e-98cd-eec0c51a1e59,10.0,High Producing Exotic Grassland,,Western Bay of Plenty District
d382af72-2441-4d8e-94e6-7756ba717d75,8.0,High Producing Exotic Grassland,,Whakatane District
d39b0fe8-4784-45cb-ba60-e390682e3e32,8.0,High Producing Exotic Grassland,,Western Bay of Plenty District
d39b7311-cae3-4577-a463-3073ab0c587e,8.0,Indigenous Forest,,Whakatane District
d39bd701-183b-4015-9e0f-7ab77110de1b,8.0,High Producing Exotic Grassland,,Whakatane District
d39cee0a-f08e-430c-b815-e2528988eb5e,10.0,High Producing Exotic Grassland,,Western Bay of Plenty District
d3a4b3ab-8f1c-42f1-8f71-fbee528e6e17,8.4,High Producing Exotic Grassland,,Whakatane District
d3be79b7-4903-483c-ac84-59f112908dc9,10.0,High Producing Exotic Grassland,Tauranga,Western Bay of Plenty District
d3c2f909-2730-4606-ad21-7044b6a5f2ee,8.4,Indigenous Forest,,Ōpōtiki District
d3c529ab-6794-4be9-a239-2e18e2029c48,8.4,High Producing Exotic Grassland,,Whakatane District
d3ca7ac3-8e07-4cde-ad46-242b87a587a9,10.0,Indigenous Forest,Tauranga,Western Bay of Plenty District
d3d89cff-4795-4afd-8696-89cf67ebb1e5,8.0,High Producing Exotic Grassland,Pongakawa,Western Bay of Plenty District
d3dbfb9a-56e2-414b-871b-0fb24335420e,8.0,High Producing Exotic Grassland,Pongakawa,Western Bay of Plenty District
d3deeffb-4627-4fa0-be22-16e529f3e7fa,8.0,Indigenous Forest,Te Puke,Western Bay of Plenty District
d3e3dd38-e8d9-436a-ab99-6eb1a8bc5316,10.0,High Producing Exotic Grassland,Te Puke,Western Bay of Plenty District
d3ef86bf-9c68-4c8e-bdd4-a4c6d33c4e57,8.0,Built-up Area (settlement),Tauranga,Tauranga City
d3fd1026-a20c-41f0-9188-e357f2b06eb5,10.0,Lake or Pond,,Western Bay of Plenty District
d3fd7da6-726a-4a67-8b35-2d49b5c25553,10.0,High Producing Exotic Grassland,,Western Bay of Plenty District
d40090cc-4800-4099-b1a5-e02152c9f2df,10.0,High Producing Exotic Grassland,,Western Bay of Plenty District
d404cae9-5257-4abf-a976-b6a9027ba106,8.0,High Producing Exotic Grassland,,Whakatane District
d40a6f56-24ef-4627-8d02-3a9d03ea49a8,10.0,High Producing Exotic Grassland,,Western Bay of Plenty District
d41c1e90-faf6-43b8-8fae-c466c3177600,8.0,High Producing Exotic Grassland,,Western Bay of Plenty District
d4299936-7512-44e9-9846-3d78b447a37a,10.0,High Producing Exotic Grassland,,Western Bay of Plenty District
d432c81a-b8c6-4b19-8bda-4aa56c4769ed,8.4,Indigenous Forest,,Ōpōtiki District
d4333d99-21ca-4b59-87be-ff047c160f21,10.0,High Producing Exotic Grassland,,Western Bay of Plenty District
d437a972-c7b9-495a-9d3d-977dfa6d0e47,8.0,Indigenous Forest,,Whakatane District
d43f0b81-710c-4fad-b38a-62ddf8e43f8c,10.0,Manuka and/or Kanuka,Tauranga,Tauranga City
d4431278-7a94-44a9-b40f-41ca99cdbdb4,8.0,Low Producing Grassland,,Whakatane District
d44930d1-f606-4029-aa1a-2da3057de8a9,10.0,High Producing Exotic Grassland,,Western Bay of Plenty District
d449a127-b0c0-4283-ba57-5d12c76bc615,10.0,Indigenous Forest,Tauranga,Western Bay of Plenty District
d44dcf91-c598-4c24-b54f-5049c6dc5f37,8.0,Built-up Area (settlement),Tauranga,Tauranga City
d454061c-2548-49cc-9fce-da47e467f7a9,10.0,High Producing Exotic Grassland,,Ōpōtiki District
d45b20fa-58e3-4eb3-b321-ff9f07c4a81b,8.0,Exotic Forest,,Whakatane District
d463fa74-a5b0-4aba-8d58-7820ea388431,10.0,Low Producing Grassland,,Western Bay of Plenty District
d46c948c-4f07-461a-9724-bb2325c0876d,10.0,Built-up Area (settlement),Tauranga,Tauranga City
d472da0b-29c1-438e-9990-11fa202abf36,8.0,Built-up Area (settlement),Tauranga,Tauranga City
d47efdc5-f77d-42f3-8dc7-bdb3546dd7e5,8.4,High Producing Exotic Grassland,,Whakatane District
d4a9388f-048f-48dc-8f63-ba373dd4227c,8.0,High Producing Exotic Grassland,,Whakatane District
d4aafe4b-9388-417d-9fe5-b059cbac656a,8.0,High Producing Exotic Grassland,,Western Bay of Plenty District
d4ad1338-b56e-45ee-b886-8719ace7676c,8.0,High Producing Exotic Grassland,,Whakatane District
d4b543cd-120b-4154-9272-9c4671089433,10.0,High Producing Exotic Grassland,Katikati,Western Bay of Plenty District
d4b8de76-944f-41d0-bc54-84ef511020ce,10.0,Urban Parkland/Open Space,Tauranga,Tauranga City
d4c182b2-f760-451f-a722-b0719a2dddbe,10.0,High Producing Exotic Grassland,,Ōpōtiki District
d4c33dd4-81af-410f-8337-4e2c7ff1c65c,10.0,Exotic Forest,,Western Bay of Plenty District
d4cf6074-7a95-4580-b1fb-52a7706bc726,10.0,Broadleaved Indigenous Hardwoods,,Whakatane District
d4d1bd03-4a15-4fdc-8e09-2ca1acf149c1,10.0,Built-up Area (settlement),,Tauranga City
d4d942ee-38cc-4d13-ac36-b7ccfa2a3b0b,10.0,High Producing Exotic Grassland,,Western Bay of Plenty District
d4dfdac7-0d0d-42a3-b74c-164e3f9ed805,8.0,High Producing Exotic Grassland,,Whakatane District
d4e6576b-4ee5-4668-ab99-c1ea116f88bf,10.0,Deciduous Hardwoods,Tauranga,Tauranga City
d4ea15af-d355-4259-a631-b9151562cd66,10.0,Built-up Area (settlement),Tauranga,Tauranga City
d4eae0e2-a00a-48c2-991a-8798f1298aeb,8.0,High Producing Exotic Grassland,,Western Bay of Plenty District
d4f9f8c0-bc75-4c92-85c2-3e1a4c676982,8.8,High Producing Exotic Grassland,,Western Bay of Plenty District
d4faa0cc-a834-4693-8444-ef4d0b2b6103,10.0,High Producing Exotic Grassland,Tauranga,Western Bay of Plenty District
d512eef4-649e-43c3-896e-6541ec523634,10.0,Indigenous Forest,,Ōpōtiki District
d52372b3-00ad-444b-9530-8e59ea159b0a,10.0,High Producing Exotic Grassland,,Whakatane District
d524e5f0-7703-4b47-b996-e295e5db07a0,8.0,Short-rotation Cropland,,Whakatane District
d5259151-e4fc-4f57-a305-e66f8bc18c01,8.4,High Producing Exotic Grassland,,Ōpōtiki District
d525eb7e-0828-47bf-91c9-3d86ca97953e,10.0,Built-up Area (settlement),Tauranga,Tauranga City
d5297427-0f2a-4c63-a6b3-3be4b5d08bbc,10.0,Built-up Area (settlement),Tauranga,Tauranga City
d53429b9-3ca4-48d0-a10f-c642b6ec959f,10.0,High Producing Exotic Grassland,,Western Bay of Plenty District
d5438016-e8e4-43a0-bd61-50f0f7024cf6,8.0,Broadleaved Indigenous Hardwoods,Te Puke,Western Bay of Plenty District
d5463952-9271-4180-a6f7-663d5ae34984,10.0,High Producing Exotic Grassland,,Western Bay of Plenty District
d551cd97-4555-4f27-9ecf-dc74a6723b05,8.0,Built-up Area (settlement),Te Puke,Western Bay of Plenty District
d5535de4-bbcc-49f5-92cc-9361ecc96221,8.0,High Producing Exotic Grassland,,Whakatane District
d5617a7f-68bd-458c-868f-e85fdc620f35,8.0,High Producing Exotic Grassland,,Whakatane District
d5759594-2789-4d16-8929-711e636ac924,9.6,Indigenous Forest,,Western Bay of Plenty District
d57b012d-e709-454a-9c41-0063e567a2a5,8.0,High Producing Exotic Grassland,,Ōpōtiki District
d581aade-3e87-410b-bb9e-a0a411e99a40,10.0,High Producing Exotic Grassland,,Western Bay of Plenty District
d581ca86-1131-4b69-9257-3c9e6aa35e20,10.0,Indigenous Forest,,Western Bay of Plenty District
d58907ce-aca4-4325-98f9-4abd83aa4185,8.8,High Producing Exotic Grassland,,Western Bay of Plenty District
d59d63de-ad99-4f19-92e7-56e04ca2c2dd,10.0,High Producing Exotic Grassland,,Western Bay of Plenty District
d5a2a762-43e4-42d5-87de-533d54cba0de,10.0,High Producing Exotic Grassland,Tauranga,Western Bay of Plenty District
d5a717ee-ab11-4111-8479-6f5ba002bfa0,8.0,High Producing Exotic Grassland,,Whakatane District
d5a8f4b7-63a9-462c-9d4c-5dc47f91fcf5,10.0,Urban Parkland/Open Space,Tauranga,Tauranga City
d5b13dd0-c852-4df3-888b-a12bf4dbf3a1,10.0,High Producing Exotic Grassland,,Ōpōtiki District
d5bc6c7b-b80d-4b83-9b9f-ee6c16562afa,10.0,Indigenous Forest,,Ōpōtiki District
d5c49972-48b6-47a7-8da8-77f49da615cf,10.0,Built-up Area (settlement),Tauranga,Tauranga City
d5ca9a93-09f9-41c7-b011-2d428d3fac05,10.0,High Producing Exotic Grassland,,Western Bay of Plenty District
d5daeb75-67e6-433c-a48b-2940ea8c271f,8.0,High Producing Exotic Grassland,Pongakawa,Western Bay of Plenty District
d5e20ca8-64d6-4e06-9eb9-14ee1f4e438a,10.0,High Producing Exotic Grassland,,Western Bay of Plenty District
d5e24dab-644f-4619-bc62-d8cd6f87cfe2,10.0,High Producing Exotic Grassland,Tauranga,Western Bay of Plenty District
d5ea9828-5e2b-4358-9841-11e3e8df3fc9,8.0,High Producing Exotic Grassland,,Whakatane District
d5f4fef6-81ee-4669-8e20-4c0500df4971,10.0,High Producing Exotic Grassland,,Western Bay of Plenty District
d5f543f2-dd89-4474-acef-0b2b9548ca35,8.0,High Producing Exotic Grassland,,Whakatane District
d6087418-9f50-42d2-a195-68794c090cf0,10.0,High Producing Exotic Grassland,Tauranga,Tauranga City
d60e56fc-cfab-4cf0-8a72-c98092ff5962,10.0,High Producing Exotic Grassland,,Western Bay of Plenty District
d6189536-df34-4a6a-b670-12d286129e01,10.0,High Producing Exotic Grassland,,Western Bay of Plenty District
d61aea32-aea9-4d8c-8984-e6618e7584ae,8.4,High Producing Exotic Grassland,,Ōpōtiki District
d61cfe95-109e-4cc6-945e-953c624730e0,10.0,High Producing Exotic Grassland,,Whakatane District
d61da2d9-4279-4161-b7bc-261f3c0e8468,10.0,High Producing Exotic Grassland,,Western Bay of Plenty District
d62d4056-d91a-45af-8fdd-6adb59232a22,8.0,Exotic Forest,,Western Bay of Plenty District
d62db8bb-25de-4e0f-9e22-9b3dfc4210a9,10.0,Broadleaved Indigenous Hardwoods,,Western Bay of Plenty District
d6335cba-0273-4f59-9f11-37be8f007501,8.4,High Producing Exotic Grassland,Opotiki,Ōpōtiki District
d63e4031-e883-4d98-b1c2-0084217df0cb,10.0,High Producing Exotic Grassland,Tauranga,Western Bay of Plenty District
d643c6a5-dd75-4e5b-a7b3-3d7b1bf828d1,10.0,High Producing Exotic Grassland,,Western Bay of Plenty District
d644b7fd-a5de-44b6-a2d3-92a270574157,10.0,High Producing Exotic Grassland,,Western Bay of Plenty District
d645848a-539b-4d96-80b8-9c04ffa94d4d,10.0,Exotic Forest,,Western Bay of Plenty District
d64ba16b-9aaa-4b70-a542-06b0c49a4cb7,10.0,High Producing Exotic Grassland,,Ōpōtiki District
d64e02c7-ac8e-4966-9cc4-b6facb7a1fec,8.4,High Producing Exotic Grassland,,Ōpōtiki District
d64e19a7-156f-41c9-a13f-9b337eb372af,8.0,Indigenous Forest,,Western Bay of Plenty District
d656bdba-d808-4186-b26e-da36348bf755,10.0,Urban Parkland/Open Space,,Western Bay of Plenty District
d65a4229-c0aa-483a-84a2-e96992643749,10.0,Built-up Area (settlement),Tauranga,Tauranga City
d66075d9-d41f-4eb2-af60-76d8ef135f4b,10.0,High Producing Exotic Grassland,,Whakatane District
d672ac97-9987-479e-b230-870b69b45c2e,10.0,High Producing Exotic Grassland,,Western Bay of Plenty District
d673a99e-e889-416e-83a8-4128a868d2ef,8.0,High Producing Exotic Grassland,,Whakatane District
d678cd7d-72c6-40ab-ad49-52828b7f0de2,8.0,Indigenous Forest,,Western Bay of Plenty District
d67ae06d-290d-4730-b3c2-d556f237cbf1,10.0,High Producing Exotic Grassland,,Ōpōtiki District
d686438b-8455-47d9-94bd-cf6d36f3045d,10.0,High Producing Exotic Grassland,Tauranga,Tauranga City
d6972589-df3b-48e1-b2b7-45a006c61e63,8.0,High Producing Exotic Grassland,,Western Bay of Plenty District
d6c916cd-e9c9-4a6d-8549-026a7523401d,10.0,High Producing Exotic Grassland,,Western Bay of Plenty District
d6d23e17-e123-4133-b3cc-68651d788bbf,8.0,High Producing Exotic Grassland,,Whakatane District
d6f5305d-1197-4a6d-9a60-08e776e20810,8.0,Urban Parkland/Open Space,Tauranga,Tauranga City
d6f890f1-f538-4bb9-a5fb-15f61ba1d0de,10.0,Indigenous Forest,,Western Bay of Plenty District
d7048f90-b2a3-41fe-9659-a43e634fcaa4,10.0,Exotic Forest,,Western Bay of Plenty District
d7181a1c-22b4-46c3-a053-6e923b1681d6,10.0,High Producing Exotic Grassland,,Western Bay of Plenty District
d718e226-4075-40c4-afe6-d5a5b02a37b1,8.0,High Producing Exotic Grassland,,Western Bay of Plenty District
d71bed2f-df26-49e4-8f23-4faabd9784bc,10.0,High Producing Exotic Grassland,,Western Bay of Plenty District
d71e5ec4-d3aa-4161-82ec-03db7390f749,9.6,Indigenous Forest,,Western Bay of Plenty District
d7242e6a-d765-463d-85cf-dd4fc5da9470,10.0,High Producing Exotic Grassland,,Tauranga City
d73a9855-b2e7-4625-9f33-8e7151e95e97,10.0,Exotic Forest,,Western Bay of Plenty District
d73bbd34-4133-4e4b-ad4a-7e4b4666ee67,10.0,High Producing Exotic Grassland,,Western Bay of Plenty District
d73c318a-46aa-4d33-9a7e-207f5a342bb8,10.0,High Producing Exotic Grassland,,Whakatane District
d73d8e0a-e455-4bce-9946-6151f6facac2,10.0,High Producing Exotic Grassland,,Western Bay of Plenty District
d7449f55-c294-460a-9ed3-75251100550a,10.0,High Producing Exotic Grassland,,Western Bay of Plenty District
d74a9530-d728-40ea-b2d2-9468be1946e1,9.6,Indigenous Forest,,Western Bay of Plenty District
d750792f-1b90-4414-9c24-4958b23340d2,8.0,High Producing Exotic Grassland,,Ōpōtiki District
d768456b-fc57-4252-8c93-18eab964e442,8.0,High Producing Exotic Grassland,,Whakatane District
d76dec65-52e6-4cc9-89b3-1be692422537,10.0,High Producing Exotic Grassland,,Western Bay of Plenty District
d772c9ac-17e6-4935-b6e5-68039584c0a6,10.0,High Producing Exotic Grassland,,Western Bay of Plenty District
d776080e-abaa-445e-bbe4-2840451bab97,10.0,High Producing Exotic Grassland,Tauranga,Tauranga City
d7815227-c16e-486c-9ec5-39b8e15771ef,8.0,High Producing Exotic Grassland,,Whakatane District
d792894b-3d32-4e4a-92ee-1f638e5a0f9b,8.0,High Producing Exotic Grassland,,Whakatane District
d792f1d5-fe9a-4019-894f-fe841a590753,8.0,High Producing Exotic Grassland,,Whakatane District
d79a4cd6-1509-4d43-a11f-b25dbebe4cae,8.0,High Producing Exotic Grassland,,Whakatane District
d7ad2d10-4bf9-40e1-b4d4-2480520ef55f,10.0,Exotic Forest,,Western Bay of Plenty District
d7b7d8bc-fd9e-49c2-8dbf-111b9c658975,10.0,High Producing Exotic Grassland,,Western Bay of Plenty District
d7b90aeb-de2e-434f-8b51-2ae51f6e0dd1,10.0,High Producing Exotic Grassland,,Western Bay of Plenty District
d7c3b465-64a0-4093-ba4a-3972b7580031,8.0,Indigenous Forest,,Whakatane District
d7c6506b-a666-4ff9-a5ca-3f8c163b8a0b,8.8,High Producing Exotic Grassland,,Western Bay of Plenty District
d7d8817e-f4bc-43fd-a10e-f1c9d4884f8f,10.0,High Producing Exotic Grassland,,Western Bay of Plenty District
d7e9b807-09e9-4b55-b584-7bce824875cd,10.0,High Producing Exotic Grassland,Tauranga,Tauranga City
d7ebc8b7-ab3e-42f9-b7ce-b83d54641b11,10.0,High Producing Exotic Grassland,,Western Bay of Plenty District
d7ee5d0b-0d89-467b-a3b4-9c819c9189f5,10.0,High Producing Exotic Grassland,,Western Bay of Plenty District
d7f68cc0-6fa4-4cbf-ae9b-47248a95cf05,10.0,High Producing Exotic Grassland,,Western Bay of Plenty District
d7f68fd1-f190-4cef-902d-1516abb1551a,8.0,High Producing Exotic Grassland,Pongakawa,Western Bay of Plenty District
d7f745ab-dce3-47fa-9691-040004018eae,10.0,High Producing Exotic Grassland,,Tauranga City
d7f9ba93-45b5-4f7e-93a1-7cf4f65a2d72,10.0,Indigenous Forest,,Western Bay of Plenty District
d80250d0-435e-4890-a81e-5d99358b6fa8,10.0,Indigenous Forest,,Western Bay of Plenty District
d80b24ec-a4df-432c-9ccc-b83e0debf83a,10.0,Indigenous Forest,,Ōpōtiki District
d80cb2be-268f-40f5-b209-080d989a7538,10.0,High Producing Exotic Grassland,,Western Bay of Plenty District
d81e9069-a90d-426b-a8db-23cacf3d05c2,10.0,High Producing Exotic Grassland,,Ōpōtiki District
d835209d-e4d0-4aa6-9d06-8514ab872ff9,10.0,Built-up Area (settlement),,Western Bay of Plenty District
d836ae02-5e3d-484a-ba63-1eddb2353542,10.0,High Producing Exotic Grassland,,Western Bay of Plenty District
d83e393c-9fe5-4b57-bb7b-59a8df94ac27,10.0,Indigenous Forest,,Western Bay of Plenty District
d83e44a8-60da-4a9d-bd10-6feeec560963,10.0,Low Producing Grassland,,Western Bay of Plenty District
d83fa358-cf3c-47ce-a6d9-99582c7997f7,8.0,High Producing Exotic Grassland,,Whakatane District
d85ecfd9-3711-4e8f-8e53-dac1cb4a4966,8.4,High Producing Exotic Grassland,,Whakatane District
d864986c-16c2-4581-8034-0579d677c1a2,10.0,Exotic Forest,,Western Bay of Plenty District
d86b626b-acae-4d77-9f18-5e65af27269b,10.0,High Producing Exotic Grassland,,Western Bay of Plenty District
d879fd1a-59ed-45d1-a59c-39da3bf4d66b,10.0,High Producing Exotic Grassland,,Western Bay of Plenty District
d87efafd-f0c4-4a5e-a100-b0cffc8e2ac1,10.0,High Producing Exotic Grassland,,Western Bay of Plenty District
d8815c07-a74d-41e7-99c4-0f994fe04bee,10.0,High Producing Exotic Grassland,,Western Bay of Plenty District
d883b97f-45af-4ce6-bb2d-7753e84a13e2,10.0,High Producing Exotic Grassland,,Western Bay of Plenty District
d88591c5-8a6a-4878-a49c-2f7852516ced,8.0,High Producing Exotic Grassland,,Western Bay of Plenty District
d888b45a-bfb5-49e6-ba87-367bc79b0733,8.0,High Producing Exotic Grassland,,Western Bay of Plenty District
d88956e0-e3f1-4a8b-b5b0-e5ba4a2d5f3d,8.0,High Producing Exotic Grassland,,Western Bay of Plenty District
d88c286c-12cf-455f-8417-105b86365ac1,10.0,Broadleaved Indigenous Hardwoods,,Whakatane District
d8901e6d-615d-490a-8059-0de29955fa00,8.0,Built-up Area (settlement),Te Puke,Western Bay of Plenty District
d89b7f3a-883d-4409-b40a-3565e08a3907,8.4,High Producing Exotic Grassland,,Ōpōtiki District
d89c4c1a-f0c0-451c-a181-d1a0e6f10864,8.0,High Producing Exotic Grassland,,Whakatane District
d8a7be1f-74dd-46b7-8c6c-ea1598693dc3,8.8,Indigenous Forest,,Western Bay of Plenty District
d8ad19bf-4b4c-4e27-af2f-78c8dbd85e73,10.0,High Producing Exotic Grassland,,Western Bay of Plenty District
d8c15075-171a-4022-af79-5b414d4d56af,8.4,High Producing Exotic Grassland,,Ōpōtiki District
d8cc6eb9-e22a-4746-a70d-96d35c3e2bdf,8.0,Urban Parkland/Open Space,,Whakatane District
d8d7a672-b81f-4deb-8356-df95650c3945,9.6,Broadleaved Indigenous Hardwoods,,Western Bay of Plenty District
d8da3841-72a6-43c6-b763-acffb3f3e271,8.0,High Producing Exotic Grassland,,Whakatane District
d8dabff3-0b11-45b5-98d0-afee689e84e2,10.0,High Producing Exotic Grassland,Tauranga,Western Bay of Plenty District
d8e26154-a631-4dd1-bac0-d87edce6ff98,10.0,Indigenous Forest,Tauranga,Western Bay of Plenty District
d8eb7d5a-1b49-41d9-a3bd-04e801724c0c,10.0,High Producing Exotic Grassland,Tauranga,Western Bay of Plenty District
d8f06828-1aa7-4324-96d2-dc7a6def336d,10.0,Mixed Exotic Shrubland,,Western Bay of Plenty District
d8f1ac3c-7d7b-44dc-92ce-d002c8ac8b90,10.0,High Producing Exotic Grassland,,Ōpōtiki District
d8f653a6-1a23-434f-87ef-53fbeebf0273,8.0,High Producing Exotic Grassland,,Whakatane District
d907df46-ef4e-49f7-893c-5789fa058df8,9.6,Indigenous Forest,,Western Bay of Plenty District
d9080af8-cd5f-4d88-a75c-ffe742372de5,10.0,High Producing Exotic Grassland,,Ōpōtiki District
d90c8756-8f7f-43ce-a027-2946ea6a3d73,8.0,High Producing Exotic Grassland,,Western Bay of Plenty District
d90cf63f-8541-4d45-a744-f9ee37b8bd8d,8.0,Exotic Forest,,Whakatane District
d923400a-e1e8-4d5c-8641-410d4cbbe1ff,8.0,High Producing Exotic Grassland,,Western Bay of Plenty District
d929e3ae-4209-4370-b110-cca269b2d933,9.6,Broadleaved Indigenous Hardwoods,,Whakatane District
d932e1ae-3a24-47db-ae1d-e5156e6cb234,8.0,High Producing Exotic Grassland,,Whakatane District
d9371db9-8f64-44da-9ed3-b0b56a5be1a6,10.0,Indigenous Forest,,Whakatane District
d93dcf7f-c2d4-4fd1-a6ff-7cb88200f7f8,10.0,Short-rotation Cropland,Te Puke,Western Bay of Plenty District
d9426d64-db34-4b7a-b3e4-c46af3136757,9.6,Urban Parkland/Open Space,Tauranga,Tauranga City
d94e182e-d2d3-4834-ab41-bb28be4cc655,10.0,High Producing Exotic Grassland,,Western Bay of Plenty District
d957f37d-8527-444d-ae40-a8651e868f62,10.0,High Producing Exotic Grassland,,Western Bay of Plenty District
d960d9f0-5c2b-4e6b-a870-50b613274e76,8.0,High Producing Exotic Grassland,,Whakatane District
d970e3d6-c13e-4a20-b435-a064d220cef7,8.0,High Producing Exotic Grassland,,Western Bay of Plenty District
d97864e4-5685-4fcd-b03c-40a69a557641,10.0,High Producing Exotic Grassland,,Western Bay of Plenty District
d97e5d06-8303-4fb3-aeb4-5879397bec0a,8.0,Deciduous Hardwoods,Te Puke,Western Bay of Plenty District
d99f4297-bd45-4887-97dd-a057fb0c60e2,8.0,High Producing Exotic Grassland,,Whakatane District
d9b6214f-4052-4915-97f9-4e8df72ee8f4,10.0,High Producing Exotic Grassland,,Whakatane District
d9b80d9b-d0a0-40e6-9fa1-49d17b3c7b16,8.0,Short-rotation Cropland,,Whakatane District
d9dc01f0-6e7b-469e-a173-7d380cc555a2,8.0,High Producing Exotic Grassland,,Western Bay of Plenty District
d9dc0f99-0941-4404-89ab-9fb4b53c26bf,10.0,Built-up Area (settlement),Tauranga,Tauranga City
d9e3545f-0009-4503-b546-3681fa9a958f,10.0,High Producing Exotic Grassland,,Western Bay of Plenty District
d9e6e458-520b-4503-bf37-61d21bef10cd,10.0,Short-rotation Cropland,,Western Bay of Plenty District
d9eccf7a-551c-4e15-974d-8d435afef0af,10.0,High Producing Exotic Grassland,,Whakatane District
d9ee50bf-bfb7-48af-a3d3-e22167165331,8.0,High Producing Exotic Grassland,,Whakatane District
d9eeb778-d19f-4002-abf6-01898542d3e5,10.0,High Producing Exotic Grassland,,Western Bay of Plenty District
d9ef38af-9cec-4f75-911d-ab29312c3ca5,8.0,High Producing Exotic Grassland,,Whakatane District
d9fc2e41-f2ed-4e6b-b21c-8d011a5d1fe6,8.0,High Producing Exotic Grassland,,Whakatane District
d9ff39b7-cc0e-440b-8bb0-5a77f6c6bb13,9.6,Broadleaved Indigenous Hardwoods,,Western Bay of Plenty District
da0c8cc5-9a9b-4dda-affe-77d2af137d00,10.0,Indigenous Forest,,Ōpōtiki District
da0e4b2b-018e-43a5-bb18-b7124aaf5928,10.0,High Producing Exotic Grassland,Tauranga,Tauranga City
da127e3a-4a22-47e0-b444-d216547493ca,8.0,Low Producing Grassland,,Western Bay of Plenty District
da131240-e3ec-473b-84e7-c697fe57ff84,10.0,High Producing Exotic Grassland,,Western Bay of Plenty District
da165371-9b8c-48d7-9f44-4c7b91bc9086,10.0,Low Producing Grassland,Tauranga,Tauranga City
da1c3beb-9dba-453f-a3c5-f78839a6f588,9.6,High Producing Exotic Grassland,Tauranga,Tauranga City
da2d5dab-5447-4ad4-9ec4-4790178767e2,8.4,High Producing Exotic Grassland,,Whakatane District
da395dc9-8bc3-43bf-a6b4-84b94fb26d04,10.0,High Producing Exotic Grassland,,Western Bay of Plenty District
da3d221d-075d-4676-893c-414a992d512e,10.0,Indigenous Forest,,Ōpōtiki District
da47ff76-e0e4-491c-a0d2-5953a4c13a50,8.0,High Producing Exotic Grassland,,Whakatane District
da4cf545-596b-4598-a32c-61d0aa5fd782,10.0,High Producing Exotic Grassland,,Western Bay of Plenty District
da59db0d-bb95-46c1-8a0e-99c1b0d89e40,10.0,High Producing Exotic Grassland,Katikati,Western Bay of Plenty District
da66c1de-ee0e-40f9-a157-aee431d25f59,10.0,High Producing Exotic Grassland,,Western Bay of Plenty District
da6979a4-2a6b-4a72-814e-08fd66eacaf9,10.0,High Producing Exotic Grassland,Tauranga,Tauranga City
da6b99a2-e295-401d-9f30-3622d142b1ee,8.0,High Producing Exotic Grassland,,Whakatane District
da78019b-d298-46df-b5ef-783004a18ac8,10.0,High Producing Exotic Grassland,,Western Bay of Plenty District
da7a8392-cab0-48bf-ad6f-35454617bd0c,10.0,High Producing Exotic Grassland,,Western Bay of Plenty District
da7d4cda-e72b-40bc-b0fe-a09067d2a3e1,8.0,High Producing Exotic Grassland,,Whakatane District
da821152-bae5-4ea4-80e0-71de2b69570b,10.0,High Producing Exotic Grassland,,Western Bay of Plenty District
da9865ac-8aa2-4df4-bde1-eb2c7bd6142b,8.0,High Producing Exotic Grassland,,Whakatane District
daa2b5fb-fc95-4555-9856-33b68f8826f1,10.0,High Producing Exotic Grassland,,Western Bay of Plenty District
daa7006a-f47f-4fb3-a2a0-e6655e2ac0af,8.0,High Producing Exotic Grassland,,Whakatane District
daaedab3-4b90-4459-a8ba-6598c6495f19,8.0,High Producing Exotic Grassland,Te Puke,Western Bay of Plenty District
dab3eee9-4fee-4cad-8ffd-1d661fbf677a,10.0,High Producing Exotic Grassland,,Western Bay of Plenty District
dabf3045-0257-4a0d-81bc-4fbdc6de0dcf,10.0,High Producing Exotic Grassland,,Whakatane District
dabf3f5d-81b2-4d32-a02a-8a9e2c91f469,8.4,High Producing Exotic Grassland,,Ōpōtiki District
dabf61a9-7039-48e3-9c1c-76a27a236470,9.6,Exotic Forest,,Whakatane District
dac16913-0beb-4fb1-b201-871b250ad15e,8.0,Indigenous Forest,,Whakatane District
dac7b4ea-9ad5-4b70-8a15-ba403ebb551b,8.0,Built-up Area (settlement),,Whakatane District
dad096cf-e211-4fed-afc7-9af7fb0d40af,10.0,High Producing Exotic Grassland,,Tauranga City
dae40173-a8d9-40e9-a00c-1490ee4e83cf,8.0,Exotic Forest,Te Puke,Western Bay of Plenty District
dae96159-d8cf-4bbb-80e3-06a935dd4d9c,10.0,High Producing Exotic Grassland,,Western Bay of Plenty District
daebbe95-5a52-4963-a368-2946944a259d,10.0,Exotic Forest,,Western Bay of Plenty District
db00fe47-486d-4bf6-a07d-ade35cdaf004,8.0,High Producing Exotic Grassland,,Whakatane District
db0c0749-ddad-44d9-91ca-f701e3d367db,10.0,High Producing Exotic Grassland,Tauranga,Tauranga City
db0e7d3b-66dd-43b2-b3b5-33dd6c6bf8a2,10.0,High Producing Exotic Grassland,Katikati,Western Bay of Plenty District
db0f42dd-88b3-4914-9445-0e54b3a6e4fc,8.0,High Producing Exotic Grassland,,Whakatane District
db10f1f2-0855-46b4-927e-ef8237f93747,8.8,High Producing Exotic Grassland,,Western Bay of Plenty District
db110104-df88-43dc-968b-7842d2d37d01,10.0,High Producing Exotic Grassland,,Western Bay of Plenty District
db13c413-4d80-47ca-8d5d-f474ff153fb6,10.0,High Producing Exotic Grassland,,Western Bay of Plenty District
db1dad70-562a-4f0a-80a1-121019dc726c,9.6,Indigenous Forest,,Whakatane District
db2bc4b4-8fd2-4caf-94f6-acd6571a0b32,8.8,Indigenous Forest,,Western Bay of Plenty District
db34bb66-6231-4d80-983a-8bd3ede7678c,10.0,High Producing Exotic Grassland,,Western Bay of Plenty District
db3d092f-3e7c-42f2-b167-96d66f1e3d01,10.0,High Producing Exotic Grassland,,Ōpōtiki District
db3ef3fa-b851-4d4e-ab3b-7d6737c8b0b4,10.0,High Producing Exotic Grassland,Te Puke,Western Bay of Plenty District
db440832-feb3-4e94-9f1e-a77a88ff04b0,8.0,Forest - Harvested,,Western Bay of Plenty District
db46630e-066d-452d-be55-81aac68f7aec,10.0,High Producing Exotic Grassland,,Western Bay of Plenty District
db477cf3-86ba-49fc-9d1c-fc9dba20c92f,10.0,High Producing Exotic Grassland,Tauranga,Tauranga City
db477ff1-09b4-4498-8c32-750bceb50c6e,8.0,Exotic Forest,,Whakatane District
db4d9cbc-2b1f-4615-ba51-0db3c41904b6,10.0,High Producing Exotic Grassland,,Ōpōtiki District
db56a233-eec5-48ef-9a1e-b01797a030c6,10.0,High Producing Exotic Grassland,,Western Bay of Plenty District
db6d88d3-8add-4ea7-90f0-83f26292af6a,10.0,High Producing Exotic Grassland,Tauranga,Western Bay of Plenty District
db6dde2d-ad7f-43be-9bdc-3fec5e495e0a,8.0,High Producing Exotic Grassland,Pongakawa,Western Bay of Plenty District
db72e89c-580d-47e7-b5d4-0bb20d5f70e4,10.0,High Producing Exotic Grassland,,Western Bay of Plenty District
db84bc83-3d62-4ec6-97d2-d5172791ba24,10.0,Built-up Area (settlement),,Western Bay of Plenty District
db89feeb-e33d-415b-9e9d-5a83ae3ffc6a,10.0,Deciduous Hardwoods,Te Puke,Western Bay of Plenty District
db8a1e41-2bf8-4e86-8fc7-90312f07919b,8.0,Manuka and/or Kanuka,,Whakatane District
db9973eb-351f-4e57-a8ab-c4a2ec59de7d,8.0,High Producing Exotic Grassland,Te Puke,Western Bay of Plenty District
db9c4914-cdb1-44af-bb2d-cfc92a1347fd,10.0,High Producing Exotic Grassland,,Western Bay of Plenty District
dbb99bc3-a733-4f5d-a9d0-6de1b8ebd872,10.0,High Producing Exotic Grassland,,Western Bay of Plenty District
dbbea8d5-b269-4ea5-a63c-5bc0251c6102,10.0,High Producing Exotic Grassland,Tauranga,Western Bay of Plenty District
dbc287c5-1f0a-48a0-95ba-47b83626cfc7,10.0,High Producing Exotic Grassland,,Western Bay of Plenty District
dbc5f775-96e8-4a5d-adb0-1560ab2546c2,10.0,High Producing Exotic Grassland,,Western Bay of Plenty District
dbf00800-3ef4-437a-a740-bd09562ea445,9.6,Indigenous Forest,,Western Bay of Plenty District
dbf5847b-2dc6-4cd4-9e51-436fdd713aaa,10.0,High Producing Exotic Grassland,,Western Bay of Plenty District
dbf8528f-528a-4ea1-a96a-1c07ad842b4c,8.4,High Producing Exotic Grassland,,Whakatane District
dbfd5f6a-7e2e-4502-9fd4-2af9273b2ed4,10.0,High Producing Exotic Grassland,,Western Bay of Plenty District
dc03d1cb-62fd-43c9-a524-295d7c4acf69,8.0,Deciduous Hardwoods,,Western Bay of Plenty District
dc139fab-5ebe-4c54-acac-6b3a179c9f1c,8.0,Urban Parkland/Open Space,Te Puke,Western Bay of Plenty District
dc13c6a3-c67e-4513-a2e1-c59bc5a8ce0d,10.0,High Producing Exotic Grassland,,Whakatane District
dc1d5f1e-7ef4-4169-a505-caaee878dd85,10.0,Exotic Forest,,Western Bay of Plenty District
dc260da3-7ff3-44b3-baa9-69e9d96c3bef,8.0,Exotic Forest,,Whakatane District
dc27f497-946a-4406-af62-559ee98f54de,9.6,Indigenous Forest,,Western Bay of Plenty District
dc297d60-c555-4216-a758-c8e59808006a,10.0,Urban Parkland/Open Space,Tauranga,Tauranga City
dc2a26ce-e7cf-426c-b71c-6729280935d0,8.4,Short-rotation Cropland,,Whakatane District
dc419ccc-74bc-4662-aef2-e593a0f4545d,10.0,Exotic Forest,,Western Bay of Plenty District
dc50a8fc-6cb1-4df6-a834-58aa04167964,10.0,High Producing Exotic Grassland,,Western Bay of Plenty District
dc5a3f5e-6114-4ae3-a348-bcd3803cd344,10.0,High Producing Exotic Grassland,Tauranga,Tauranga City
dc727539-9855-4a50-8edf-2107d719bfc0,8.0,High Producing Exotic Grassland,,Western Bay of Plenty District
dc7af126-ba6a-4492-abf0-bef21dec7e9c,8.0,Exotic Forest,,Whakatane District
dc8c5478-33a2-4a27-802f-899c22da7016,8.4,High Producing Exotic Grassland,,Ōpōtiki District
dc94a3ea-dc2a-4a65-86ca-2ae6866c376e,8.0,High Producing Exotic Grassland,,Western Bay of Plenty District
dc9545c1-2995-460f-8cdb-1985a1c3bac0,10.0,High Producing Exotic Grassland,Te Puke,Western Bay of Plenty District
dc976d12-8724-4dd7-8a0b-3ec396af5421,10.0,Broadleaved Indigenous Hardwoods,,Western Bay of Plenty District
dca6386b-10d4-4131-8599-62bd75ffc3ff,10.0,High Producing Exotic Grassland,,Western Bay of Plenty District
dca6c770-34ec-4cbf-b304-f3481fca9af7,10.0,High Producing Exotic Grassland,,Western Bay of Plenty District
dca79164-8b54-4347-b017-50c339d88b08,10.0,Gorse and/or Broom,,Western Bay of Plenty District
dcacbf72-b203-49ce-9e8d-eb30ae10b408,8.0,High Producing Exotic Grassland,,Whakatane District
dcb28482-031f-42c7-807d-17d50e75d9c7,10.0,High Producing Exotic Grassland,Tauranga,Western Bay of Plenty District
dcb3048b-0f0a-4c8c-adde-dc9c2ae678c8,10.0,High Producing Exotic Grassland,,Western Bay of Plenty District
dcb38c8b-3e04-4eec-a047-70afba96be8d,8.0,High Producing Exotic Grassland,,Western Bay of Plenty District
dcbb07cf-764c-4dd8-ade6-27aef277cf43,8.0,Indigenous Forest,,Western Bay of Plenty District
dcbf5fa8-6993-415d-a6ae-c184160f8936,10.0,High Producing Exotic Grassland,Tauranga,Western Bay of Plenty District
dcc34f8b-cea9-491a-aa7c-7bf26c3b8d55,8.0,High Producing Exotic Grassland,,Whakatane District
dcd2c06a-332b-4caa-b158-e7c5c0e68dd8,10.0,High Producing Exotic Grassland,,Western Bay of Plenty District
dcd7d9d4-6da8-437f-904a-c315617a5576,8.0,High Producing Exotic Grassland,,Whakatane District
dce76b5e-8f22-4457-8f4d-69b826ae798d,10.0,High Producing Exotic Grassland,,Western Bay of Plenty District
dceb7fe8-d4e3-46ae-8e93-5764d4b99225,8.4,High Producing Exotic Grassland,,Whakatane District
dcf2fda6-183f-40de-8300-63e63eb92dc1,10.0,High Producing Exotic Grassland,,Western Bay of Plenty District
dcfc90fa-ae55-4f60-b00b-cf0315080a4e,8.4,Manuka and/or Kanuka,,Ōpōtiki District
dd16683e-f70b-49b3-9863-60d366e3af85,10.0,Indigenous Forest,Tauranga,Western Bay of Plenty District
dd1db14c-4d56-444a-b6d0-1c4faa796642,10.0,High Producing Exotic Grassland,,Western Bay of Plenty District
dd310402-b576-4f2d-b6a3-c2b03855468d,10.0,High Producing Exotic Grassland,,Western Bay of Plenty District
dd40cc79-6509-41f8-8e4b-30776dd83245,10.0,Indigenous Forest,,Western Bay of Plenty District
dd578d75-f1ad-4285-8cc2-d94ca9683d2f,10.0,High Producing Exotic Grassland,,Western Bay of Plenty District
dd6d3704-36ef-4f84-b206-bb72556ed436,8.0,High Producing Exotic Grassland,,Whakatane District
dd6dc89b-ddb1-4080-9360-2a40fed95832,10.0,High Producing Exotic Grassland,,Western Bay of Plenty District
dd7556be-4d21-425a-a916-534c55cd569e,8.4,High Producing Exotic Grassland,,Whakatane District
dd7a10b0-d78c-4941-9b62-498d74a34875,10.0,High Producing Exotic Grassland,Tauranga,Tauranga City
dd7fddaa-de8f-460d-aa2a-2a824c0fb6e4,10.0,High Producing Exotic Grassland,,Western Bay of Plenty District
dd831c12-eb5f-4cf3-b8e1-e5cdbb809221,10.0,Deciduous Hardwoods,Te Puke,Western Bay of Plenty District
dd859ea2-1c01-4eb3-9302-be379252e1e3,10.0,High Producing Exotic Grassland,Tauranga,Tauranga City
dd89e710-d5d9-43ec-9a06-9e621443a399,10.0,High Producing Exotic Grassland,Tauranga,Western Bay of Plenty District
dd8f6b95-6e7f-4164-88c4-6b9460139aa0,10.0,High Producing Exotic Grassland,,Western Bay of Plenty District
dd9e3adf-a970-44d7-85f6-4967a16f0ba5,10.0,Indigenous Forest,,Western Bay of Plenty District
dda0b671-6ac6-4b0a-8c9f-2a1c6b1f3ef6,10.0,High Producing Exotic Grassland,,Western Bay of Plenty District
dda367f5-e681-4eb1-84d2-e7f82d63f580,10.0,High Producing Exotic Grassland,,Western Bay of Plenty District
dda3b3b0-9881-4e78-a957-403bd892f593,8.4,Built-up Area (settlement),,Whakatane District
ddacdebf-3beb-4547-8cb2-19233953b8f5,10.0,High Producing Exotic Grassland,,Western Bay of Plenty District
ddadcf09-e8af-4703-8dc4-8fd2e8b8ebe3,8.0,High Producing Exotic Grassland,,Whakatane District
ddb39456-3ae9-48e4-acc9-65d0af7780cd,8.0,Exotic Forest,,Whakatane District
ddbd5060-ac8c-4336-ad55-2001db13d008,8.0,High Producing Exotic Grassland,,Whakatane District
ddcc099f-c64b-48b8-9f6e-a80de03b7a72,10.0,Exotic Forest,,Western Bay of Plenty District
ddd195d1-c238-43b8-93bd-604a16f5187f,8.4,Manuka and/or Kanuka,,Western Bay of Plenty District
ddd53790-658b-435c-9514-c5b809dc184c,10.0,High Producing Exotic Grassland,,Western Bay of Plenty District
ddd73a29-3fa5-47d5-9222-04668fe551c1,10.0,High Producing Exotic Grassland,Tauranga,Tauranga City
ddec5243-4dc6-42ec-80bc-f76c51635d8d,8.0,High Producing Exotic Grassland,Te Puke,Western Bay of Plenty District
ddf2cecd-bff2-4f09-90ba-e986911c8e69,10.0,High Producing Exotic Grassland,,Western Bay of Plenty District
ddfa0299-398b-4f85-865d-eb70b98605e2,8.0,High Producing Exotic Grassland,Te Puke,Western Bay of Plenty District
de0d43fa-d4e3-4fe3-b491-fed75e929a76,10.0,High Producing Exotic Grassland,,Western Bay of Plenty District
de0e9b88-1c08-4d52-bd96-fcfda1e4fa8c,10.0,High Producing Exotic Grassland,,Western Bay of Plenty District
de0f716e-483d-4279-bd52-79563450acbc,10.0,Broadleaved Indigenous Hardwoods,,Western Bay of Plenty District
de129f03-610a-4ce5-a0cb-501189ff7fff,10.0,High Producing Exotic Grassland,,Western Bay of Plenty District
de1708fc-233e-47e3-8920-0b282316dff8,10.0,High Producing Exotic Grassland,,Whakatane District
de1a3bba-740b-4705-9352-fa62ca284c1e,8.0,High Producing Exotic Grassland,Te Puke,Western Bay of Plenty District
de1dedc6-fc6f-479c-8933-1cbb37a34fe5,10.0,High Producing Exotic Grassland,,Western Bay of Plenty District
de2e70cb-f737-4fbe-8d55-82df9d7957ff,10.0,Manuka and/or Kanuka,,Ōpōtiki District
de3b1af3-c456-47e6-8eb3-d6783b412019,8.4,Indigenous Forest,,Ōpōtiki District
de42b9a2-51b4-427c-b463-1e31ec55d0a4,9.6,Indigenous Forest,,Tauranga City
de4586ce-a4d6-4353-a92c-913910be2883,10.0,High Producing Exotic Grassland,,Western Bay of Plenty District
de49060f-f6d8-4ae0-bf76-1df82d1a8f27,10.0,High Producing Exotic Grassland,,Western Bay of Plenty District
de53b137-09c9-4f52-aea7-a175905f3fed,10.0,Indigenous Forest,Te Puke,Western Bay of Plenty District
de570476-22f8-43d2-8f45-70b46fdb6a8f,10.0,High Producing Exotic Grassland,,Western Bay of Plenty District
de59bc8f-eba6-469e-a229-e696e8501b4d,8.0,High Producing Exotic Grassland,,Whakatane District
de678c4c-5ab2-40aa-b209-d01671c79942,8.4,Short-rotation Cropland,,Whakatane District
de7dffbe-a870-41cc-a39f-559d148236a4,10.0,High Producing Exotic Grassland,,Ōpōtiki District
de957783-5da6-44c7-af8a-0acbdc11cfed,8.0,Indigenous Forest,,Western Bay of Plenty District
deb06230-5d3d-48d7-ba24-22bc89d9a4d0,10.0,High Producing Exotic Grassland,,Western Bay of Plenty District
deb8e3a1-08c7-4400-b135-28e1421c1dd8,8.0,Built-up Area (settlement),Te Puke,Western Bay of Plenty District
debd015a-23be-44f6-9698-227dd1f9e6d9,10.0,High Producing Exotic Grassland,,Western Bay of Plenty District
dec5a925-a4dc-463a-a78d-141609f99ebe,10.0,Indigenous Forest,Tauranga,Western Bay of Plenty District
ded25871-c755-4213-890b-fbe333253409,8.0,High Producing Exotic Grassland,Pongakawa,Western Bay of Plenty District
ded8ece3-c265-443b-9949-b618e90d2467,8.0,Indigenous Forest,,Whakatane District
def50420-9501-4f6b-9b28-d855d2841d5e,8.4,Short-rotation Cropland,,Ōpōtiki District
defea90b-f406-4ef9-9006-23753f8031fc,10.0,High Producing Exotic Grassland,,Western Bay of Plenty District
df03a918-1d5f-4e76-8162-f7e32580d827,10.0,Deciduous Hardwoods,Tauranga,Western Bay of Plenty District
df09013d-a64e-4784-a9be-dc1dff3497fe,10.0,High Producing Exotic Grassland,,Whakatane District
df0caa7f-aea6-4374-beeb-ede71cd0d8a2,10.0,High Producing Exotic Grassland,Tauranga,Tauranga City
df11623f-17fa-46f8-9e62-705fdc23f901,9.6,Indigenous Forest,Tauranga,Western Bay of Plenty District
df11a3d0-c24d-4921-a13e-e370232f1f3c,10.0,High Producing Exotic Grassland,,Western Bay of Plenty District
df12c9b7-ed31-4595-95ff-9f400ba8a1ce,10.0,High Producing Exotic Grassland,,Western Bay of Plenty District
df153a4f-59b9-47eb-a4b0-663985d62ea6,10.0,Short-rotation Cropland,,Western Bay of Plenty District
df1d3dd1-0fe3-41cd-8dd0-93d8ca34f842,8.0,High Producing Exotic Grassland,,Whakatane District
df21bb36-f2bd-4db0-baf4-300b6a7ed461,8.0,High Producing Exotic Grassland,,Whakatane District
df223c4d-e408-4d31-8580-fa3a675681a5,10.0,High Producing Exotic Grassland,,Ōpōtiki District
df234d7a-993b-4160-ab99-b3825d1f700d,10.0,High Producing Exotic Grassland,,Western Bay of Plenty District
df37b98b-83fc-4a02-a6cb-ad32343a6c64,10.0,High Producing Exotic Grassland,Tauranga,Western Bay of Plenty District
df51dd14-3d8c-4c13-a790-dcfeead004dd,10.0,Urban Parkland/Open Space,Tauranga,Tauranga City
df602fe9-968f-4e15-baf9-f541b4bc4d39,9.6,Broadleaved Indigenous Hardwoods,,Western Bay of Plenty District
df6a32df-9afa-4b69-9e8c-73641b41a185,8.0,High Producing Exotic Grassland,,Western Bay of Plenty District
df792c71-d5a2-4168-8f39-3801b473182e,10.0,Exotic Forest,,Western Bay of Plenty District
df8839db-65ad-49f0-8537-4ab79232307a,8.0,Manuka and/or Kanuka,,Western Bay of Plenty District
dfa339f7-76c5-4399-bdcd-9a84861e4441,10.0,High Producing Exotic Grassland,,Western Bay of Plenty District
dfa3ecc7-dd60-468d-8c80-6e0668c74f13,8.8,Exotic Forest,,Western Bay of Plenty District
dfaf85b2-d888-4dae-8101-b3667fe585f9,8.0,High Producing Exotic Grassland,,Whakatane District
dfb08266-ffe9-4488-b89d-ed3ea1200648,8.0,Built-up Area (settlement),Tauranga,Tauranga City
dfb21f02-3f92-4792-9f7e-267cb3627a5a,10.0,High Producing Exotic Grassland,Tauranga,Tauranga City
dfb55010-57c5-4a4d-b156-fc5429b24d01,8.0,High Producing Exotic Grassland,,Western Bay of Plenty District
dfc77772-3b74-481a-9ec6-fcc7508d5ca9,8.4,High Producing Exotic Grassland,,Whakatane District
dfd2c8e8-ea1c-4858-aab0-54bd154c75fe,8.0,Mangrove,,Ōpōtiki District
dfddc11c-a8c7-4289-8431-4f1bfbca6be8,10.0,High Producing Exotic Grassland,,Ōpōtiki District
dfddf5c4-401e-4332-b8b2-4780eb81fcec,10.0,Broadleaved Indigenous Hardwoods,Tauranga,Western Bay of Plenty District
dfe206eb-f35e-412a-ba43-0389c951dbad,8.4,Indigenous Forest,,Ōpōtiki District
dfe2a1a2-cd61-4cd0-9e06-1a095fda1912,10.0,High Producing Exotic Grassland,Tauranga,Western Bay of Plenty District
dfe40d5e-a686-4491-9cea-5a9523cc0622,10.0,High Producing Exotic Grassland,,Ōpōtiki District
dffd41d0-99c4-4509-94bc-ae1560e82711,10.0,High Producing Exotic Grassland,,Western Bay of Plenty District
e00381cd-bf6e-405c-ac6d-d911c8ec7c10,8.8,High Producing Exotic Grassland,,Western Bay of Plenty District
e00489bd-61c6-4350-95e4-05d46c446b14,10.0,High Producing Exotic Grassland,,Western Bay of Plenty District
e006c2f9-ae66-4be7-8d6d-02db9f170026,8.0,High Producing Exotic Grassland,,Whakatane District
e00897af-111d-4f42-b5da-ece9a63cf36c,10.0,Low Producing Grassland,Tauranga,Tauranga City
e00effde-ee9b-41c6-9420-2abc48882200,8.0,High Producing Exotic Grassland,,Whakatane District
e01183c2-1ce5-4e91-8150-187361bcaa55,8.4,Herbaceous Freshwater Vegetation,,Ōpōtiki District
e0216f0e-4794-43f3-9709-d0a4f0a0b25e,10.0,High Producing Exotic Grassland,,Western Bay of Plenty District
e02370e8-e16c-4630-8cd0-12c2300a2446,10.0,High Producing Exotic Grassland,,Western Bay of Plenty District
e028abfc-2f97-490a-8902-498acd4cc8f9,9.6,Indigenous Forest,,Western Bay of Plenty District
e03286fb-6f58-49ca-83d2-5a7c8553cd0b,10.0,High Producing Exotic Grassland,,Western Bay of Plenty District
e0360827-43cf-42c5-be2f-41c99791945b,10.0,High Producing Exotic Grassland,,Ōpōtiki District
e036fab8-012c-46f4-9a08-78dc98b9112d,9.6,Indigenous Forest,,Western Bay of Plenty District
e03a582f-02ef-4076-aaf6-5a97b46a37e6,10.0,High Producing Exotic Grassland,,Western Bay of Plenty District
e03c7487-086a-4c0f-8870-25bd22aca427,8.0,High Producing Exotic Grassland,,Whakatane District
e0472373-86d1-454b-b6f4-13a16c97ca87,10.0,Broadleaved Indigenous Hardwoods,Tauranga,Tauranga City
e04b01cd-408e-4609-a406-2ff9166c853b,10.0,High Producing Exotic Grassland,,Western Bay of Plenty District
e05860c4-68ee-4d75-b011-c13709789e0d,8.4,High Producing Exotic Grassland,,Whakatane District
e0591964-c38b-4ac3-8648-3955de57a5f8,10.0,High Producing Exotic Grassland,,Western Bay of Plenty District
e059a69d-f57a-4938-b74b-d9cf9b13c251,10.0,Exotic Forest,,Western Bay of Plenty District
e05a684d-891a-4aad-8e15-5d153d42112d,8.0,High Producing Exotic Grassland,,Whakatane District
e05e97a1-06b0-4134-b738-aa754d80b79c,8.8,Broadleaved Indigenous Hardwoods,,Western Bay of Plenty District
e0684d03-0408-498c-806b-5d2a5e59dd0f,8.0,Short-rotation Cropland,,Whakatane District
e0769271-5b0f-4013-bab7-b9121d07f393,10.0,High Producing Exotic Grassland,,Western Bay of Plenty District
e07b6018-ea9b-46e3-b15a-db476fe758cf,10.0,High Producing Exotic Grassland,,Western Bay of Plenty District
e083a391-a054-4e76-9d6e-d73fdd8afb2a,8.0,High Producing Exotic Grassland,,Whakatane District
e0932c3f-8577-46c4-a220-0e56575fe112,8.4,High Producing Exotic Grassland,,Ōpōtiki District
e095d48b-dda6-4fe6-8223-cb0c4a3ba809,8.0,High Producing Exotic Grassland,,Western Bay of Plenty District
e096fb87-7c02-4062-9247-5c91b3fd8be5,10.0,Broadleaved Indigenous Hardwoods,,Ōpōtiki District
e0a1e2f6-3e5d-48d3-9e80-e0403b36c288,10.0,High Producing Exotic Grassland,Tauranga,Western Bay of Plenty District
e0a4cf82-8575-4dc9-906b-6a3d464ce32e,8.4,Short-rotation Cropland,,Ōpōtiki District
e0b1781c-5340-4250-82be-acb8eb941b07,10.0,Exotic Forest,,Western Bay of Plenty District
e0b7daa3-47a0-4f7e-8403-ed71e13dc34b,10.0,High Producing Exotic Grassland,,Western Bay of Plenty District
e0bbd607-076f-428f-9ab0-2c5eceb341ba,10.0,High Producing Exotic Grassland,,Western Bay of Plenty District
e0bc04c7-4cbf-419e-9658-87592c37002d,8.0,Built-up Area (settlement),Tauranga,Tauranga City
e0be428b-261f-4993-8a9b-188795ff4b8d,9.6,Indigenous Forest,Tauranga,Tauranga City
e0dbc889-46f0-4f7c-a166-9109033ec6dd,10.0,Indigenous Forest,,Western Bay of Plenty District
e0dd4fe7-538a-43b8-8a7b-7d1f10e41b51,8.8,High Producing Exotic Grassland,,Western Bay of Plenty District
e0e0ecdf-a511-4f75-81aa-8997f1582908,10.0,High Producing Exotic Grassland,,Western Bay of Plenty District
e0e6eb1c-e02e-4b74-a29b-0919c74f71db,8.4,High Producing Exotic Grassland,,Whakatane District
e0e96c19-da04-46b7-9fb6-cb642a75a2a4,8.0,Indigenous Forest,Pongakawa,Western Bay of Plenty District
e0ea35b1-9671-480c-a770-8a10ce39a13d,8.8,High Producing Exotic Grassland,,Western Bay of Plenty District
e0f38b2c-24f8-454a-abb2-0348ea920cc1,8.4,High Producing Exotic Grassland,,Whakatane District
e0f8d0a0-4601-44bb-b874-ececa24ed7ab,8.0,High Producing Exotic Grassland,,Whakatane District
e1058c13-6d56-48b9-bae2-2020572bdaaa,8.0,Indigenous Forest,,Whakatane District
e105ef86-7bb3-4822-a07d-beec41a0fd2d,10.0,High Producing Exotic Grassland,Tauranga,Tauranga City
e1070900-7bdf-4385-a85d-4785451479ef,8.8,Indigenous Forest,,Western Bay of Plenty District
e107bdbb-777f-4f3a-b35d-090125581922,10.0,High Producing Exotic Grassland,,Western Bay of Plenty District
e11ae40b-21a9-4a46-b1e8-9e089ad4ac8d,8.0,High Producing Exotic Grassland,,Whakatane District
e11fef56-96c5-48c3-be7b-fea5c4131990,10.0,Indigenous Forest,,Whakatane District
e13593ff-81cf-446d-a942-b9690dd61672,10.0,High Producing Exotic Grassland,,Western Bay of Plenty District
e14176bc-8955-4c50-a185-7bc59f449ce8,8.0,High Producing Exotic Grassland,,Whakatane District
e14618a0-511f-455f-b95a-ba50e0e08b88,10.0,Built-up Area (settlement),Tauranga,Tauranga City
e1469fb9-b3cd-4e06-9a09-5f343ae1010e,8.4,High Producing Exotic Grassland,,Whakatane District
e15e8b31-a4e9-4fb2-8437-7998af399ffc,10.0,Indigenous Forest,Tauranga,Tauranga City
e1669073-aed6-43f4-b14b-fa1944f5d8ff,9.6,High Producing Exotic Grassland,,Western Bay of Plenty District
e166bd82-e0f5-4645-a59a-570a7d493aea,8.0,High Producing Exotic Grassland,,Western Bay of Plenty District
e176ce8a-e5e5-489b-b0e1-0798428367b6,8.0,High Producing Exotic Grassland,,Whakatane District
e17a5455-f795-4666-9cbf-780a9bab6f00,8.0,Exotic Forest,,Whakatane District
e17ca39c-9521-4c57-ae00-3f99e74b436e,10.0,Built-up Area (settlement),Tauranga,Tauranga City
e17e1b38-3f07-472a-a17f-5b530fbd5a50,10.0,High Producing Exotic Grassland,,Western Bay of Plenty District
e1811311-9a5c-4483-a7e5-c8973a314f5d,8.0,High Producing Exotic Grassland,,Whakatane District
e182dd63-5668-4c4b-8844-66762612ced8,10.0,High Producing Exotic Grassland,Tauranga,Western Bay of Plenty District
e1951c98-3b2e-48e9-96b2-2a7cea8c665c,10.0,High Producing Exotic Grassland,,Western Bay of Plenty District
e19c2169-5022-475e-bbf8-09767bf4743b,8.0,High Producing Exotic Grassland,,Whakatane District
e1a4c1dc-af80-4141-b765-48e286b3a186,10.0,High Producing Exotic Grassland,,Ōpōtiki District
e1a97308-609b-4d01-9123-239b107c53b1,10.0,High Producing Exotic Grassland,,Whakatane District
e1b5263b-d84a-4c30-9758-a4192046aa3a,8.4,High Producing Exotic Grassland,,Ōpōtiki District
e1bbc75a-4d80-4c3f-8cc9-15e8b518cadb,10.0,High Producing Exotic Grassland,,Western Bay of Plenty District
e1bbd470-5825-4cc6-aeb2-cf785eceba6b,10.0,High Producing Exotic Grassland,,Western Bay of Plenty District
e1c39d67-4917-4e16-b861-84168aae2ac1,8.0,High Producing Exotic Grassland,Te Puke,Western Bay of Plenty District
e1d00a40-dd21-4903-b0b3-4aca8c9cb7eb,8.0,Built-up Area (settlement),Te Puke,Western Bay of Plenty District
e1d13885-e209-429e-b2a2-f01de24a8ea1,10.0,Urban Parkland/Open Space,Tauranga,Tauranga City
e1d458f2-ee34-40b6-8c6f-d3aa59a9b031,8.8,High Producing Exotic Grassland,,Western Bay of Plenty District
e1e3f787-35e0-4519-becb-02df20ec1838,10.0,High Producing Exotic Grassland,,Western Bay of Plenty District
e1e93a62-6cfd-452f-ac21-57d63ce0ed34,8.8,High Producing Exotic Grassland,,Western Bay of Plenty District
e1ea77b7-6b2e-4165-87d6-34553f91c8b8,10.0,Broadleaved Indigenous Hardwoods,,Western Bay of Plenty District
e1eab298-57b8-40dc-b47f-6db5bbf1a216,8.0,High Producing Exotic Grassland,,Whakatane District
e1f01e3a-9d42-4779-99ef-059b6c8b8268,10.0,High Producing Exotic Grassland,,Western Bay of Plenty District
e1ffbf43-ad77-4012-b1f0-12013f031bdd,8.4,High Producing Exotic Grassland,,Ōpōtiki District
e206776d-07c4-4588-9684-466a87e1aa11,8.0,High Producing Exotic Grassland,,Whakatane District
e2096721-2572-4526-96c8-1a1fbf5ea32f,9.6,High Producing Exotic Grassland,,Western Bay of Plenty District
e2327154-9fea-4ed1-90a5-3056b3c9dc05,8.0,High Producing Exotic Grassland,,Whakatane District
e23a8bf4-29b7-48ea-9e1a-f6364e705445,9.6,Indigenous Forest,Tauranga,Western Bay of Plenty District
e23ab020-a25e-41de-9285-9b16e7475615,9.6,Exotic Forest,Tauranga,Tauranga City
e2453e9e-1674-46e8-bcab-2c4a8c192334,10.0,Broadleaved Indigenous Hardwoods,,Western Bay of Plenty District
e246bc69-bb06-4ee6-a7dc-f34eee35ed41,8.0,High Producing Exotic Grassland,,Whakatane District
e249e43c-9d91-49a8-845d-b9edbfa2c518,8.0,High Producing Exotic Grassland,,Whakatane District
e24de939-cb7c-4b49-b0d8-f0c3f4008ae5,8.0,Broadleaved Indigenous Hardwoods,,Whakatane District
e252fa5d-641e-4b63-b652-7598bcb75d31,10.0,High Producing Exotic Grassland,,Whakatane District
e25f5f9d-c19a-4d22-ab18-d33992c1fb16,8.0,High Producing Exotic Grassland,,Whakatane District
e261f81e-73cf-4039-a13a-05350a710c66,10.0,High Producing Exotic Grassland,,Western Bay of Plenty District
e26231e5-aa6f-4f76-aa50-18c21f08899c,10.0,High Producing Exotic Grassland,,Western Bay of Plenty District
e26295b1-9c2c-4c3d-8013-c155afcce43f,8.0,Broadleaved Indigenous Hardwoods,,Whakatane District
e267834c-7d1a-4510-adfc-086980266e3e,8.0,High Producing Exotic Grassland,,Western Bay of Plenty District
e2762d72-223e-4f6d-b713-e280aa6ecbb7,10.0,Broadleaved Indigenous Hardwoods,,Ōpōtiki District
e278825f-cee9-46ac-a47d-17bf61fb6880,10.0,High Producing Exotic Grassland,,Ōpōtiki District
e28027f7-3718-4f91-9ad1-ca9ccfd22fa7,10.0,Short-rotation Cropland,,Tauranga City
e2923b5f-f20f-42f1-a094-486b22b6cac8,8.0,High Producing Exotic Grassland,,Whakatane District
e2a5e211-0c21-4d97-814e-ff728a62778d,10.0,High Producing Exotic Grassland,,Western Bay of Plenty District
e2bb8a25-7927-4607-872a-418f2eab523c,8.4,Urban Parkland/Open Space,,Whakatane District
e2c19c32-f140-4ce2-a10a-d6f2d6ff872a,8.4,High Producing Exotic Grassland,,Whakatane District
e2c501b3-7c04-4ae6-b69a-c8c326c86f8c,8.0,High Producing Exotic Grassland,,Whakatane District
e2e3637f-1f9e-4a3e-9c99-184cc1c25f6b,8.4,High Producing Exotic Grassland,,Ōpōtiki District
e2e6bd35-6cf0-447d-862e-bf642ce93feb,9.6,Indigenous Forest,Tauranga,Western Bay of Plenty District
e2f84a76-3497-4e1a-806f-50b6d355c6d1,10.0,Short-rotation Cropland,,Western Bay of Plenty District
e3069a6b-6a97-490d-a01b-bfc2497d331d,8.4,Short-rotation Cropland,,Ōpōtiki District
e3089ac6-aaa3-41bf-8c6b-8e9910df7346,8.0,Built-up Area (settlement),Te Puke,Western Bay of Plenty District
e30bcbd8-6801-4340-b1a7-a5d3d16b7239,8.0,High Producing Exotic Grassland,,Whakatane District
e31c3731-7b40-4d83-9cbc-82d4d3e71565,10.0,Indigenous Forest,,Western Bay of Plenty District
e31d660c-af99-447e-9ca6-c2dee614856f,10.0,High Producing Exotic Grassland,,Ōpōtiki District
e3283f8e-defa-499e-a889-64d9c022de2a,8.8,High Producing Exotic Grassland,,Western Bay of Plenty District
e3499c3a-bcab-4c64-8b9f-ddac770b0dda,8.0,Indigenous Forest,,Whakatane District
e3630326-8b18-4253-93f1-df77ce64a440,8.0,Indigenous Forest,,Whakatane District
e365fafe-e908-41fb-9245-58724d3e0709,10.0,Indigenous Forest,,Western Bay of Plenty District
e36b7002-a0f5-4274-9a36-9d5e7e90c26c,10.0,Built-up Area (settlement),Tauranga,Tauranga City
e36fb9cb-587e-414a-aa94-5b27bcc312b7,8.0,Manuka and/or Kanuka,,Whakatane District
e38d4b98-e784-44a5-be2d-43eb7b401259,10.0,High Producing Exotic Grassland,Tauranga,Western Bay of Plenty District
e38e1328-2dd4-430f-a545-f8c4ead6130c,10.0,High Producing Exotic Grassland,,Western Bay of Plenty District
e397cdc7-65d1-40d4-9157-35bc703039c2,8.0,High Producing Exotic Grassland,,Whakatane District
e3aa3d92-efe3-4793-bf02-14c9802332b2,10.0,High Producing Exotic Grassland,,Western Bay of Plenty District
e3adf3a9-d1d6-4db9-97d8-a45b213bc2ae,10.0,High Producing Exotic Grassland,,Western Bay of Plenty District
e3b1b274-df70-48b0-81c2-52ffecac0697,10.0,High Producing Exotic Grassland,Tauranga,Tauranga City
e3b2293b-10dd-49e2-bf39-19aa10a9b7d4,10.0,High Producing Exotic Grassland,Tauranga,Western Bay of Plenty District
e3c83cfb-fe28-455b-b50c-95a5b8f3d35d,8.4,High Producing Exotic Grassland,,Whakatane District
e3d3b5bf-0125-4213-9a58-d6ebb2ea9b70,10.0,High Producing Exotic Grassland,,Western Bay of Plenty District
e3dd823f-27b8-4461-9245-f9ba856c79f5,8.0,Deciduous Hardwoods,Tauranga,Tauranga City
e3e46ceb-f019-4756-8f8d-ffcc64fec6b8,10.0,High Producing Exotic Grassland,,Western Bay of Plenty District
e3e7986b-3a18-4093-a080-3e5ec08b2b9e,8.4,High Producing Exotic Grassland,,Whakatane District
e3ea9199-22ff-47f8-8486-9599b5b2a9c5,8.4,High Producing Exotic Grassland,,Ōpōtiki District
e3eb1aa8-34d5-4433-9aeb-c7d4172c93d1,10.0,High Producing Exotic Grassland,,Whakatane District
e3ee75ef-60ce-4ef9-9eb4-094e07166318,8.0,High Producing Exotic Grassland,,Ōpōtiki District
e3fbc690-06ed-40ab-8d63-c83aa65c81c2,8.0,High Producing Exotic Grassland,,Whakatane District
e4030388-3967-4c49-9ca8-9fd756a6416c,8.0,High Producing Exotic Grassland,,Whakatane District
e40eac0d-6be6-417e-97d5-b3bf543ecdaf,8.4,High Producing Exotic Grassland,,Whakatane District
e4169e06-4ecc-495a-87e0-287491ad499f,10.0,Exotic Forest,,Western Bay of Plenty District
e42ed1b3-4cf4-4a55-aaa6-624fca499deb,8.0,High Producing Exotic Grassland,,Western Bay of Plenty District
e43a728c-80ab-4055-8a66-5517b3fedd67,8.0,Broadleaved Indigenous Hardwoods,,Western Bay of Plenty District
e43dca4e-f6d5-4c93-9468-95239b485aab,8.0,High Producing Exotic Grassland,,Whakatane District
e4429d82-b6ee-48ef-8341-98f791ad20e8,10.0,High Producing Exotic Grassland,,Western Bay of Plenty District
e443fe13-390a-4b5c-a458-933eacae1204,8.4,High Producing Exotic Grassland,,Ōpōtiki District
e45576ff-8432-4612-8f1f-9cdbcc196239,8.0,Built-up Area (settlement),,Tauranga City
e45f2d49-3f82-489d-b581-ae5e676dc453,8.0,High Producing Exotic Grassland,,Whakatane District
e46614b0-dc7d-4bc0-8a46-de2b9f2437f8,8.0,Built-up Area (settlement),Tauranga,Tauranga City
e4661fd1-5627-4422-968d-cdf8936b365a,8.0,High Producing Exotic Grassland,Pongakawa,Western Bay of Plenty District
e46e9702-0787-4125-aca4-ecc6ecbea78c,9.6,High Producing Exotic Grassland,,Western Bay of Plenty District
e4737b89-2c28-49a0-b5a9-eeed1e8ccad0,8.0,High Producing Exotic Grassland,,Whakatane District
e47c4128-0d0f-4363-af07-0f080b639d5b,10.0,High Producing Exotic Grassland,,Western Bay of Plenty District
e47f3c47-d8ce-4171-8a62-ca04ba3f60bb,10.0,High Producing Exotic Grassland,Pongakawa,Western Bay of Plenty District
e4858129-ae20-4c28-84f3-6f7e109d740f,10.0,High Producing Exotic Grassland,,Whakatane District
e4859d1c-b25e-41c2-afdd-d4ee160e8ccd,10.0,High Producing Exotic Grassland,,Western Bay of Plenty District
e489714f-5cc9-40dd-a725-b9f74ad5fbdb,10.0,High Producing Exotic Grassland,,Ōpōtiki District
e48d52b0-69a4-4f39-8629-392b6b98f799,10.0,High Producing Exotic Grassland,,Western Bay of Plenty District
e4993736-12ca-4cb6-90fc-5a7749900176,10.0,High Producing Exotic Grassland,,Western Bay of Plenty District
e4a04a5c-e9bc-4e08-a1bc-75390ab09ebe,8.0,High Producing Exotic Grassland,,Whakatane District
e4a190c3-7d4d-45ea-8975-022d9f4e7fad,9.5,High Producing Exotic Grassland,,Western Bay of Plenty District
e4a3ba8a-b99c-42a6-b046-b5b3575a5c4c,8.0,High Producing Exotic Grassland,Te Puke,Western Bay of Plenty District
e4caf422-8bce-4d9d-9b02-993f8f1efd5c,10.0,High Producing Exotic Grassland,,Ōpōtiki District
e4cc172f-b6f6-4fec-bdb1-6e2cde07f85b,10.0,High Producing Exotic Grassland,,Western Bay of Plenty District
e4d1517d-1463-4bc1-8512-6580836a900b,10.0,Short-rotation Cropland,,Western Bay of Plenty District
e4d5df52-a37d-4327-9e88-1cf520f9a1ae,10.0,Built-up Area (settlement),,Tauranga City
e4d89ae9-e4ab-4d7e-96c7-cb669d6af2d8,10.0,High Producing Exotic Grassland,,Western Bay of Plenty District
e4d9564e-3296-44fe-9c06-94c2fefb588f,10.0,High Producing Exotic Grassland,Tauranga,Western Bay of Plenty District
e4df297e-c82f-4b05-878f-526e6e53223f,8.0,Broadleaved Indigenous Hardwoods,Te Puke,Western Bay of Plenty District
e4e4758f-e1ff-47b6-bd6b-88b501f2846f,8.4,Manuka and/or Kanuka,,Ōpōtiki District
e4e76a37-dac2-4b19-9aa8-175a9787221c,8.0,Short-rotation Cropland,,Whakatane District
e4f37444-f26c-4bc5-8572-f12805ab9c73,10.0,Broadleaved Indigenous Hardwoods,,Western Bay of Plenty District
e4f97c0a-99ae-498e-81da-fbc41a67002a,10.0,High Producing Exotic Grassland,,Western Bay of Plenty District
e4faa693-f8c9-4ecc-bce0-b1259c95ddad,8.0,High Producing Exotic Grassland,,Whakatane District
e4fde703-545d-462d-acb4-c910e203dea9,10.0,High Producing Exotic Grassland,,Western Bay of Plenty District
e5176455-5600-4725-8365-0260e754048d,8.0,High Producing Exotic Grassland,,Whakatane District
e523daa0-fd2f-412f-8ef8-927e9d3b9750,10.0,Broadleaved Indigenous Hardwoods,,Tauranga City
e5240a50-c7ed-47d6-b598-f94ceba9f10f,10.0,High Producing Exotic Grassland,,Western Bay of Plenty District
e5268a8a-5838-4bcd-b5e7-9ccb9089eb88,8.0,High Producing Exotic Grassland,,Whakatane District
e52a163c-83f7-4752-8294-3ae66a7abfea,8.0,Short-rotation Cropland,,Whakatane District
e52be126-05ea-4381-aa96-4a5757314e4a,8.4,Short-rotation Cropland,,Whakatane District
e530b28d-d514-423d-9d1f-3f4bc4868b15,8.0,High Producing Exotic Grassland,,Western Bay of Plenty District
e531ed78-e9e7-45bf-9fec-53dab5236fcc,10.0,High Producing Exotic Grassland,Tauranga,Western Bay of Plenty District
e5400a6a-0bdd-44df-bd43-794ed5f656a8,8.0,High Producing Exotic Grassland,Pongakawa,Western Bay of Plenty District
e541584d-4ece-436a-bbd5-422dbd8aa760,8.0,Urban Parkland/Open Space,,Whakatane District
e54cd8e2-2953-4df6-aa51-56e1d96a1089,10.0,Deciduous Hardwoods,Tauranga,Tauranga City
e553c446-6f01-4a98-bb92-0fd9baff6498,8.0,High Producing Exotic Grassland,,Whakatane District
e5583407-3ca4-4cb0-98c0-c6df92a86a78,10.0,High Producing Exotic Grassland,,Western Bay of Plenty District
e561ce0f-50be-48ea-9e07-cd2e9db51b39,10.0,Short-rotation Cropland,Tauranga,Western Bay of Plenty District
e576ebca-a747-4f5d-bb8f-4cf367a48086,10.0,High Producing Exotic Grassland,,Western Bay of Plenty District
e57cfb7c-f12e-4554-a3ae-32af48b55123,8.0,High Producing Exotic Grassland,,Whakatane District
e5802f4b-3ee4-4c2c-9766-1989b0a56c97,10.0,High Producing Exotic Grassland,,Whakatane District
e58463fe-0bd7-489b-b490-ef84432e6a21,8.0,High Producing Exotic Grassland,,Whakatane District
e5875fb5-1f6b-43d7-a04f-46feb3122e81,8.0,High Producing Exotic Grassland,,Tauranga City
e589d252-b4bf-4404-8323-adb0fae20268,8.0,High Producing Exotic Grassland,,Whakatane District
e58abb13-e72d-4222-b2f2-a8091d793610,10.0,High Producing Exotic Grassland,,Whakatane District
e591b6db-2b50-48ea-b0a5-3d8be33c1265,10.0,High Producing Exotic Grassland,,Western Bay of Plenty District
e59ea5e2-a19b-44be-ac46-d969c50cdc8a,8.4,High Producing Exotic Grassland,,Ōpōtiki District
e5b518ee-1200-4e53-8dee-26cec202f412,8.2,High Producing Exotic Grassland,,Whakatane District
e5b9a84b-a380-4716-9ecd-5d82ee772f23,9.6,Indigenous Forest,Tauranga,Western Bay of Plenty District
e5dffd6a-4381-4464-8f41-91aa80bd1df1,10.0,Indigenous Forest,,Western Bay of Plenty District
e5e7dc1b-b7e5-448c-a44d-6c58add66627,8.4,Short-rotation Cropland,,Ōpōtiki District
e5ee6001-d0c6-43bf-9d4f-e2e6867a307d,10.0,High Producing Exotic Grassland,,Western Bay of Plenty District
e5f27990-d734-4fb7-aed7-d72d6d6dda54,10.0,High Producing Exotic Grassland,,Western Bay of Plenty District
e5f7aa52-cbb9-49b6-a264-9321aadae5f8,10.0,High Producing Exotic Grassland,,Western Bay of Plenty District
e5ff2690-7a65-40b9-929a-ed09d3deb97f,10.0,High Producing Exotic Grassland,,Western Bay of Plenty District
e6009d24-c4ff-4abc-a4b3-7603b46241b7,8.0,Low Producing Grassland,Te Puke,Western Bay of Plenty District
e602e9b6-f714-43d3-b9eb-396fefe659f4,8.0,High Producing Exotic Grassland,,Whakatane District
e606f62f-048b-480b-85a3-20c4b69bf970,10.0,Indigenous Forest,,Western Bay of Plenty District
e60cfc52-78a5-4f50-ae37-66efac44af7b,10.0,High Producing Exotic Grassland,,Whakatane District
e60e6c7b-589f-4009-bce2-3f864b158503,10.0,High Producing Exotic Grassland,,Western Bay of Plenty District
e61283ce-614c-4bb9-9918-cdd36d7b221c,10.0,High Producing Exotic Grassland,Tauranga,Tauranga City
e6160a6f-38b2-4b33-808d-4d341fafbb5c,10.0,High Producing Exotic Grassland,,Western Bay of Plenty District
e61c6ba2-447f-4a89-87c2-c30e8ab477ce,10.0,Built-up Area (settlement),,Western Bay of Plenty District
e61c706f-f4b7-4d3e-889d-9d8392b028eb,10.0,High Producing Exotic Grassland,,Western Bay of Plenty District
e6216266-7c12-4f02-8f5e-0533684c912b,8.0,High Producing Exotic Grassland,,Whakatane District
e62273f6-1b44-48c2-adb1-ed59d472efcd,10.0,Broadleaved Indigenous Hardwoods,,Western Bay of Plenty District
e6352482-f12c-40d3-a902-0f82140aec08,9.6,Indigenous Forest,,Western Bay of Plenty District
e63810ab-5b72-440d-93aa-2e63bc4ea6b6,8.0,High Producing Exotic Grassland,,Whakatane District
e64044bc-d4d7-452d-b3db-a0bc38e45b5f,8.4,High Producing Exotic Grassland,,Whakatane District
e6404652-7221-4d7c-a834-4aa220d97a6e,10.0,High Producing Exotic Grassland,Tauranga,Tauranga City
e6495329-8d6d-4326-866a-4ee43dfb4b63,10.0,Indigenous Forest,,Ōpōtiki District
e64bb657-de35-49a0-901f-d101a19ecb1b,10.0,Broadleaved Indigenous Hardwoods,Te Puke,Western Bay of Plenty District
e651926e-5269-4d2c-a0f5-021c4e5e086d,10.0,High Producing Exotic Grassland,,Western Bay of Plenty District
e6546059-3a00-4d7d-aee7-40123fc7c953,10.0,High Producing Exotic Grassland,Tauranga,Tauranga City
e65b25b5-2979-40d5-849e-f6c7212ebd00,10.0,High Producing Exotic Grassland,,Ōpōtiki District
e65f5205-aa52-4e42-9e5d-f9527c7ec0dc,10.0,Short-rotation Cropland,,Western Bay of Plenty District
e661b728-1a05-48d0-a09d-751bf765ba45,8.0,Exotic Forest,Pongakawa,Western Bay of Plenty District
e6633cb0-b7a6-496c-9211-72d14e928532,10.0,High Producing Exotic Grassland,Tauranga,Western Bay of Plenty District
e6687520-a691-45f0-82ce-df9b19fa72c0,10.0,Low Producing Grassland,Tauranga,Tauranga City
e68ff178-0d13-4a00-815b-d91a40aa41c7,8.0,High Producing Exotic Grassland,,Whakatane District
e69df162-a663-4c68-a41a-4f8955db92a7,10.0,High Producing Exotic Grassland,,Ōpōtiki District
e6af1e45-f783-4e97-bf35-e4041f71587b,10.0,High Producing Exotic Grassland,,Western Bay of Plenty District
e6c39fe5-1eea-4b22-961b-a2f04bd05bda,10.0,Urban Parkland/Open Space,Tauranga,Tauranga City
e6c62137-3f2f-473e-9a6d-5f76b80b6d3a,10.0,Built-up Area (settlement),,Western Bay of Plenty District
e6c7b1f6-b53d-4f27-9e28-40b427037eba,10.0,Mangrove,,Western Bay of Plenty District
e6c9c5eb-3e60-4e32-9de0-a056320e3528,8.0,High Producing Exotic Grassland,,Western Bay of Plenty District
e6d317d0-cf8f-4a71-8787-23d74d31794d,10.0,High Producing Exotic Grassland,,Western Bay of Plenty District
e6e23205-0369-4116-910d-63b4a035f0ad,8.0,Indigenous Forest,Te Puke,Western Bay of Plenty District
e6e49d28-177e-4624-9116-19ae559beec5,10.0,High Producing Exotic Grassland,Te Puke,Western Bay of Plenty District
e6ea7ce7-f84a-4544-b720-667fd3ee18be,8.8,Indigenous Forest,,Western Bay of Plenty District
e6f83103-19f7-4981-be6e-395c58ed4c80,9.6,Exotic Forest,,Western Bay of Plenty District
e6fa537f-9f44-42bd-969a-64ef13766425,8.0,High Producing Exotic Grassland,,Whakatane District
e71c12e8-7c48-44cd-84e5-297b82a5fd1b,10.0,Indigenous Forest,,Ōpōtiki District
e71d235c-f451-4d1b-8dc4-3d22c04268e4,8.4,Short-rotation Cropland,,Ōpōtiki District
e722a28a-8ec7-4b69-b0ca-e0eb0de74530,10.0,Exotic Forest,,Western Bay of Plenty District
e73ceadf-646f-4d8a-9732-2126c7008e00,8.4,High Producing Exotic Grassland,,Ōpōtiki District
e7423c36-7b33-4cad-846e-d75dc456072a,10.0,High Producing Exotic Grassland,,Western Bay of Plenty District
e747e575-951e-4714-b123-9e50e3f2a765,8.4,High Producing Exotic Grassland,,Ōpōtiki District
e7480580-981e-48c3-b458-6ff2c5189482,8.0,Short-rotation Cropland,Te Puke,Western Bay of Plenty District
e74b1c8e-8adf-47ca-bc4f-39990c54f86c,8.4,High Producing Exotic Grassland,,Ōpōtiki District
e74b4dcb-9603-4687-9d99-656b574f76f6,10.0,High Producing Exotic Grassland,,Western Bay of Plenty District
e74e44f0-cc96-4546-865d-b1ed52430aa1,10.0,High Producing Exotic Grassland,,Western Bay of Plenty District
e752a266-3256-48ff-aef4-9c0913eb9721,10.0,High Producing Exotic Grassland,Tauranga,Western Bay of Plenty District
e75ee664-4e19-4202-8588-992b2f33789e,10.0,Indigenous Forest,,Western Bay of Plenty District
e7686ddf-8334-4309-92dc-4dfa073c56c4,10.0,High Producing Exotic Grassland,,Ōpōtiki District
e7748ac4-23d4-44d1-b4db-ab24b0c94141,10.0,High Producing Exotic Grassland,,Western Bay of Plenty District
e78687c2-7c39-4da3-86e2-5d48e32be1ac,10.0,High Producing Exotic Grassland,Tauranga,Western Bay of Plenty District
e7930c75-1d7f-423c-9ec1-70685d43ae1b,8.4,High Producing Exotic Grassland,,Ōpōtiki District
e7aa9fde-7465-4586-a8dd-128e5745b01a,10.0,High Producing Exotic Grassland,Tauranga,Tauranga City
e7b4f1fd-edef-43c5-8f40-bb6dba817e31,10.0,High Producing Exotic Grassland,,Western Bay of Plenty District
e7b63b10-f81a-406c-8af4-f1a0d55e1450,10.0,High Producing Exotic Grassland,,Ōpōtiki District
e7bd6474-7624-4fa0-9c11-8f0acb591b53,8.0,High Producing Exotic Grassland,,Western Bay of Plenty District
e7c2cb68-01c9-4ea0-9123-111b20dd412a,10.0,Short-rotation Cropland,Te Puke,Western Bay of Plenty District
e7cecbd6-cc0d-4bc8-b53d-4ae59bb260d3,8.0,Urban Parkland/Open Space,Te Puke,Western Bay of Plenty District
e7d14944-893a-4b67-9a35-40c23bd6e115,10.0,High Producing Exotic Grassland,,Western Bay of Plenty District
e7dd9a15-0f0c-480a-9b3b-30b18c2cae5a,10.0,High Producing Exotic Grassland,,Western Bay of Plenty District
e7de8566-cc68-4569-93a0-de8c371464b6,8.0,High Producing Exotic Grassland,Pongakawa,Western Bay of Plenty District
e7e0216c-bbb9-4554-a9e8-5429d8d39b1e,10.0,High Producing Exotic Grassland,,Western Bay of Plenty District
e7e3e84f-72b3-4010-930e-a426f791ff93,10.0,Deciduous Hardwoods,Tauranga,Tauranga City
e7eb46a0-4e3d-4596-a744-d4b609eaa3e2,8.0,High Producing Exotic Grassland,,Whakatane District
e7f7489f-9c7d-49db-ac84-02c8d56a8991,10.0,High Producing Exotic Grassland,,Western Bay of Plenty District
e7f81856-29e9-4a6e-be4b-f6606b8efc37,10.0,High Producing Exotic Grassland,,Western Bay of Plenty District
e8052bb9-25b1-4c17-9ced-131d2975c070,10.0,High Producing Exotic Grassland,,Ōpōtiki District
e80c1ef6-f6ec-44c3-9a74-b0c91283dd85,10.0,High Producing Exotic Grassland,,Western Bay of Plenty District
e819ade4-6b5d-4a07-9251-b3e017239dc8,10.0,Built-up Area (settlement),,Western Bay of Plenty District
e81a1ec2-8c81-444b-840c-f27d891c810d,8.8,High Producing Exotic Grassland,,Western Bay of Plenty District
e824f26a-5bac-40f2-a160-1acbeb3ad794,10.0,Built-up Area (settlement),Tauranga,Tauranga City
e826625c-10c1-4d12-b978-bb72f5907ab1,10.0,Short-rotation Cropland,,Western Bay of Plenty District
e829df53-11e8-4207-86f6-f4c83e58cd51,8.0,High Producing Exotic Grassland,,Western Bay of Plenty District
e83732c2-6a50-4e43-9de4-5a3d30ec0058,8.0,High Producing Exotic Grassland,,Whakatane District
e83c2e91-9902-4609-a502-7c550840c7a4,10.0,High Producing Exotic Grassland,,Western Bay of Plenty District
e83c870a-782f-4368-863c-ba300a665f3b,9.6,High Producing Exotic Grassland,,Western Bay of Plenty District
e844c879-609d-4dec-82de-8ade59fa52af,8.4,High Producing Exotic Grassland,,Whakatane District
e84d3e74-ae6c-4d72-afa5-9415bab7cd50,10.0,High Producing Exotic Grassland,,Western Bay of Plenty District
e84f380b-a7ea-494a-b2d3-8b52e92102be,10.0,High Producing Exotic Grassland,,Western Bay of Plenty District
e8627e76-411c-4401-8342-04ace844ef77,10.0,Broadleaved Indigenous Hardwoods,,Western Bay of Plenty District
e8688312-3020-4ca5-8acc-a14747acc7dd,8.4,Short-rotation Cropland,,Ōpōtiki District
e8697fa9-9105-404f-9c23-48a91b58a784,8.0,High Producing Exotic Grassland,,Whakatane District
e86b3cb6-51cc-411c-b3c2-9514da632475,10.0,High Producing Exotic Grassland,,Western Bay of Plenty District
e874787b-6d01-4a9a-b86b-6e0609b04ded,10.0,High Producing Exotic Grassland,,Western Bay of Plenty District
e87be245-a571-4f12-9bbb-7f6800c9c1f3,10.0,Built-up Area (settlement),Tauranga,Tauranga City
e87e7819-f1ca-4527-bc6a-c3262d3cd02b,10.0,High Producing Exotic Grassland,,Whakatane District
e8875f1c-f761-4bed-b644-2dcfd9da2b0b,8.4,High Producing Exotic Grassland,,Ōpōtiki District
e88b2a49-1323-4cf3-9532-b0d7848d1dea,10.0,High Producing Exotic Grassland,,Ōpōtiki District
e89124b8-1c82-45c9-b59b-f713b58efbd5,10.0,High Producing Exotic Grassland,,Western Bay of Plenty District
e891b61d-d7c5-4794-a432-ba7794dae3ac,10.0,High Producing Exotic Grassland,,Western Bay of Plenty District
e8ba4182-ae4b-48e7-a66d-282452ad6ea6,10.0,High Producing Exotic Grassland,,Ōpōtiki District
e8bf07af-2f99-47e3-bd1d-1f84303b0fc2,10.0,High Producing Exotic Grassland,,Ōpōtiki District
e8caa401-af8d-43a1-8ec9-0ccb4b7a3877,10.0,Indigenous Forest,,Western Bay of Plenty District
e8d26790-d389-452c-8c75-4ee0ad250f16,10.0,High Producing Exotic Grassland,,Ōpōtiki District
e8d80f0f-39ee-4fa8-ad69-23ae08562ed0,8.0,High Producing Exotic Grassland,,Western Bay of Plenty District
e8db26ea-3325-4022-b0b9-77c4e42a065b,10.0,High Producing Exotic Grassland,,Western Bay of Plenty District
e8dcd2d8-07c9-4964-9a03-71959dff2f2e,10.0,High Producing Exotic Grassland,Te Puke,Western Bay of Plenty District
e8f08033-1f56-4b6e-9296-4f09c5568aa5,10.0,High Producing Exotic Grassland,,Western Bay of Plenty District
e8f1d189-b67f-4682-bd34-8e841cb9dbf0,8.0,High Producing Exotic Grassland,,Whakatane District
e8f1eb2d-b1ea-4da8-93bd-ad5b63e56f7b,10.0,High Producing Exotic Grassland,,Tauranga City
e8f6b604-0f11-42b4-b1c5-9cba76075dba,10.0,High Producing Exotic Grassland,,Western Bay of Plenty District
e8fff4aa-5a27-4e5f-b43e-2ce11451c3e8,10.0,High Producing Exotic Grassland,Tauranga,Western Bay of Plenty District
e900c6f1-822d-45cf-98bd-29d3e9fe67d4,8.8,Manuka and/or Kanuka,,Western Bay of Plenty District
e9105232-b1be-4b45-9c6b-5670148ac678,8.0,High Producing Exotic Grassland,,Whakatane District
e9190c36-02aa-4cd0-afaf-68b845357d71,8.0,High Producing Exotic Grassland,,Whakatane District
e92e459a-3cf1-445f-b6e5-f18c566c2272,8.0,High Producing Exotic Grassland,,Whakatane District
e92fa02e-4e37-45c4-8a18-3d77cd8a6034,10.0,High Producing Exotic Grassland,,Western Bay of Plenty District
e93957ba-5ba4-4831-97cc-c29c14b14e60,10.0,High Producing Exotic Grassland,,Western Bay of Plenty District
e942b6c0-5de2-4758-b2aa-990472a4be27,8.0,High Producing Exotic Grassland,,Western Bay of Plenty District
e95f2df1-d2b4-4eac-847c-485bb5f01165,10.0,Indigenous Forest,,Western Bay of Plenty District
e960f597-b37e-455a-8071-666f5e362509,8.0,High Producing Exotic Grassland,,Whakatane District
e9712f7e-3702-46f6-90b3-b310523f4034,10.0,High Producing Exotic Grassland,,Western Bay of Plenty District
e9759aef-8c2f-4159-815d-bc4e642da840,10.0,High Producing Exotic Grassland,,Western Bay of Plenty District
e97ce622-5c13-44dd-994b-cd9077219044,9.6,Broadleaved Indigenous Hardwoods,,Western Bay of Plenty District
e985e8fe-1143-404a-b8bb-500240d1b36c,9.6,High Producing Exotic Grassland,,Western Bay of Plenty District
e98cbc62-9393-4609-99ff-113f3baec194,10.0,Exotic Forest,,Western Bay of Plenty District
e98da73f-803e-43d1-bab2-a89f3b3ef8e5,10.0,Indigenous Forest,,Western Bay of Plenty District
e9a655e3-72ec-482c-adb5-fb24da6b5e27,10.0,High Producing Exotic Grassland,,Ōpōtiki District
e9b7f734-c687-4d8a-bcd7-ac874f5cef00,8.4,High Producing Exotic Grassland,,Ōpōtiki District
e9b8a99f-407a-44b8-a162-a4730e404679,10.0,High Producing Exotic Grassland,,Western Bay of Plenty District
e9bbc05f-684b-4029-b438-13345a266566,10.0,High Producing Exotic Grassland,,Western Bay of Plenty District
e9bc0cfa-6a0f-4c61-b106-847339d62e08,8.4,Short-rotation Cropland,,Whakatane District
e9c19790-8a27-4371-8efa-01061b1ca9f0,8.0,High Producing Exotic Grassland,,Whakatane District
e9c21139-a210-4bc9-a205-333fe03132a2,10.0,High Producing Exotic Grassland,,Ōpōtiki District
e9c491f1-5e89-4bdc-a9ea-235440a19467,8.4,High Producing Exotic Grassland,,Whakatane District
e9c8b46f-bf37-4f7e-a2d5-8a1164180fa0,8.0,High Producing Exotic Grassland,,Western Bay of Plenty District
e9e42073-5145-4c00-b105-91e29a6f8fd1,8.0,High Producing Exotic Grassland,,Whakatane District
e9e620f0-6600-4f05-bd65-e18389a07161,10.0,High Producing Exotic Grassland,,Western Bay of Plenty District
e9ec6f5e-e32a-46ed-ba97-d0b6450681cc,10.0,High Producing Exotic Grassland,,Western Bay of Plenty District
e9f05114-2f29-45b6-b9b2-4468a5ab3f4f,8.0,High Producing Exotic Grassland,,Whakatane District
e9f520f0-93b7-4989-8700-f5bd4f00ad37,8.8,High Producing Exotic Grassland,,Western Bay of Plenty District
e9f641a8-558a-44be-bf2d-96956dc6ba10,8.0,High Producing Exotic Grassland,,Whakatane District
e9f80f55-e578-4d50-9d80-22ceeb3d00fa,10.0,High Producing Exotic Grassland,,Tauranga City
ea004cd7-2593-420a-87bf-8f8b6dad8d46,8.0,High Producing Exotic Grassland,,Whakatane District
ea0f02e1-6462-4ff1-b70d-165500f78285,10.0,Indigenous Forest,Tauranga,Western Bay of Plenty District
ea135239-b736-4bc8-b3c8-67ab7ba581a5,10.0,High Producing Exotic Grassland,,Ōpōtiki District
ea1a8945-9e39-4f27-95fb-b47b481aff51,8.4,High Producing Exotic Grassland,,Ōpōtiki District
ea1b8921-1e19-4268-81b8-371e7ee4b5ab,8.0,High Producing Exotic Grassland,,Whakatane District
ea1cc998-b57a-47af-9ffa-5512e925ce3d,10.0,Built-up Area (settlement),Tauranga,Tauranga City
ea353bf2-9994-4124-aedd-e74c2eaed133,10.0,High Producing Exotic Grassland,,Western Bay of Plenty District
ea355739-cc34-4cfa-ac9e-c0ab254be318,8.0,High Producing Exotic Grassland,,Whakatane District
ea360708-35a6-41c0-b845-d9eb9245e00f,8.8,High Producing Exotic Grassland,,Western Bay of Plenty District
ea48b9bf-76ee-492b-9b3c-9750c99413f8,10.0,High Producing Exotic Grassland,,Western Bay of Plenty District
ea63e0dc-c6ae-480c-91e7-c4236240204f,10.0,High Producing Exotic Grassland,Katikati,Western Bay of Plenty District
ea653cf0-5cea-4d4c-a656-4c483d1f3b12,10.0,Forest - Harvested,,Western Bay of Plenty District
ea74bf24-e9aa-4ace-9e57-c7309023a0ba,8.0,Urban Parkland/Open Space,Te Puke,Western Bay of Plenty District
ea787a26-4f53-4bdc-a29e-6d1fee55e32c,10.0,High Producing Exotic Grassland,,Whakatane District
ea7e2e03-9cc9-4070-b32e-03b70d705ca8,8.4,High Producing Exotic Grassland,,Whakatane District
ea8bf320-96a6-450b-a4e1-77f73c307711,10.0,High Producing Exotic Grassland,,Western Bay of Plenty District
ea93fa8b-7c07-4c67-87bf-f4c800702be4,10.0,High Producing Exotic Grassland,,Western Bay of Plenty District
ea944108-f705-4256-86d4-57de3275c945,10.0,High Producing Exotic Grassland,,Ōpōtiki District
ea995fb5-d8d6-4fea-9787-da5de671c94a,10.0,Built-up Area (settlement),,Western Bay of Plenty District
eaa3f71c-cce2-4261-b603-8007f1b85e5a,10.0,High Producing Exotic Grassland,,Western Bay of Plenty District
eaa70064-507d-4424-b721-4ca394663d52,10.0,High Producing Exotic Grassland,,Ōpōtiki District
eaaef723-a226-43d9-a1ed-136142c90a57,10.0,High Producing Exotic Grassland,Tauranga,Western Bay of Plenty District
eab073d1-b87f-46b5-9c39-b04116db5688,8.4,Short-rotation Cropland,,Ōpōtiki District
eaba4a07-f718-4546-b692-9a8ca166574f,8.0,High Producing Exotic Grassland,Te Puke,Western Bay of Plenty District
eac3cdfb-aebe-408d-b12f-6fd23c971bb7,8.0,Short-rotation Cropland,,Whakatane District
eac79342-c96a-4c3a-9727-64dbd6842ac5,8.0,High Producing Exotic Grassland,,Whakatane District
ead8f246-2dbc-4da8-8533-ab561915d2a9,8.2,High Producing Exotic Grassland,,Whakatane District
ead9ee88-fef8-407f-aa62-92e7c49517c6,10.0,High Producing Exotic Grassland,,Western Bay of Plenty District
eae55f82-f0e0-4a99-8a4e-c31657da1466,9.6,Exotic Forest,Tauranga,Tauranga City
eae9d0c5-af7e-4fa6-a38b-e8a1f44ea1f6,8.0,High Producing Exotic Grassland,,Western Bay of Plenty District
eaf6f8df-6c00-49bd-a95e-1983b83bc5c2,10.0,High Producing Exotic Grassland,,Western Bay of Plenty District
eafcc527-1fbc-45ba-8ff4-c02df7d6c06a,8.0,High Producing Exotic Grassland,,Western Bay of Plenty District
eb009869-0221-461f-9c13-73cc9a3d4157,8.0,Gorse and/or Broom,,Whakatane District
eb160ca6-b6ae-408d-9f60-d35bb162c052,8.0,High Producing Exotic Grassland,,Whakatane District
eb1be5d7-24e1-4f11-a736-4e1616cacc13,10.0,High Producing Exotic Grassland,Tauranga,Western Bay of Plenty District
eb268525-3b0c-49fd-b4a7-6ad7b7d8aedb,10.0,High Producing Exotic Grassland,,Western Bay of Plenty District
eb269ed8-bc83-4a74-b9b2-53f47fb6f402,10.0,High Producing Exotic Grassland,Tauranga,Western Bay of Plenty District
eb277bf1-e54f-499c-879f-4e30ef183af5,10.0,High Producing Exotic Grassland,,Western Bay of Plenty District
eb2f888a-2e0c-441c-aaa2-11f1c5e8911b,8.0,High Producing Exotic Grassland,,Whakatane District
eb3067a5-1cc7-4bc1-9621-6ec24dc38208,10.0,High Producing Exotic Grassland,,Ōpōtiki District
eb3f4c06-4302-4a51-848f-dedef0140624,10.0,High Producing Exotic Grassland,,Ōpōtiki District
eb422c14-9787-44fd-b137-78357889235c,10.0,High Producing Exotic Grassland,,Ōpōtiki District
eb441df7-5287-4f56-94b6-d427a0f0135d,10.0,Low Producing Grassland,,Western Bay of Plenty District
eb4b048c-f185-453d-a5f8-6e3eda9e312c,8.0,Exotic Forest,Te Puke,Western Bay of Plenty District
eb55a5c7-1db8-4717-9140-2fd337cdb25f,9.6,Indigenous Forest,,Western Bay of Plenty District
eb837100-985e-4038-b134-003a0daec3c6,10.0,High Producing Exotic Grassland,,Western Bay of Plenty District
eb947e30-f0b1-47bc-9a3c-473bf8844b9e,10.0,High Producing Exotic Grassland,,Western Bay of Plenty District
eb9866fd-f98c-4a1c-89d8-ffacd8e80db1,10.0,High Producing Exotic Grassland,,Western Bay of Plenty District
eb9bee36-44f2-4e3e-8510-2b18ac99a5ca,10.0,Indigenous Forest,,Whakatane District
eb9f847a-2b60-4975-ad88-69ee03770939,9.6,Manuka and/or Kanuka,,Whakatane District
eb9fdc8e-1119-4ff3-a5b9-96e3e3f71623,8.0,Indigenous Forest,,Western Bay of Plenty District
eba70cc4-4cd0-4d08-bb43-ad453fc36361,8.8,High Producing Exotic Grassland,,Western Bay of Plenty District
eba8cc8a-0f9d-4850-bf6f-f7b4cce2d376,8.0,High Producing Exotic Grassland,Te Puke,Western Bay of Plenty District
ebb68f8b-bd7c-4f54-890e-583bd8b4942d,8.0,Indigenous Forest,Te Puke,Western Bay of Plenty District
ebbb47ea-9e42-45fc-9083-dfcad2ed97e5,10.0,High Producing Exotic Grassland,,Tauranga City
ebc41757-8fb2-4c57-be61-df0c4de16e30,10.0,High Producing Exotic Grassland,,Western Bay of Plenty District
ebc9d4d8-fa12-4c62-93d7-b8d87001b147,10.0,High Producing Exotic Grassland,Tauranga,Western Bay of Plenty District
ebdbe055-628b-4187-b27d-eb94128b1cfc,8.0,High Producing Exotic Grassland,,Whakatane District
ebddccd4-9d10-4144-b4f7-ad078b8b611f,10.0,High Producing Exotic Grassland,,Western Bay of Plenty District
ebe17a0e-0269-4ce4-9c05-83e874dab441,8.2,High Producing Exotic Grassland,,Whakatane District
ebf12f78-d7a1-41ab-a48d-d98db73ef3b8,8.4,Short-rotation Cropland,,Ōpōtiki District
ebfa1218-bc18-4a82-8fad-bf0de8908cc2,10.0,Indigenous Forest,,Western Bay of Plenty District
ec058856-46da-47ca-afa5-a3eddc2a4b4f,8.0,High Producing Exotic Grassland,,Whakatane District
ec06f0cf-414d-4f25-b872-e2e3697112e7,10.0,High Producing Exotic Grassland,,Whakatane District
ec0cea57-0cc2-4eec-a050-877440edb1bd,8.0,High Producing Exotic Grassland,,Ōpōtiki District
ec11c188-cb1f-4ddc-98d2-b2df79c49376,10.0,Manuka and/or Kanuka,,Western Bay of Plenty District
ec11fb8d-f4f4-4f3f-bb3b-9a3f6345f8c8,8.4,High Producing Exotic Grassland,,Ōpōtiki District
ec156e64-89bb-4da1-9c53-bfd505468520,8.0,High Producing Exotic Grassland,,Whakatane District
ec1687a4-4b35-4f6a-9f9c-2d2820ff60df,10.0,High Producing Exotic Grassland,,Western Bay of Plenty District
ec1fe8f4-1659-497f-b935-1980e123155a,8.8,Indigenous Forest,,Western Bay of Plenty District
ec20c075-eab0-47e2-a979-36fd86cbf856,10.0,High Producing Exotic Grassland,Tauranga,Western Bay of Plenty District
ec21d8b0-fac4-4754-90fc-8db63139b517,8.0,High Producing Exotic Grassland,,Whakatane District
ec291fcb-1781-42ad-9e74-bbfe09ead8c2,8.4,Built-up Area (settlement),,Ōpōtiki District
ec2a068a-6d10-4c13-ad9d-dbafb9fd532a,8.4,High Producing Exotic Grassland,,Ōpōtiki District
ec2b3a36-d4ab-4594-9b63-3dbfd5b37cb3,10.0,Indigenous Forest,,Whakatane District
ec327f22-201f-4031-8b23-7aed372f5189,8.0,High Producing Exotic Grassland,Pongakawa,Western Bay of Plenty District
ec40c63f-c87e-43eb-b2f5-5b459c1f1ea5,8.0,High Producing Exotic Grassland,,Whakatane District
ec420c9d-19a2-4bf4-9e59-a372e6825801,10.0,High Producing Exotic Grassland,,Western Bay of Plenty District
ec56106a-0497-4bb7-ab41-487f5c9a33cf,8.0,High Producing Exotic Grassland,,Whakatane District
ec596012-bd8f-4ad6-a11f-94ca48bbe204,10.0,Indigenous Forest,,Western Bay of Plenty District
ec59a555-b406-4f85-8f0d-9e3f7b0299f0,10.0,High Producing Exotic Grassland,Pongakawa,Western Bay of Plenty District
ec59c2f3-1a85-4774-87c9-bf5cd69e4a4e,8.4,High Producing Exotic Grassland,,Ōpōtiki District
ec628510-b714-47db-9c77-ab8bf0d3409e,10.0,Low Producing Grassland,,Western Bay of Plenty District
ec652d7a-1a79-4d69-bd2f-2a3752865086,10.0,High Producing Exotic Grassland,Tauranga,Tauranga City
ec6d8919-1a71-4114-8a49-89ac45d31d1c,10.0,High Producing Exotic Grassland,,Western Bay of Plenty District
ec74c2e2-24eb-4202-8e18-2ead6accf093,8.0,Broadleaved Indigenous Hardwoods,,Whakatane District
ec75c5b7-f8bc-4197-a4e0-d2ec62b2cece,10.0,High Producing Exotic Grassland,,Western Bay of Plenty District
ec781198-f150-478d-808c-e72179635c3c,10.0,High Producing Exotic Grassland,,Western Bay of Plenty District
ec7973bd-8403-4166-ac68-b30eb5aa1b2f,8.0,High Producing Exotic Grassland,Pongakawa,Western Bay of Plenty District
ec7f8263-0c6a-43ed-8917-9cd63c1b5845,8.0,High Producing Exotic Grassland,,Whakatane District
ec883a38-49f5-48f2-bf32-0571dff6b863,10.0,High Producing Exotic Grassland,,Western Bay of Plenty District
ec906305-88c9-4097-8fa6-c3cf8c06af6a,10.0,High Producing Exotic Grassland,,Western Bay of Plenty District
ec9d4222-efa5-4e7d-8607-93552e971109,8.0,High Producing Exotic Grassland,,Tauranga City
eca53326-2140-46f4-be09-f59724f50b30,10.0,High Producing Exotic Grassland,,Western Bay of Plenty District
eca6f553-e0eb-4ef7-af2a-e5147ca55e65,10.0,Low Producing Grassland,Tauranga,Western Bay of Plenty District
ecb2f095-476f-425d-8d82-32467d818d43,10.0,Built-up Area (settlement),Tauranga,Tauranga City
ecb7928c-3d6d-47cc-b453-77715e8c5539,10.0,High Producing Exotic Grassland,,Western Bay of Plenty District
ecbe6429-a759-4228-99af-2edefcc5a67f,10.0,High Producing Exotic Grassland,,Western Bay of Plenty District
ecc39b3e-4546-4f8b-8edb-b2223e1fabff,9.6,Indigenous Forest,,Western Bay of Plenty District
ecc94546-43c5-4ca7-b14b-6bc9cde1a91e,10.0,Built-up Area (settlement),Tauranga,Tauranga City
ecce9863-d8b4-4246-88d8-bf345db93b39,10.0,High Producing Exotic Grassland,,Western Bay of Plenty District
ecd71a28-cc37-44ab-bcda-cb4735d1d7f0,8.0,High Producing Exotic Grassland,,Whakatane District
ecdcad8d-04c2-4d84-8bf8-1693916634ff,10.0,High Producing Exotic Grassland,,Western Bay of Plenty District
ecdce671-c870-4ef5-804e-be7141a05c36,8.0,High Producing Exotic Grassland,,Whakatane District
ece0ea66-cecf-4f63-9308-6bb2d6d2da6b,8.0,High Producing Exotic Grassland,,Whakatane District
ecf24502-fc97-4e8d-a58f-f276fcf863bb,10.0,High Producing Exotic Grassland,,Western Bay of Plenty District
ecffdf56-1271-44c5-912e-33de0449d9bf,10.0,High Producing Exotic Grassland,,Western Bay of Plenty District
ed06291a-6032-485e-b4b0-a7a35f36a771,10.0,High Producing Exotic Grassland,Tauranga,Tauranga City
ed15a560-8e13-40d2-a82e-bfa4ed882715,8.0,Exotic Forest,,Western Bay of Plenty District
ed1730d7-466e-43fd-86e7-1c6c4fc30e07,10.0,High Producing Exotic Grassland,,Western Bay of Plenty District
ed1afe14-3fd2-42ce-94c7-431bcfb4ad01,10.0,High Producing Exotic Grassland,,Whakatane District
ed1d7753-7c3d-4172-8ea6-e2ff87d96d05,10.0,High Producing Exotic Grassland,Tauranga,Tauranga City
ed2c87e1-25b5-4b83-a548-3caaf21a9069,10.0,Short-rotation Cropland,Tauranga,Western Bay of Plenty District
ed2c9e35-1323-40f4-95a1-5e8ecdf065fc,10.0,High Producing Exotic Grassland,Tauranga,Western Bay of Plenty District
ed3a3ae2-b6ac-4210-aab3-50c540131ec2,10.0,High Producing Exotic Grassland,,Western Bay of Plenty District
ed3ace0f-6a59-4c61-8181-c04c6c5c2c1d,8.4,Indigenous Forest,,Ōpōtiki District
ed4034e9-9a94-4bd1-b9b4-93cdae2be424,8.0,High Producing Exotic Grassland,,Whakatane District
ed43aafd-3f5e-4352-9d37-e4cb8808fbc6,10.0,Indigenous Forest,,Western Bay of Plenty District
ed49368a-3937-46c0-a484-6daaf0117323,8.8,High Producing Exotic Grassland,,Western Bay of Plenty District
ed4a7cd2-a374-41b1-bfcc-1e1bda952de6,10.0,Broadleaved Indigenous Hardwoods,,Western Bay of Plenty District
ed514897-a40a-416d-a20a-aeb2210434ce,10.0,High Producing Exotic Grassland,,Western Bay of Plenty District
ed5871a4-d67a-4fef-8d0a-27d846c743a3,8.0,Exotic Forest,,Whakatane District
ed5d9517-2d15-4c1e-b228-388615b49352,8.4,High Producing Exotic Grassland,,Whakatane District
ed7e7a0e-3e0a-4fa9-a6fc-187f4557d50f,10.0,High Producing Exotic Grassland,,Western Bay of Plenty District
ed7f2cd6-f5d9-4a9f-8f82-90d7db2d49fd,10.0,Indigenous Forest,,Western Bay of Plenty District
ed8209ae-96b7-4625-97c8-b35478d6ee56,10.0,High Producing Exotic Grassland,,Western Bay of Plenty District
ed8afd92-6a33-4e8f-a490-fd7be46966b5,10.0,High Producing Exotic Grassland,,Whakatane District
ed8b712a-68df-4302-8e10-68cb570b6d84,8.0,Indigenous Forest,,Whakatane District
ed913e50-9018-4f74-a34f-c384d2c0ea02,8.0,High Producing Exotic Grassland,,Whakatane District
ed947b12-d527-456a-a4e6-a1af45d7207b,8.4,Short-rotation Cropland,,Ōpōtiki District
ed967a40-1085-4195-94de-4e81ff00f6c8,8.0,Exotic Forest,,Western Bay of Plenty District
ed99dde6-86a9-4c65-b7a2-c5b84aca1b38,10.0,High Producing Exotic Grassland,,Western Bay of Plenty District
eda5b333-cfe8-46a7-b694-370e1de24665,8.4,High Producing Exotic Grassland,,Ōpōtiki District
edade0a5-8a75-4b3f-b9e3-09ad43e1147a,10.0,High Producing Exotic Grassland,Tauranga,Western Bay of Plenty District
edb50c23-ec62-4bff-945e-4933f8d3e9e8,10.0,Indigenous Forest,,Western Bay of Plenty District
edc9395c-a223-44eb-88e6-e197e9ce119f,10.0,High Producing Exotic Grassland,,Western Bay of Plenty District
edce0965-debe-4340-a8d0-3f2a7ed8a1f8,10.0,High Producing Exotic Grassland,,Western Bay of Plenty District
edde7403-64c2-4b17-8601-a598eae92d61,8.0,High Producing Exotic Grassland,,Whakatane District
ede1914f-0130-454d-8599-c5c8e52fe8e7,10.0,High Producing Exotic Grassland,,Western Bay of Plenty District
ede71cd4-c2fd-4edd-9e3a-6c814474c02d,10.0,High Producing Exotic Grassland,,Western Bay of Plenty District
edf032b2-812c-4f55-8a3a-c8b43a0529a0,9.6,High Producing Exotic Grassland,,Western Bay of Plenty District
edf44536-ed6a-4299-a1f9-612ad52b151a,8.0,Manuka and/or Kanuka,,Whakatane District
edf568a2-87e3-4747-9abc-e3e50db24022,10.0,High Producing Exotic Grassland,Katikati,Western Bay of Plenty District
edf84651-6845-4dbe-9e02-1390371cd48e,8.0,High Producing Exotic Grassland,,Western Bay of Plenty District
edfc4439-9be2-4e93-9c2d-12d6c8f588cb,8.0,Exotic Forest,,Whakatane District
ee00a193-615e-4747-b099-fc56baf65dd9,8.0,High Producing Exotic Grassland,,Western Bay of Plenty District
ee027121-1370-495a-aa2f-d4f5e26e52bb,10.0,High Producing Exotic Grassland,,Western Bay of Plenty District
ee16cfb3-b737-4e0f-8e91-02d704855b7f,8.0,High Producing Exotic Grassland,Pongakawa,Western Bay of Plenty District
ee18d83a-f15a-4362-9cae-2c47fd12e8ec,10.0,Indigenous Forest,,Western Bay of Plenty District
ee2160ed-1b3b-4c04-afe2-70a3303dda09,10.0,High Producing Exotic Grassland,,Western Bay of Plenty District
ee2e6875-5aad-4a46-b851-4c1e057c65ef,9.6,Indigenous Forest,,Western Bay of Plenty District
ee355381-d265-4eba-bc62-e6183a101248,10.0,High Producing Exotic Grassland,,Western Bay of Plenty District
ee55e84a-dbfe-4f30-a8a8-932f1fa81eff,8.0,High Producing Exotic Grassland,,Western Bay of Plenty District
ee5a4cfe-8129-4c64-8de5-02ae4c571cba,10.0,Urban Parkland/Open Space,Tauranga,Tauranga City
ee5b084f-edbd-4b1a-b2f0-04bfa6c3ecd3,8.0,High Producing Exotic Grassland,,Whakatane District
ee7345ca-9656-45c6-87ce-2aa71435f1d0,10.0,High Producing Exotic Grassland,,Western Bay of Plenty District
ee74a6cd-1989-4495-b24f-bf479d1b0002,10.0,High Producing Exotic Grassland,Tauranga,Tauranga City
ee75f062-f6c5-4924-8d1d-1e4199aded09,10.0,High Producing Exotic Grassland,,Western Bay of Plenty District
ee7a5211-ee9c-4ca9-8ba5-2bf3a3464080,8.0,Exotic Forest,,Whakatane District
ee7fb7ea-1ef8-4ed3-b075-e9dbd5da1abb,10.0,Indigenous Forest,,Western Bay of Plenty District
ee7fc4a5-d487-4233-81e7-d2098d03b769,8.0,Exotic Forest,,Western Bay of Plenty District
ee88cbc2-d7ec-420f-af8d-2407cddd85c5,10.0,Broadleaved Indigenous Hardwoods,Tauranga,Western Bay of Plenty District
ee8a2a27-6c10-43dd-a14f-a781ba29eeca,9.6,Broadleaved Indigenous Hardwoods,,Western Bay of Plenty District
ee8a4882-5ba5-49a6-9fdb-d8b316a36f7b,10.0,High Producing Exotic Grassland,,Western Bay of Plenty District
ee918ac9-861b-4451-bc85-02887f497698,10.0,Exotic Forest,Tauranga,Tauranga City
ee980e0a-577f-47b0-9e4e-6a6b83e1f953,8.8,Exotic Forest,,Western Bay of Plenty District
eebed560-680e-4be2-b9da-5b12fbb98c15,8.0,Low Producing Grassland,,Whakatane District
eec8d9e8-36dd-4009-91d9-d2387cf3d2e3,10.0,High Producing Exotic Grassland,,Western Bay of Plenty District
eecb2eef-6f88-484e-8a07-eb752871afe2,8.4,High Producing Exotic Grassland,,Whakatane District
eed2ed9a-870b-4040-9733-c3df7b6046b1,8.4,Short-rotation Cropland,,Whakatane District
eedb243d-0a0c-408b-ab22-370dac10cc35,8.0,High Producing Exotic Grassland,,Western Bay of Plenty District
eeddcb8e-f762-4a48-8771-6c7147349916,10.0,High Producing Exotic Grassland,,Whakatane District
eee01520-445d-4f9a-811e-16aa4b69f16b,10.0,High Producing Exotic Grassland,,Western Bay of Plenty District
eee2bdb7-1984-4ea2-8969-fe72729b801a,10.0,Indigenous Forest,,Western Bay of Plenty District
eee46e0e-5c13-4cdf-b49f-e349bc6e854f,10.0,High Producing Exotic Grassland,,Western Bay of Plenty District
eee7ad4a-c61e-4b79-a239-e232e9146e70,10.0,High Producing Exotic Grassland,Tauranga,Tauranga City
eeee66de-8c5e-4c43-88bf-83d2a912fdd9,10.0,High Producing Exotic Grassland,,Western Bay of Plenty District
eef2d2bc-576b-4066-a9ca-093080dd2b83,8.0,Built-up Area (settlement),Tauranga,Tauranga City
eef76949-0f99-47d7-9aa7-f95af377d8fc,8.4,Short-rotation Cropland,,Whakatane District
ef118882-e292-4e55-80c5-94d43ae42c95,10.0,High Producing Exotic Grassland,,Western Bay of Plenty District
ef2266ea-aa34-4dca-a20d-20c9e3ab3bdc,8.4,High Producing Exotic Grassland,,Whakatane District
ef246cd7-64ea-4b3c-8206-c34aba221a61,8.4,High Producing Exotic Grassland,,Whakatane District
ef2c7b05-2b95-4575-af07-4ba25ecb4ff5,10.0,High Producing Exotic Grassland,,Western Bay of Plenty District
ef398538-890b-4e6f-ba0c-95ba357480cf,8.0,High Producing Exotic Grassland,,Whakatane District
ef3fcd35-329a-4e79-8731-b987585adeeb,10.0,Broadleaved Indigenous Hardwoods,,Whakatane District
ef4a7acf-4def-40d0-88aa-1a1956ddfb35,10.0,Built-up Area (settlement),,Western Bay of Plenty District
ef4ab0d9-63b3-40f6-b795-f4dac7fa0256,8.0,High Producing Exotic Grassland,,Whakatane District
ef4ff77b-7452-4927-b9ec-30b03d381a79,8.4,High Producing Exotic Grassland,,Ōpōtiki District
ef51053a-5ae5-4d63-b3d2-dc4fed8d0011,10.0,High Producing Exotic Grassland,,Western Bay of Plenty District
ef5c5284-ce8c-400f-a0cf-df2350dceac0,10.0,High Producing Exotic Grassland,,Whakatane District
ef6316a9-6554-4dc0-a697-392aab9bb29a,8.4,Short-rotation Cropland,,Whakatane District
ef7741ad-4344-4dbe-b37f-e1a754024dd4,10.0,High Producing Exotic Grassland,,Ōpōtiki District
ef84f2c5-68dd-4ac5-b693-26ca42644dc9,10.0,High Producing Exotic Grassland,,Western Bay of Plenty District
ef8a6123-2bff-4b05-a5dc-81a354e3a01a,10.0,High Producing Exotic Grassland,,Western Bay of Plenty District
ef8bb029-c1d4-4404-98c5-54cb87388acd,10.0,High Producing Exotic Grassland,,Whakatane District
ef8c82ac-7a3a-4990-88e4-976918cda249,10.0,Built-up Area (settlement),Tauranga,Tauranga City
ef918e58-428a-41e8-8fae-634db0e84fc6,8.0,High Producing Exotic Grassland,,Whakatane District
ef990a3b-cc3e-4445-86ca-bd4609255552,8.0,High Producing Exotic Grassland,,Whakatane District
ef9b414b-826f-49b0-b960-8723928c0b4b,10.0,High Producing Exotic Grassland,,Western Bay of Plenty District
ef9b697d-38cb-4516-adeb-73c39bcb14c1,8.0,High Producing Exotic Grassland,,Whakatane District
ef9f1604-0ca4-4d84-9717-971cfc817037,8.4,High Producing Exotic Grassland,,Whakatane District
efb72b54-b04f-4fbe-ac31-7a376b89604a,10.0,High Producing Exotic Grassland,,Western Bay of Plenty District
efc0170c-d7aa-431b-9ab6-cad88c31cba0,8.4,Short-rotation Cropland,,Ōpōtiki District
efc5be5c-8261-431b-b408-ca6771f14f80,10.0,High Producing Exotic Grassland,,Western Bay of Plenty District
efcbec11-536b-4357-823d-e7c2ab79ca28,8.0,Exotic Forest,,Whakatane District
efd0ed31-6ee5-4502-b96d-90d70c736885,10.0,Broadleaved Indigenous Hardwoods,,Western Bay of Plenty District
efd41aec-1e3e-41b7-a6d0-d941b60d4f9c,8.4,High Producing Exotic Grassland,,Whakatane District
efd878b6-c14c-4b7c-bea4-c136a73e7eba,10.0,High Producing Exotic Grassland,,Ōpōtiki District
efe257dd-b298-49f3-a1e6-3d3a378eaec5,9.6,Broadleaved Indigenous Hardwoods,,Western Bay of Plenty District
efeee01b-49ee-44ca-ba78-99b22fb54394,10.0,High Producing Exotic Grassland,,Whakatane District
eff6531f-3557-40a7-a94b-205612a43ca4,10.0,Broadleaved Indigenous Hardwoods,Te Puke,Western Bay of Plenty District
f002e763-e044-4cbd-827b-7fb833a428b7,8.0,Broadleaved Indigenous Hardwoods,,Ōpōtiki District
f00b2741-2f83-4969-9e60-10c2c51c90d4,8.0,High Producing Exotic Grassland,,Whakatane District
f013c09d-e5c5-4201-b40e-e91544286cb3,10.0,Indigenous Forest,,Ōpōtiki District
f016c798-e3f3-4d72-a1f7-938b2cdc0d6a,10.0,Indigenous Forest,,Western Bay of Plenty District
f01a57d2-7b79-4364-a427-c26ef5bdf250,10.0,Herbaceous Saline Vegetation,,Western Bay of Plenty District
f01d5ec3-e133-4b64-a374-3f5033a275db,8.0,High Producing Exotic Grassland,,Whakatane District
f037c14d-43d6-4f21-a8ba-b2313ea0cce5,10.0,Indigenous Forest,,Western Bay of Plenty District
f03cc255-11ae-44f6-8d69-324f60b8781f,9.6,Indigenous Forest,,Whakatane District
f03e1236-94d6-4f22-8f0d-f843b7c807ae,8.0,High Producing Exotic Grassland,,Western Bay of Plenty District
f0492bc5-c481-4633-8502-1322f5d3ef6b,10.0,High Producing Exotic Grassland,,Whakatane District
f04c23d6-3885-43b2-b9fb-1d4526be171d,10.0,Indigenous Forest,,Western Bay of Plenty District
f04c6391-1e91-453b-af89-31047e40da74,8.2,High Producing Exotic Grassland,,Whakatane District
f0561fb9-93a0-4fb7-9709-77a5d9b02012,8.0,High Producing Exotic Grassland,,Western Bay of Plenty District
f05cdf45-b807-4f7c-a616-7242fd1c4acc,10.0,Indigenous Forest,,Tauranga City
f0662075-c151-4a48-b69a-b02d11c8f3aa,10.0,High Producing Exotic Grassland,,Ōpōtiki District
f06c5197-fdef-4fd7-a16f-d30688557e52,10.0,High Producing Exotic Grassland,,Western Bay of Plenty District
f080d79d-717e-4a90-b61c-151c4400487e,10.0,Urban Parkland/Open Space,Tauranga,Tauranga City
f08e6632-7fb1-458f-8659-90e4eb5fc355,8.0,Built-up Area (settlement),Tauranga,Tauranga City
f09e9c4e-23ea-4a0f-b3d4-ee505fd0aa42,10.0,High Producing Exotic Grassland,,Western Bay of Plenty District
f09ecee0-812e-48fc-a5ee-1e8e9427dd22,8.0,Exotic Forest,,Western Bay of Plenty District
f0af6ad8-b053-4ac4-a7e8-75d124ad21c0,8.0,High Producing Exotic Grassland,,Whakatane District
f0b6945c-2576-43c5-b718-f5933e9d441e,10.0,High Producing Exotic Grassland,,Western Bay of Plenty District
f0bc080b-09a5-4975-b0f9-b9bb39627c68,10.0,High Producing Exotic Grassland,,Western Bay of Plenty District
f0bd1587-b9c2-4277-bb31-3438b6ed5bee,10.0,High Producing Exotic Grassland,,Western Bay of Plenty District
f0c405bf-2212-4a6e-8d36-d9d1bd2a9883,10.0,High Producing Exotic Grassland,,Western Bay of Plenty District
f0c84091-58d0-4b46-8d60-b80bbb6b03eb,10.0,High Producing Exotic Grassland,,Western Bay of Plenty District
f0c9fca3-c8b6-4db4-8720-070a8f77aff8,10.0,High Producing Exotic Grassland,,Western Bay of Plenty District
f0d24bfe-0b64-4ff4-a999-b6200d564d79,10.0,High Producing Exotic Grassland,,Western Bay of Plenty District
f0e0458b-cd7e-4dd1-9180-3f2b4441a40f,10.0,Exotic Forest,,Western Bay of Plenty District
f0f02a0b-fb5f-4375-bb4d-abc4127cd06f,10.0,Exotic Forest,,Western Bay of Plenty District
f0f29e76-ff35-46bc-880f-284cc9afb161,10.0,High Producing Exotic Grassland,,Whakatane District
f0f2da5e-d157-4b1c-926f-2bcc62b49a61,8.0,High Producing Exotic Grassland,,Whakatane District
f0f71338-5408-4b0c-bf70-f232cd4be895,8.8,Indigenous Forest,,Western Bay of Plenty District
f10a5969-a7c7-4232-a417-4f9e19a2c5cb,8.0,Indigenous Forest,,Whakatane District
f10d845f-2ac2-4195-84a7-1e9dddfbd1b4,10.0,High Producing Exotic Grassland,,Western Bay of Plenty District
f10e72ab-938b-4967-93bf-8321f54780d4,10.0,High Producing Exotic Grassland,,Western Bay of Plenty District
f1117c32-832f-4d55-9f76-45d26bc22a17,10.0,High Producing Exotic Grassland,,Ōpōtiki District
f11275f7-3ae0-474e-b9a7-d22c19db7343,10.0,High Producing Exotic Grassland,Tauranga,Tauranga City
f113eebf-8cbe-4de3-80c7-632ed0dc24c8,8.0,Built-up Area (settlement),,Tauranga City
f1144c8f-cdcc-49da-a099-5e166c626d94,8.0,Urban Parkland/Open Space,Te Puke,Western Bay of Plenty District
f11a96b1-c797-476f-b6de-49e5aa6613dd,10.0,High Producing Exotic Grassland,,Western Bay of Plenty District
f11b5909-e8d5-470b-8d1c-e802ef57d2c1,10.0,High Producing Exotic Grassland,,Western Bay of Plenty District
f11f35eb-51bf-4fd1-be22-2898ccb78c53,8.0,Exotic Forest,,Whakatane District
f1277163-074a-4c46-8313-bd196e2dd309,8.0,High Producing Exotic Grassland,,Whakatane District
f128e399-a981-4ac0-ad0a-d21e5fbbe7ee,10.0,High Producing Exotic Grassland,,Western Bay of Plenty District
f1305329-3444-45ab-aae5-5f694e6d9b03,10.0,Manuka and/or Kanuka,,Western Bay of Plenty District
f1313a3e-e458-4360-880d-cbc8cdc10809,8.0,High Producing Exotic Grassland,,Whakatane District
f134e24f-a51b-43e8-9a74-48673c83b6de,8.4,Short-rotation Cropland,,Ōpōtiki District
f1383616-556f-4400-9298-3bdb735dbc3a,10.0,Indigenous Forest,,Ōpōtiki District
f14014e8-ae22-4dc6-9482-a892362c8896,10.0,High Producing Exotic Grassland,Tauranga,Western Bay of Plenty District
f1441c3f-62d9-4c5c-8059-1450694ece34,8.0,Indigenous Forest,,Whakatane District
f1456cfb-72e0-49dc-bc94-903cdd0bdd45,8.8,High Producing Exotic Grassland,,Western Bay of Plenty District
f1476a84-e1da-4342-8a42-d5b6c85b3a2c,10.0,High Producing Exotic Grassland,,Ōpōtiki District
f148766f-adcb-4e24-99d4-632df05e9c12,10.0,High Producing Exotic Grassland,,Ōpōtiki District
f14f01f1-04ab-4c0f-bc00-1ca1b0c217e7,8.0,High Producing Exotic Grassland,,Whakatane District
f152e17c-8622-4b0e-aeb9-f164315671ff,10.0,High Producing Exotic Grassland,,Western Bay of Plenty District
f1533be4-0986-44e8-8d18-9103c4aafee3,10.0,High Producing Exotic Grassland,Tauranga,Western Bay of Plenty District
f1591043-c501-493f-b98f-e43b71f73c90,10.0,High Producing Exotic Grassland,,Western Bay of Plenty District
f15cb03f-9ea5-4c42-bc3a-fa4ecdc513ba,10.0,High Producing Exotic Grassland,,Western Bay of Plenty District
f16a00df-022b-47c8-b6d7-6ddaf718fe03,8.0,Forest - Harvested,,Whakatane District
f16bcedc-3bbd-4158-87ec-1d3c4fcdb1e2,8.0,High Producing Exotic Grassland,,Ōpōtiki District
f1700946-3d1f-4740-a14a-93592848ebed,8.0,High Producing Exotic Grassland,Te Puke,Western Bay of Plenty District
f1778006-0587-42ee-8724-b266217968bb,9.6,Broadleaved Indigenous Hardwoods,,Western Bay of Plenty District
f17924c0-a947-44be-92a2-35b8b6d55656,8.0,High Producing Exotic Grassland,,Whakatane District
f182f679-a2bb-4cfd-98d7-e6ca47b22eb7,10.0,High Producing Exotic Grassland,,Western Bay of Plenty District
f18693a9-a2e4-4122-8055-18a3e9ba1951,10.0,High Producing Exotic Grassland,,Western Bay of Plenty District
f18c2732-ff0c-4373-9970-b68edc3b795f,10.0,High Producing Exotic Grassland,,Western Bay of Plenty District
f18c5d6c-a760-4636-9a54-dbb1039b2151,10.0,Indigenous Forest,,Western Bay of Plenty District
f19d5357-5e1c-4f55-a34c-6dc50b2f67cc,9.6,High Producing Exotic Grassland,,Western Bay of Plenty District
f19e7d9e-aeff-4c95-8130-417c2cdeb488,10.0,High Producing Exotic Grassland,,Western Bay of Plenty District
f1a6a90e-d312-42e7-ba33-28c5eaca5f72,8.0,High Producing Exotic Grassland,,Whakatane District
f1a7c44b-cfb0-4643-bb6d-adcf0c67f27b,8.0,High Producing Exotic Grassland,,Western Bay of Plenty District
f1aa8a7d-8146-4ffd-bde9-a92aae7c81cb,8.0,Broadleaved Indigenous Hardwoods,,Whakatane District
f1aeecfa-7820-4465-95c4-bcbb11c51cf0,10.0,High Producing Exotic Grassland,,Western Bay of Plenty District
f1b260f0-559f-441e-b9e9-d79d8f8c1aaf,8.0,High Producing Exotic Grassland,,Whakatane District
f1bf0a55-f21c-45df-a3b1-6352c84c02b9,10.0,Broadleaved Indigenous Hardwoods,,Western Bay of Plenty District
f1bf7ca3-2a15-4828-95d1-99031d83e664,8.8,High Producing Exotic Grassland,,Western Bay of Plenty District
f1c7314c-46c3-45d6-ad51-de2bf20fa76e,8.4,High Producing Exotic Grassland,,Western Bay of Plenty District
f1c791ea-f738-4955-9187-45fb277a067b,8.0,Exotic Forest,,Whakatane District
f1c7bb0e-cd0c-4fc8-856c-37ee51b80861,10.0,High Producing Exotic Grassland,,Western Bay of Plenty District
f1ca8204-c5d1-4a7c-8e1f-67a2f3495698,8.0,High Producing Exotic Grassland,Pongakawa,Western Bay of Plenty District
f1cb8d53-21d2-4ac3-88f1-0ad4013920bb,10.0,High Producing Exotic Grassland,,Whakatane District
f1ce01d1-12ed-49c2-a33a-7c5dc46738e8,10.0,High Producing Exotic Grassland,,Ōpōtiki District
f1d009c4-c116-43a0-ae27-74d82380cfac,10.0,High Producing Exotic Grassland,Tauranga,Western Bay of Plenty District
f1d077b0-673e-4f11-8429-e68b637bea5c,10.0,High Producing Exotic Grassland,,Western Bay of Plenty District
f1d4cd0d-af5b-4c15-a078-1f7b20e612d1,8.0,Indigenous Forest,Te Puke,Western Bay of Plenty District
f1e03873-7b94-44ee-a1e8-4a1bbae39f3b,10.0,High Producing Exotic Grassland,,Western Bay of Plenty District
f1e4db4d-c98b-494a-bed1-93dda8a7207e,10.0,Built-up Area (settlement),,Tauranga City
f1e71601-84e7-452c-b900-e9b66fcc8b7f,8.0,High Producing Exotic Grassland,,Whakatane District
f1eb778e-212f-444c-b975-7cd9ae971a94,10.0,High Producing Exotic Grassland,,Western Bay of Plenty District
f1ed6f6a-42f2-4070-8dbf-ce6772edb959,10.0,Exotic Forest,,Western Bay of Plenty District
f1fcb8bc-8f59-40bf-9375-adc007e7f27a,10.0,High Producing Exotic Grassland,,Ōpōtiki District
f21727e4-2f54-4258-b752-0f9cef562f4c,10.0,High Producing Exotic Grassland,,Western Bay of Plenty District
f223ba3c-5fa9-45b3-837c-bfe87dff2fe1,8.8,High Producing Exotic Grassland,,Western Bay of Plenty District
f223ce9e-c3a1-4b0c-9ef8-1628a3f38366,8.0,High Producing Exotic Grassland,,Western Bay of Plenty District
f22e9607-87bf-4bf1-814b-ec77ef08a2d7,10.0,Broadleaved Indigenous Hardwoods,,Western Bay of Plenty District
f22ea49b-27f0-449c-ad36-613ead35fac4,8.0,Exotic Forest,,Whakatane District
f22f4c18-c615-45db-a7c6-ca976d4119d6,10.0,High Producing Exotic Grassland,,Western Bay of Plenty District
f23a99e5-1da1-4fc4-ae93-39b0cfd66626,10.0,High Producing Exotic Grassland,,Western Bay of Plenty District
f23c11ef-29a0-4f75-8060-3272f9b909be,10.0,High Producing Exotic Grassland,,Ōpōtiki District
f23e5114-d2de-4333-9bef-569ee286c4c7,10.0,Exotic Forest,,Ōpōtiki District
f24172a4-ace7-4a4a-8c9e-fea2b3204b89,8.0,Exotic Forest,,Whakatane District
f243e328-1a3b-4120-9315-7e61c264a980,10.0,Built-up Area (settlement),,Western Bay of Plenty District
f2459972-1ebb-4794-a146-122e674cc0ec,10.0,Built-up Area (settlement),Tauranga,Tauranga City
f24c18da-fdcb-4a79-b320-d169c5175a1f,10.0,High Producing Exotic Grassland,,Western Bay of Plenty District
f25c0f66-0400-4f87-8b71-8a739fb3793f,8.0,Indigenous Forest,Te Puke,Western Bay of Plenty District
f261e1bf-7e88-4fe6-9228-07e0f3154446,10.0,Built-up Area (settlement),Tauranga,Tauranga City
f2649549-9a17-4a7f-991e-bf7dc1e4078e,8.0,High Producing Exotic Grassland,,Whakatane District
f282e7da-4ea4-45a4-ba7b-20ce83824cf7,8.0,Manuka and/or Kanuka,,Whakatane District
f2a31c9f-89ff-4b8d-a47b-033cbab1e766,10.0,High Producing Exotic Grassland,,Western Bay of Plenty District
f2a89282-19a7-4df5-8101-1f6836dc81de,10.0,Indigenous Forest,,Western Bay of Plenty District
f2b92561-1321-480b-bd9c-b631a70a6457,10.0,Broadleaved Indigenous Hardwoods,Tauranga,Tauranga City
f2b95e29-64c1-417c-a43a-ddf6b61c7085,8.4,High Producing Exotic Grassland,,Ōpōtiki District
f2bfdb33-63cd-44e0-a826-785240211366,10.0,High Producing Exotic Grassland,,Western Bay of Plenty District
f2cfeeb9-124b-4b53-8ceb-9e01c4d93a6a,10.0,High Producing Exotic Grassland,,Western Bay of Plenty District
f2d4ccbe-f54d-4f16-99b5-d0da162930b4,10.0,High Producing Exotic Grassland,,Western Bay of Plenty District
f2ed264c-8ff4-4570-a335-a88c7f6c5a50,8.0,Indigenous Forest,,Whakatane District
f2f29e69-038d-49fe-84e3-36b0fa2f9b6d,10.0,High Producing Exotic Grassland,,Western Bay of Plenty District
f2f2f48d-fb28-43c7-a241-2088c5a9e3b0,8.0,Manuka and/or Kanuka,,Whakatane District
f2f90a33-0831-4f5d-b423-d863b87a5b6e,10.0,High Producing Exotic Grassland,,Western Bay of Plenty District
f2fd313f-9e57-4ef9-9145-b1ca3e899d2d,8.0,High Producing Exotic Grassland,Pongakawa,Western Bay of Plenty District
f2fe2e55-0b55-4104-b76a-bed13b99627d,10.0,High Producing Exotic Grassland,,Western Bay of Plenty District
f303c3f5-6685-4083-9f91-7c9d7be80789,8.0,High Producing Exotic Grassland,,Whakatane District
f30e9635-48b3-42e6-8657-7ccd0ab4d9e1,8.0,Exotic Forest,,Whakatane District
f30eef17-56a6-483a-ad8f-767c3651572e,10.0,High Producing Exotic Grassland,,Western Bay of Plenty District
f311850a-9bd1-4d21-9018-42d7e4003de6,8.4,High Producing Exotic Grassland,,Whakatane District
f3203856-21b8-40b1-b244-7343296be887,9.6,Indigenous Forest,,Western Bay of Plenty District
f324e215-d2a8-4c8a-a49c-30bcc3107b91,8.0,High Producing Exotic Grassland,,Whakatane District
f34723fa-a332-4326-a57e-0b320c30017b,10.0,High Producing Exotic Grassland,,Tauranga City
f348c631-b14f-4401-b53c-b3a1577f2cd4,10.0,High Producing Exotic Grassland,,Western Bay of Plenty District
f349992c-31cf-4e73-a343-b23177db9a2c,10.0,High Producing Exotic Grassland,,Western Bay of Plenty District
f34fb1a6-8649-4410-85af-21775010679b,10.0,Indigenous Forest,,Western Bay of Plenty District
f3516e25-83b6-433f-badf-4aea1fba5f09,10.0,Built-up Area (settlement),Tauranga,Tauranga City
f36f7626-7e83-4b31-ae1d-b51c70049229,10.0,High Producing Exotic Grassland,,Western Bay of Plenty District
f379b460-d4af-4c8e-a484-2f9b3b2eec10,8.0,High Producing Exotic Grassland,,Whakatane District
f37e88ce-6e77-4b73-a4fc-a5077e1047be,10.0,Manuka and/or Kanuka,,Whakatane District
f3815335-3b39-4f38-be2e-3b4791304e1c,8.0,High Producing Exotic Grassland,Pongakawa,Western Bay of Plenty District
f387da38-2ed9-4c89-a0a5-e4ec07188e2e,10.0,Indigenous Forest,,Ōpōtiki District
f389b4d5-9479-46f4-8195-feb5874c5084,8.0,Manuka and/or Kanuka,,Whakatane District
f38b74e4-bc31-4b21-8ff0-d96507ad9daf,10.0,High Producing Exotic Grassland,,Tauranga City
f3a2fcac-a60d-459f-ac9b-bdfb1cbe0297,8.0,High Producing Exotic Grassland,,Whakatane District
f3a7847d-41e4-4c00-b7c0-42559d4a9fae,8.0,High Producing Exotic Grassland,,Whakatane District
f3b6ae10-bcf1-4842-a52b-3e1e3c04a13a,8.0,High Producing Exotic Grassland,,Whakatane District
f3b74eff-82e3-4630-9895-4990b659c243,10.0,High Producing Exotic Grassland,,Western Bay of Plenty District
f3bbbed9-2b6a-4300-a4e5-ff6ffa7bf104,10.0,High Producing Exotic Grassland,,Ōpōtiki District
f3bd9c3f-c4ca-4241-b3c6-6c58526b321a,10.0,Gorse and/or Broom,,Western Bay of Plenty District
f3c827c0-0911-4111-abb7-66dce19e6b3d,10.0,High Producing Exotic Grassland,,Western Bay of Plenty District
f3d2efb5-4026-4a60-845f-fb5d31309188,10.0,High Producing Exotic Grassland,,Western Bay of Plenty District
f3d61209-5269-4f17-b9e4-f7edd02b5bae,10.0,High Producing Exotic Grassland,,Western Bay of Plenty District
f3e35a1f-d2bd-4e78-a88b-c9895f429bb3,10.0,Short-rotation Cropland,,Western Bay of Plenty District
f3e80b2d-21e1-4a62-bbee-1448ddb89dc1,10.0,High Producing Exotic Grassland,Tauranga,Tauranga City
f3ea8f73-ecda-4b3f-ab0a-e62898ca3af4,8.0,Exotic Forest,,Western Bay of Plenty District
f3ebe78f-9b5a-4ca9-a78a-ded386058bcd,8.0,Short-rotation Cropland,,Whakatane District
f3fdfa6b-3041-48ad-937e-00bace10d8e1,10.0,Indigenous Forest,,Western Bay of Plenty District
f40e7cce-5763-4b5a-aabb-19fc65e2f96b,10.0,High Producing Exotic Grassland,,Western Bay of Plenty District
f4139513-7d34-40e7-bfd3-4a4b4dd35018,10.0,Built-up Area (settlement),,Tauranga City
f41c5903-b224-4f17-9076-748e2deea965,8.0,High Producing Exotic Grassland,Te Puke,Western Bay of Plenty District
f41e5710-396d-496c-8be1-34c68e8a149b,8.0,High Producing Exotic Grassland,,Whakatane District
f4230037-6c6e-4259-901d-baee553a4ea0,8.0,High Producing Exotic Grassland,,Whakatane District
f428d213-4517-43df-a1da-4697cec0d048,8.0,High Producing Exotic Grassland,,Whakatane District
f42f335c-69cc-4554-81d8-033a345b0085,10.0,High Producing Exotic Grassland,,Whakatane District
f43339b6-2389-47e7-92b9-325784066d00,8.8,High Producing Exotic Grassland,,Western Bay of Plenty District
f43c9942-2939-4cb8-a7b0-1aaabfaaea3d,10.0,Indigenous Forest,,Ōpōtiki District
f446bd7e-3069-4adc-ae9d-97ee7f806e95,10.0,High Producing Exotic Grassland,,Western Bay of Plenty District
f46e2847-b772-4c71-9ac7-e234b8a904e8,9.6,Indigenous Forest,,Western Bay of Plenty District
f46f2661-a633-4f73-872b-168f9b66838d,10.0,High Producing Exotic Grassland,Tauranga,Western Bay of Plenty District
f473beb4-4fdb-4e2c-a054-acb27a0f3b78,10.0,Urban Parkland/Open Space,Tauranga,Tauranga City
f4753857-25ca-498b-a014-89cce7f52abd,10.0,High Producing Exotic Grassland,,Ōpōtiki District
f48ad652-9ae6-4ab8-86dc-148638a12600,8.4,High Producing Exotic Grassland,,Ōpōtiki District
f4945f67-fa57-4b8b-ba3c-a5aa94769184,10.0,Short-rotation Cropland,,Whakatane District
f4ba7c36-ea57-4dcd-9e59-fc3abd8e5146,10.0,High Producing Exotic Grassland,,Western Bay of Plenty District
f4bc67c8-5123-41c9-9db9-79a1508f42cd,10.0,High Producing Exotic Grassland,,Western Bay of Plenty District
f4c58514-ad97-41ba-8fed-052a94eaccff,10.0,High Producing Exotic Grassland,,Ōpōtiki District
f4c69f0a-e6f3-4098-921d-644fca60833f,10.0,High Producing Exotic Grassland,,Western Bay of Plenty District
f4d004e2-c7c9-4a17-b168-d5c88c60abeb,8.8,High Producing Exotic Grassland,,Western Bay of Plenty District
f4d035df-88eb-4d67-8f35-9c680c230c3b,10.0,High Producing Exotic Grassland,,Whakatane District
f4dea155-0870-411c-9611-85f1d9d26310,10.0,Built-up Area (settlement),Tauranga,Tauranga City
f4e3ba3d-038f-4fe0-a156-39f9aa885e65,10.0,High Producing Exotic Grassland,,Western Bay of Plenty District
f50256ab-775f-4e85-83a6-8b68eb124f7b,8.0,High Producing Exotic Grassland,,Whakatane District
f5127ce7-1aa5-4eb1-93b8-f510956f4993,10.0,High Producing Exotic Grassland,Tauranga,Tauranga City
f51cff4c-bfa1-4106-8eff-0cdece23fa3e,9.6,Broadleaved Indigenous Hardwoods,,Western Bay of Plenty District
f523cc3d-1b1e-493d-84b4-50ceb9f60c92,10.0,High Producing Exotic Grassland,,Tauranga City
f52b5a88-9736-4bc3-a5e5-f799fcfa8fa1,8.2,High Producing Exotic Grassland,,Whakatane District
f5317d30-0665-49fc-b08a-b7f954a94b5e,8.0,High Producing Exotic Grassland,,Western Bay of Plenty District
f5372297-144f-4d15-b509-c91d6ce7d624,8.0,High Producing Exotic Grassland,,Western Bay of Plenty District
f538d7b8-9cec-4444-b835-d84e7704676d,8.8,High Producing Exotic Grassland,,Western Bay of Plenty District
f53ada4d-ea53-4647-ba54-9c75fe720483,8.8,Built-up Area (settlement),,Western Bay of Plenty District
f53cacf6-511f-451e-a149-47ea17761c9e,10.0,High Producing Exotic Grassland,,Western Bay of Plenty District
f545af76-7354-4e40-a4ac-4878ac510964,10.0,High Producing Exotic Grassland,,Whakatane District
f545b9b6-be4d-4d20-bc69-c613aee1a84b,8.2,Short-rotation Cropland,,Whakatane District
f54a9514-f589-4a96-b81d-79c850367ad3,8.0,High Producing Exotic Grassland,,Western Bay of Plenty District
f54e5bf5-2b91-410a-96ba-556419a16d3a,8.0,High Producing Exotic Grassland,Te Puke,Western Bay of Plenty District
f54f4740-173c-4d71-b75e-2e26b6e2b97e,10.0,Indigenous Forest,,Western Bay of Plenty District
f551578d-eadf-4a20-879f-809e5cf316e8,8.0,Gorse and/or Broom,,Whakatane District
f551c4ea-9ffb-4258-bfd3-d6f15ba1c965,10.0,Indigenous Forest,Tauranga,Western Bay of Plenty District
f5547a4f-b298-4b10-9eee-458dc05865d6,10.0,High Producing Exotic Grassland,,Western Bay of Plenty District
f557099d-cbfc-4d9b-8767-d7c6367aa7ab,10.0,Indigenous Forest,,Western Bay of Plenty District
f55883c9-4204-4f8e-b154-27ae3fec83b1,8.4,High Producing Exotic Grassland,,Whakatane District
f5650129-2614-4bdd-8b0b-59308ce705e7,10.0,High Producing Exotic Grassland,,Western Bay of Plenty District
f570fb35-efd3-403f-bab2-1f50a38ece27,10.0,Indigenous Forest,,Western Bay of Plenty District
f5780eec-e0ae-4c76-8f73-de36f5f9611b,10.0,High Producing Exotic Grassland,,Western Bay of Plenty District
f5792d08-9e4b-4edb-b3ff-f131a2ce007f,10.0,High Producing Exotic Grassland,,Western Bay of Plenty District
f57a772f-f1f2-45c1-9e9a-7ba1878ea32c,10.0,High Producing Exotic Grassland,Tauranga,Western Bay of Plenty District
f5833807-3a2c-4716-bb7d-d5c192ab8377,8.0,High Producing Exotic Grassland,,Western Bay of Plenty District
f588dc1b-c03d-46ab-a9f3-6c3a6c985989,8.0,High Producing Exotic Grassland,,Whakatane District
f5925226-ea95-4212-9935-ea1060b6f037,10.0,High Producing Exotic Grassland,,Western Bay of Plenty District
f5a5590e-f5f9-4eff-9cfe-d7564f0ad780,10.0,High Producing Exotic Grassland,,Western Bay of Plenty District
f5a75e43-658a-4359-871a-facff62f668a,9.5,Built-up Area (settlement),,Western Bay of Plenty District
f5ca53ba-7f79-48d3-b86a-46d6b99af5ba,10.0,High Producing Exotic Grassland,,Western Bay of Plenty District
f5ce2fdb-958c-4110-9d56-bcb0616683d8,10.0,High Producing Exotic Grassland,,Western Bay of Plenty District
f5d2f4c7-52e8-4787-9753-fb3f2331bbf0,10.0,High Producing Exotic Grassland,,Western Bay of Plenty District
f5d83c61-0cc0-4d4f-9127-9d9e7b89d9d6,10.0,High Producing Exotic Grassland,,Western Bay of Plenty District
f5dce385-7824-4d1e-8f3f-3ea76638c7de,10.0,High Producing Exotic Grassland,,Western Bay of Plenty District
f5e01301-92c9-4d14-a118-aee8991ca2f4,10.0,Gorse and/or Broom,,Western Bay of Plenty District
f5ec5151-6403-447e-a073-fa57bb71eefb,10.0,High Producing Exotic Grassland,,Ōpōtiki District
f5f3d34d-ecd1-4f61-b0cd-b051a52c9158,10.0,High Producing Exotic Grassland,,Western Bay of Plenty District
f6013323-63c2-4a74-8e73-963186b0bcc2,10.0,High Producing Exotic Grassland,,Western Bay of Plenty District
f611c540-8808-4d78-b361-ebc645e839d6,8.0,High Producing Exotic Grassland,Pongakawa,Western Bay of Plenty District
f6152c3e-0bbf-4cb6-a934-f08ff268ee5f,8.0,High Producing Exotic Grassland,,Whakatane District
f61d01ef-885c-4fb8-9668-607cb339552d,10.0,High Producing Exotic Grassland,,Western Bay of Plenty District
f626954e-a041-4e42-8a32-30ed1e9edb47,8.0,Broadleaved Indigenous Hardwoods,,Whakatane District
f62daf55-834a-42d6-896f-b6ddb0302ad4,8.0,Indigenous Forest,Te Puke,Western Bay of Plenty District
f62e5a8c-723b-449a-8b4d-6d5b4959bf9e,10.0,High Producing Exotic Grassland,,Western Bay of Plenty District
f6434e4a-a940-46c2-83ac-06ad8a4d54d6,8.4,High Producing Exotic Grassland,,Ōpōtiki District
f6528cac-71b3-4943-a345-15983df0c9c8,9.6,High Producing Exotic Grassland,Tauranga,Western Bay of Plenty District
f66e9001-5b5f-49b5-bd30-f5d3b211ac54,9.5,Urban Parkland/Open Space,,Western Bay of Plenty District
f6712cce-04a1-4368-8090-30c8530e3e27,10.0,High Producing Exotic Grassland,,Western Bay of Plenty District
f67a5dc0-f5cf-4606-9e74-d36d7e2197f9,8.4,High Producing Exotic Grassland,,Whakatane District
f682fb8f-b171-4dc1-9244-3dcde8e7254f,8.4,High Producing Exotic Grassland,,Ōpōtiki District
f68530fb-8c9b-4503-8962-227049b0b52b,10.0,High Producing Exotic Grassland,,Western Bay of Plenty District
f6887e51-7fb7-4654-b207-66915f91c139,10.0,Exotic Forest,,Whakatane District
f6903d91-44c5-46f6-84a2-9613102d5b5c,10.0,High Producing Exotic Grassland,,Ōpōtiki District
f69842c7-e428-4f18-82ef-b9a9b09b6647,8.0,High Producing Exotic Grassland,,Whakatane District
f69dfa5c-58e2-4df2-810e-595a3856c7a2,10.0,High Producing Exotic Grassland,,Western Bay of Plenty District
f69e98c1-6ba8-45a2-afe1-7db76bcf5b8b,8.0,High Producing Exotic Grassland,,Whakatane District
f6a22074-821a-4fbe-9430-b5d8933e35ab,10.0,High Producing Exotic Grassland,,Whakatane District
f6a6ab3d-f8af-49e6-9960-6ea0d7c2553d,10.0,High Producing Exotic Grassland,,Western Bay of Plenty District
f6a92ecd-2218-4393-a453-7197e21909b0,8.0,High Producing Exotic Grassland,,Whakatane District
f6c68651-8824-4185-b833-568c30250f4c,8.0,High Producing Exotic Grassland,Te Puke,Western Bay of Plenty District
f6d9a61a-1954-41b2-8618-5d15eed238e9,10.0,High Producing Exotic Grassland,,Western Bay of Plenty District
f6e74c7e-a2f5-421a-8ed3-91939f61cb92,10.0,Built-up Area (settlement),Tauranga,Tauranga City
f6eae0a8-cc2c-49e1-9dba-6e83ff30f0f9,10.0,Manuka and/or Kanuka,Tauranga,Western Bay of Plenty District
f6ec087c-661a-4b27-bfb3-2e66c2034aa7,8.0,High Producing Exotic Grassland,,Whakatane District
f6ec4b92-3bb8-4be1-a4f5-098eff5738c1,10.0,Exotic Forest,,Western Bay of Plenty District
f6f8bf52-44ad-46c3-b487-eae9f3050f4a,8.0,High Producing Exotic Grassland,,Whakatane District
f6ff508a-87ea-4db5-b70d-affb324808b2,8.0,High Producing Exotic Grassland,,Western Bay of Plenty District
f70a3ccf-4575-475f-ba45-c26521289fa0,10.0,High Producing Exotic Grassland,,Western Bay of Plenty District
f71e9723-138f-404b-a857-8ea78aeaac6b,10.0,High Producing Exotic Grassland,Tauranga,Tauranga City
f71f2550-301c-4896-aa02-28870ca6b1a0,10.0,High Producing Exotic Grassland,,Western Bay of Plenty District
f72da2d6-42d4-4474-9cd3-56a59aa06963,10.0,High Producing Exotic Grassland,,Western Bay of Plenty District
f733a60b-3b3d-4929-8864-981e2501df42,10.0,High Producing Exotic Grassland,,Ōpōtiki District
f7368fd6-489b-4bde-a281-d23311b39122,10.0,High Producing Exotic Grassland,Opotiki,Ōpōtiki District
f7443114-cb6c-4716-8054-b0b5f1c2f0c8,10.0,Manuka and/or Kanuka,,Western Bay of Plenty District
f758da69-71d4-4289-8942-fb0d5fde1559,10.0,High Producing Exotic Grassland,Tauranga,Tauranga City
f75ba439-e7fc-4531-8633-42472638e738,10.0,High Producing Exotic Grassland,,Whakatane District
f75c3a43-235c-4516-a6b2-3acffd90074d,10.0,High Producing Exotic Grassland,,Ōpōtiki District
f764714b-ea90-4b8a-a4d0-f9c86d6c2bb5,8.0,High Producing Exotic Grassland,,Whakatane District
f76d279d-b8d7-48b7-88eb-f8744f5bc799,10.0,High Producing Exotic Grassland,,Western Bay of Plenty District
f76e7388-0d52-47f3-a0e4-4e371a641f6c,8.0,Herbaceous Freshwater Vegetation,,Whakatane District
f799c0bd-468f-429e-be93-75fe8950012a,8.0,High Producing Exotic Grassland,,Whakatane District
f79c9772-eec1-4cd7-b4f6-e4e77a1f4f77,8.4,High Producing Exotic Grassland,,Whakatane District
f7acec21-8abb-4f99-bd63-c1b06803d5c7,8.0,High Producing Exotic Grassland,,Whakatane District
f7b070b6-f7a5-4186-aab9-3f2ebd626db2,10.0,High Producing Exotic Grassland,,Western Bay of Plenty District
f7b56ada-e95f-4632-abca-9d07fa962659,8.4,High Producing Exotic Grassland,,Ōpōtiki District
f7b57584-3375-4a86-89af-3a97a688ce1a,8.0,Exotic Forest,,Western Bay of Plenty District
f7bfa970-a43c-4f8a-9073-3ef66ec7ed3c,8.0,High Producing Exotic Grassland,Pongakawa,Western Bay of Plenty District
f7c4dba4-007f-4c15-a23b-9467240b6c5f,10.0,High Producing Exotic Grassland,,Western Bay of Plenty District
f7c50477-7b85-4f33-ae76-77c5a76da577,10.0,High Producing Exotic Grassland,Katikati,Western Bay of Plenty District
f7d89023-a24b-4f8b-a32a-2659a4da55d5,8.0,Indigenous Forest,,Whakatane District
f7e7be96-acdf-4d07-9f8b-e096ac87f4ec,8.0,Indigenous Forest,,Whakatane District
f7e8936a-007e-4463-adbf-04c6d3c548a5,8.8,Built-up Area (settlement),,Western Bay of Plenty District
f7fa5cfb-bf72-4659-9da7-d5a7c5e551e8,10.0,High Producing Exotic Grassland,Tauranga,Western Bay of Plenty District
f7fae8fb-3a2b-4824-9cd2-41f0182a5651,10.0,Indigenous Forest,,Western Bay of Plenty District
f7ffda1f-2a26-45bc-bae6-9bde0aafa47f,10.0,High Producing Exotic Grassland,,Western Bay of Plenty District
f8028032-1980-4db4-a572-daf9049b4e32,8.0,High Producing Exotic Grassland,Te Puke,Western Bay of Plenty District
f803757e-ddac-43d4-9c11-9b24185989ce,10.0,High Producing Exotic Grassland,,Western Bay of Plenty District
f80edfeb-e8c7-4c33-831e-f33a41d43108,10.0,High Producing Exotic Grassland,,Western Bay of Plenty District
f8186f88-791b-4e0c-b488-ad363f265283,10.0,High Producing Exotic Grassland,,Ōpōtiki District
f8332c59-4060-4bea-8a44-74518d849f70,8.0,High Producing Exotic Grassland,,Whakatane District
f833f68d-8132-4eeb-8fad-29612b2e4657,10.0,High Producing Exotic Grassland,,Ōpōtiki District
f83b54fe-3023-4f1d-9975-8c5db01b6394,8.0,High Producing Exotic Grassland,,Whakatane District
f83f48f4-a4f7-4248-98ae-fd7f060d07d8,10.0,Built-up Area (settlement),Tauranga,Tauranga City
f83fca04-19ef-4e75-9e51-e4d57abc7932,10.0,High Producing Exotic Grassland,,Western Bay of Plenty District
f865edbd-01de-4370-a15c-6f1db00f4910,8.0,High Producing Exotic Grassland,Te Puke,Western Bay of Plenty District
f866bcee-1370-4a9d-ad1a-2b50bb09e3f2,8.0,High Producing Exotic Grassland,Te Puke,Western Bay of Plenty District
f869c4f4-a4b7-445d-9583-c9e6001865f7,10.0,High Producing Exotic Grassland,,Whakatane District
f8714856-614e-4524-a96d-04287ceda590,8.0,High Producing Exotic Grassland,,Whakatane District
f876f50c-53a1-4e71-b141-f108dab26efe,10.0,Low Producing Grassland,,Western Bay of Plenty District
f881bc5d-f597-413f-9ce2-1d77b78f027d,8.4,High Producing Exotic Grassland,,Whakatane District
f88f09dd-4183-4744-89e9-1a146999308f,10.0,High Producing Exotic Grassland,Tauranga,Western Bay of Plenty District
f8915f3b-596a-44f2-87e9-1fe9243ce116,8.4,High Producing Exotic Grassland,,Ōpōtiki District
f89d9433-5daa-449a-ad1c-f930be4872cf,8.4,Gravel and Rock,,Whakatane District
f8a34f8a-5d65-4d34-a68b-67131d8a31d7,9.6,Indigenous Forest,,Western Bay of Plenty District
f8a8823b-bf7c-46e2-8e5a-5fb10d0fb7af,8.8,Indigenous Forest,,Western Bay of Plenty District
f8aa2cc6-fdc4-4113-a9ef-867d74d8776d,8.0,High Producing Exotic Grassland,,Whakatane District
f8aa83d4-b94d-4d43-9f1f-061e566ee4bd,10.0,High Producing Exotic Grassland,,Ōpōtiki District
f8b35b53-88fd-469a-8065-555d5734a6dc,10.0,Indigenous Forest,Te Puke,Western Bay of Plenty District
f8b77912-1c2f-4005-a88c-ecb157be844b,10.0,High Producing Exotic Grassland,,Western Bay of Plenty District
f8ce2c13-cd5a-4235-b202-196f7ee2fc42,10.0,High Producing Exotic Grassland,,Whakatane District
f8d0eaab-0adc-4b0a-b83e-7725e82a0c53,10.0,Low Producing Grassland,Tauranga,Tauranga City
f8d8d6db-c082-4c3d-8732-fa28a1202fbf,10.0,Exotic Forest,,Western Bay of Plenty District
f8dc2dcb-bd16-4746-b805-06a491779148,10.0,High Producing Exotic Grassland,,Western Bay of Plenty District
f8df9a6e-49ce-462c-9396-e88f76ac12a6,10.0,High Producing Exotic Grassland,,Western Bay of Plenty District
f8e0add6-cffe-45b2-b2f6-595e69e4fc88,8.0,High Producing Exotic Grassland,,Ōpōtiki District
f8e2118e-0b66-47a4-8299-53321e7fc9b7,10.0,High Producing Exotic Grassland,Tauranga,Tauranga City
f8e29916-84ef-4f3e-a9a3-8d15a1e19070,8.4,High Producing Exotic Grassland,,Whakatane District
f8facb1f-0e66-4ff5-a31e-3246fa773810,10.0,High Producing Exotic Grassland,,Western Bay of Plenty District
f8fd0dd9-d1db-41b4-9bfa-570cfc705e31,10.0,High Producing Exotic Grassland,,Western Bay of Plenty District
f9002a48-7e03-428d-903b-d8e88bc22480,8.0,High Producing Exotic Grassland,Pongakawa,Western Bay of Plenty District
f90910b8-c6e3-4c8b-b76a-210969f5b114,8.0,High Producing Exotic Grassland,,Whakatane District
f91e1cf2-1fb4-49f3-b6bb-91ecac61b5dd,10.0,High Producing Exotic Grassland,,Western Bay of Plenty District
f91e7053-3a87-4592-924c-f85afffcc5cf,10.0,Short-rotation Cropland,Te Puke,Western Bay of Plenty District
f92d48bf-7fc2-49bd-bf06-2ad93e4b0bdf,8.0,High Producing Exotic Grassland,,Whakatane District
f947b024-cbce-4f09-8b34-9b0f3d24e367,10.0,Indigenous Forest,,Ōpōtiki District
f949c1c2-81fd-4aa1-9cec-4095ac305a60,10.0,High Producing Exotic Grassland,,Western Bay of Plenty District
f94c429b-497d-43a1-9d6b-b6e5fadf1e22,10.0,Exotic Forest,,Western Bay of Plenty District
f94e36ca-8ed3-48ad-b776-6c6c519ca302,8.0,Exotic Forest,,Whakatane District
f9571adc-c312-4da2-a93a-4e572b5b15b6,8.0,High Producing Exotic Grassland,,Whakatane District
f95c23f2-fac3-4cce-a42b-9792369fc578,10.0,High Producing Exotic Grassland,Tauranga,Western Bay of Plenty District
f95c957e-a9ea-40ee-83c9-13d77f0655a3,8.4,High Producing Exotic Grassland,,Ōpōtiki District
f9633efc-b379-43a7-a925-b3e0a3e11dd3,8.4,Short-rotation Cropland,,Whakatane District
f97af2bb-9f4a-4753-889c-5dad074bf9d5,10.0,High Producing Exotic Grassland,,Western Bay of Plenty District
f98038fb-e60c-461b-b774-5de88b487846,10.0,High Producing Exotic Grassland,,Western Bay of Plenty District
f980fefa-5522-44f9-8265-49345a181c32,8.8,Indigenous Forest,,Western Bay of Plenty District
f9817ee5-1159-466b-9344-92b880902e1e,10.0,High Producing Exotic Grassland,,Western Bay of Plenty District
f981fb85-49a9-4a9f-90f6-431e2ec909c1,10.0,High Producing Exotic Grassland,,Whakatane District
f98568b9-a0af-4a3f-8836-5e343298d292,10.0,High Producing Exotic Grassland,,Ōpōtiki District
f98b925c-34a1-4fce-8811-00e40c78b19b,8.0,Broadleaved Indigenous Hardwoods,,Ōpōtiki District
f9922e9d-397d-47fa-9bba-0629506b5dc5,10.0,High Producing Exotic Grassland,,Whakatane District
f992a6e5-880a-4183-bdcf-6bc7e1fc9f4d,8.0,Indigenous Forest,,Western Bay of Plenty District
f998b6cd-9a64-467c-a277-29fc61681d48,8.4,High Producing Exotic Grassland,,Ōpōtiki District
f99e6484-a8f9-4ae4-9c14-d47ac7a8217c,8.0,Herbaceous Freshwater Vegetation,,Whakatane District
f9b42a76-35d9-4917-bbb4-43b5efdccc15,8.0,High Producing Exotic Grassland,,Western Bay of Plenty District
f9c1ac43-0b07-40f6-83b2-561b6cfdb600,8.4,High Producing Exotic Grassland,,Ōpōtiki District
f9c2b3f6-5ecc-4fc3-b906-6958aafa99af,8.0,High Producing Exotic Grassland,,Western Bay of Plenty District
f9da883f-1f19-48f9-9031-5129ecec3c91,8.4,High Producing Exotic Grassland,,Ōpōtiki District
f9de3f0c-a231-4b72-a503-342363d10a12,8.2,Built-up Area (settlement),Opotiki,Ōpōtiki District
f9f5eec6-46c2-4fe7-a229-89287196c657,10.0,High Producing Exotic Grassland,Tauranga,Western Bay of Plenty District
f9fb5c46-0b61-454d-8b0a-b244f66ba795,8.8,High Producing Exotic Grassland,,Western Bay of Plenty District
fa002ebb-1def-46f2-a36f-dd2b93d2c0af,10.0,Indigenous Forest,,Ōpōtiki District
fa038b85-6fda-49a2-9453-bd155fe49946,10.0,High Producing Exotic Grassland,Tauranga,Tauranga City
fa0ffb61-77f3-400c-bf3b-d3a41497ed85,10.0,High Producing Exotic Grassland,,Western Bay of Plenty District
fa1014eb-75ce-45a7-9cd1-765847271945,10.0,Exotic Forest,Tauranga,Western Bay of Plenty District
fa208262-6916-4a51-ab8a-8d3ef403a512,10.0,Broadleaved Indigenous Hardwoods,,Western Bay of Plenty District
fa24b312-6367-4da7-8056-b80f1d0acf0e,10.0,Indigenous Forest,,Western Bay of Plenty District
fa2b7a42-4f94-4f53-a1ca-d167611337aa,10.0,High Producing Exotic Grassland,,Western Bay of Plenty District
fa2d8110-ad22-43ce-acfa-55c2daa4bab1,10.0,High Producing Exotic Grassland,,Tauranga City
fa312304-ce00-4dcf-8e30-1dd36f0e0532,8.0,High Producing Exotic Grassland,,Western Bay of Plenty District
fa3d4f47-c8af-488a-ae9c-20793e4165c4,8.0,High Producing Exotic Grassland,,Western Bay of Plenty District
fa45fe98-6d09-4708-bd7b-d3bd270802c2,8.0,High Producing Exotic Grassland,Te Puke,Western Bay of Plenty District
fa489c76-7627-48e6-8982-fbeced48b042,10.0,High Producing Exotic Grassland,Pongakawa,Western Bay of Plenty District
fa4b3b4c-a08c-4b7c-af4b-5aeb51368590,8.0,Manuka and/or Kanuka,,Whakatane District
fa5144ae-2a46-4c53-862e-7034137a05c6,8.0,Exotic Forest,,Western Bay of Plenty District
fa5ca210-eff0-44d4-b920-b1d8ce88d3c2,10.0,High Producing Exotic Grassland,,Western Bay of Plenty District
fa691bd6-d9d4-4f24-aca3-e89610ece832,8.0,High Producing Exotic Grassland,,Whakatane District
fa6e0e2d-0772-4890-b32c-08f40cead4e6,10.0,Built-up Area (settlement),Tauranga,Tauranga City
fa6f205d-7a41-4e83-b7c1-0463c0bf3c2e,10.0,High Producing Exotic Grassland,,Western Bay of Plenty District
fa6f51a8-2cf3-455c-a29c-be8a4e97764f,10.0,High Producing Exotic Grassland,Tauranga,Tauranga City
fa7143f9-9d75-407d-86dc-b680847d42eb,10.0,High Producing Exotic Grassland,,Western Bay of Plenty District
fa7661d9-4571-487c-9689-ce5d3375cf9a,10.0,High Producing Exotic Grassland,,Western Bay of Plenty District
fa770537-1b62-427b-aa00-be19ab53179f,8.0,High Producing Exotic Grassland,,Whakatane District
fa77bef4-30c3-4cc8-9b6d-68d45f7401ac,8.0,Exotic Forest,,Western Bay of Plenty District
fa793cdf-076f-4738-8d80-a8a8fb6c4a58,10.0,Indigenous Forest,Te Puke,Western Bay of Plenty District
fa7cc521-bb65-47ae-b70d-6cdc5bff86a6,10.0,High Producing Exotic Grassland,,Western Bay of Plenty District
fa816642-392e-4019-aaa8-775cc8d08d15,10.0,Built-up Area (settlement),,Tauranga City
fa8bd14d-9c0c-4123-b4b6-992cf7c51d39,10.0,High Producing Exotic Grassland,,Western Bay of Plenty District
fa9040bb-2ca8-4497-8cd1-fb41ecf63a2b,8.0,High Producing Exotic Grassland,Pongakawa,Western Bay of Plenty District
faa1c156-770a-484b-bb6d-91d27561cc36,8.0,High Producing Exotic Grassland,Te Puke,Western Bay of Plenty District
faab769c-1080-4f17-a0d8-b38fb7ae69dd,10.0,High Producing Exotic Grassland,,Western Bay of Plenty District
faabeba7-9aac-4e90-a26c-6bad0e627136,10.0,High Producing Exotic Grassland,,Ōpōtiki District
fab0611b-07fd-48d0-b74e-8d3577341dc6,8.0,High Producing Exotic Grassland,,Whakatane District
fab7586c-ae58-4813-a604-8d1edb521583,8.0,High Producing Exotic Grassland,,Whakatane District
fabbd211-dcc7-491d-b85d-5fdbea0cae06,10.0,High Producing Exotic Grassland,,Western Bay of Plenty District
fabf0d83-b06e-46a1-acb0-6728f2b4de61,8.0,Short-rotation Cropland,Te Puke,Western Bay of Plenty District
fac01284-46a3-4b6c-a0af-20d116672418,10.0,Short-rotation Cropland,,Western Bay of Plenty District
facb1673-52bd-49c5-b94a-de9330ac6cfc,8.0,High Producing Exotic Grassland,,Western Bay of Plenty District
facb1c5d-3293-4198-828f-8650dd90d505,8.0,Exotic Forest,,Whakatane District
fadc126c-cda5-4bb9-b80c-c9221aa41c60,10.0,High Producing Exotic Grassland,Tauranga,Western Bay of Plenty District
fade8da2-c7e0-48f1-8fe7-04d368ef5a21,8.0,High Producing Exotic Grassland,,Whakatane District
fae00768-b414-4ca0-a1f7-b70d03d37177,8.0,High Producing Exotic Grassland,Pongakawa,Western Bay of Plenty District
fae4035e-95c4-46f4-b1db-6a2a2e433ec5,8.0,High Producing Exotic Grassland,,Whakatane District
fae40ed3-ca0b-4231-8192-dce84f3e8d3c,8.0,Low Producing Grassland,,Whakatane District
fae8515a-6aa4-4460-b41c-66408f0f0c21,10.0,High Producing Exotic Grassland,,Western Bay of Plenty District
fafb927d-e8d4-4350-afcf-5db50f97070e,8.4,High Producing Exotic Grassland,,Ōpōtiki District
fafd48e2-eab6-42fe-870e-cac6db2b8345,9.6,Manuka and/or Kanuka,,Whakatane District
fb0afe0a-be35-4aad-bd50-397da37fce88,10.0,High Producing Exotic Grassland,Tauranga,Western Bay of Plenty District
fb1a2130-b5ce-4c23-8abd-251b86bf2822,10.0,High Producing Exotic Grassland,,Western Bay of Plenty District
fb1e0b16-719f-4b7c-82d5-5a3ac4027658,8.4,High Producing Exotic Grassland,,Ōpōtiki District
fb27e6ec-5aee-4d3d-af5f-165a4e2a3134,8.8,High Producing Exotic Grassland,,Western Bay of Plenty District
fb2ae102-922c-489e-9d80-500fa70be9d3,8.4,Exotic Forest,,Ōpōtiki District
fb2afac0-0d96-4869-a821-3f113fc5d49e,10.0,High Producing Exotic Grassland,,Western Bay of Plenty District
fb2b26db-d536-4db8-b052-83d022350ad0,10.0,High Producing Exotic Grassland,,Western Bay of Plenty District
fb387421-d889-4414-a6a1-13dea28bd6b1,8.0,High Producing Exotic Grassland,,Whakatane District
fb42f4fd-3492-413e-9be3-ef4431e9669f,8.8,High Producing Exotic Grassland,,Western Bay of Plenty District
fb463165-c29c-437f-965f-b08c6f15421f,10.0,High Producing Exotic Grassland,,Western Bay of Plenty District
fb534e0a-1f14-4b40-90c1-61125d67cf2c,8.4,Indigenous Forest,,Western Bay of Plenty District
fb5e3b7d-ad4b-4115-a06e-91c41ad8e293,8.4,High Producing Exotic Grassland,,Whakatane District
fb6465b9-6037-4efb-9ba6-e93426e7f92e,10.0,Exotic Forest,,Western Bay of Plenty District
fb666ffc-a61a-49f4-b713-be78c610558f,10.0,Manuka and/or Kanuka,,Ōpōtiki District
fb6f6bb3-4174-42c3-9693-36b5260b9f2d,9.6,Indigenous Forest,,Western Bay of Plenty District
fb7050f7-bf3e-475f-bfe6-0c786271432e,10.0,High Producing Exotic Grassland,,Western Bay of Plenty District
fb72c6cd-e25e-45db-aec8-b579267a9a92,10.0,High Producing Exotic Grassland,,Western Bay of Plenty District
fb7b06cd-9653-4fc9-8f10-2567ee16446e,10.0,Indigenous Forest,,Western Bay of Plenty District
fb81cc0c-9fe9-4396-b459-1bfb44b1e0ca,8.0,High Producing Exotic Grassland,,Whakatane District
fb8404cb-26da-4cb9-b113-7658557ffc66,10.0,High Producing Exotic Grassland,,Western Bay of Plenty District
fb8c7a26-14a9-4f46-802c-bc55581b9b21,8.8,Built-up Area (settlement),,Western Bay of Plenty District
fb987937-ca48-4c00-8fea-0824dafb7a49,10.0,High Producing Exotic Grassland,,Western Bay of Plenty District
fbada133-3abf-4e73-a56f-43bb6dd56699,10.0,High Producing Exotic Grassland,,Ōpōtiki District
fbb2b1e6-dcbb-4aa7-9f26-4256c07c5b22,10.0,High Producing Exotic Grassland,,Western Bay of Plenty District
fbb2e88c-ada0-40fd-895e-dd7870536011,10.0,High Producing Exotic Grassland,,Western Bay of Plenty District
fbc272d6-8ac6-4cc2-89c0-c99b7c379db7,10.0,High Producing Exotic Grassland,,Western Bay of Plenty District
fbcd01ff-ca10-4e00-8b17-caf3eb9d31ea,8.4,High Producing Exotic Grassland,,Ōpōtiki District
fbd46cf0-b0e9-4f09-9e0d-8aad13205a32,10.0,Indigenous Forest,,Western Bay of Plenty District
fbd49dc6-658d-4d03-8e08-f7e37122f2dd,8.0,Short-rotation Cropland,,Whakatane District
fbd69d90-0b61-498d-a881-34147541cf08,10.0,Indigenous Forest,,Western Bay of Plenty District
fbde5dc6-b663-4da5-97a5-786943fe178f,8.0,High Producing Exotic Grassland,,Western Bay of Plenty District
fbe246b4-d261-4bfb-9b94-5c669be94cbd,10.0,Indigenous Forest,,Western Bay of Plenty District
fbe3bba9-59c6-49cd-b053-3c96aaeb5a6e,8.4,High Producing Exotic Grassland,,Whakatane District
fbe6a2f6-1403-42b6-8b51-d05519c7140d,10.0,High Producing Exotic Grassland,Tauranga,Western Bay of Plenty District
fbf00599-29c6-4ec5-b996-6162ceb1a0b4,10.0,High Producing Exotic Grassland,,Western Bay of Plenty District
fc029c7e-e779-439b-9e4d-987dbeecd9af,8.0,High Producing Exotic Grassland,Pongakawa,Western Bay of Plenty District
fc02eecb-c50d-4079-819e-d4842c53f535,10.0,High Producing Exotic Grassland,,Western Bay of Plenty District
fc03e73c-3c73-409c-92a9-d23983535439,10.0,Indigenous Forest,Tauranga,Western Bay of Plenty District
fc05bfa6-0c15-440a-af10-77c699143e99,10.0,High Producing Exotic Grassland,,Western Bay of Plenty District
fc0ba638-1fb9-44a4-9ba9-bc06cde6e0a9,10.0,Exotic Forest,,Western Bay of Plenty District
fc0d4f16-a858-4d4d-81d4-6065926d3ea7,10.0,High Producing Exotic Grassland,Te Puke,Western Bay of Plenty District
fc245ffa-f813-4b86-8b31-216bd365fcad,10.0,High Producing Exotic Grassland,,Western Bay of Plenty District
fc2a703e-a9a6-4f25-ad79-0f452bfc29a3,8.0,High Producing Exotic Grassland,,Western Bay of Plenty District
fc30a39d-5605-4b21-af8d-26bc12f19b70,10.0,High Producing Exotic Grassland,,Western Bay of Plenty District
fc33fab1-09af-4ecc-9d84-6603482fa537,8.0,High Producing Exotic Grassland,,Western Bay of Plenty District
fc37e5b5-5270-49f6-b597-38fe36bf5ced,10.0,High Producing Exotic Grassland,Tauranga,Western Bay of Plenty District
fc381d43-659e-4f63-bdd1-bb40255a049a,10.0,High Producing Exotic Grassland,,Western Bay of Plenty District
fc3b5429-d127-4c79-993a-d81c5f80f7af,10.0,High Producing Exotic Grassland,,Western Bay of Plenty District
fc3effb6-5435-4252-a704-923b9be8fbc5,8.4,Indigenous Forest,,Ōpōtiki District
fc484393-a63c-41ef-8e43-2bd4fe76a3db,10.0,Built-up Area (settlement),Tauranga,Tauranga City
fc4c0709-2418-48df-92d2-aba9395e619f,8.4,Built-up Area (settlement),,Ōpōtiki District
fc5a2f5e-8419-4391-962b-9f69d94509da,10.0,High Producing Exotic Grassland,Tauranga,Western Bay of Plenty District
fc5dc4ea-b782-4a5a-a242-a68860cdb7f8,10.0,High Producing Exotic Grassland,,Western Bay of Plenty District
fc6988e8-0dfd-4983-9849-7554180496b4,8.4,Short-rotation Cropland,,Ōpōtiki District
fc6e8213-aa43-471e-99e1-91c08b16040c,10.0,High Producing Exotic Grassland,,Tauranga City
fc82b263-fc45-4a44-9506-f122661a7e1e,10.0,Mixed Exotic Shrubland,,Western Bay of Plenty District
fc82c0e5-9a0f-47b6-ac9b-69080fd2bf32,10.0,Transport Infrastructure,,Western Bay of Plenty District
fc91c82c-0b6d-43ae-b2da-8898336e8717,8.0,High Producing Exotic Grassland,Pongakawa,Western Bay of Plenty District
fc91e366-8d02-4fb1-8d3d-df37e75eefd3,8.0,High Producing Exotic Grassland,,Western Bay of Plenty District
fc98abdf-b0de-4c86-ac96-89e67b0f0c39,10.0,High Producing Exotic Grassland,,Western Bay of Plenty District
fca1948e-c830-4f42-aa37-59638f094086,8.0,High Producing Exotic Grassland,,Whakatane District
fcb1b668-240e-4a00-bdf6-2fd0f4994154,10.0,High Producing Exotic Grassland,,Western Bay of Plenty District
fcba85ee-7037-4858-9fdf-5c09319ba148,8.0,Urban Parkland/Open Space,Tauranga,Tauranga City
fcc84184-cbed-42c6-858c-05218cef5f8f,8.0,High Producing Exotic Grassland,,Whakatane District
fcd34e0b-9553-4fc4-a427-d1bbc5655f75,8.0,High Producing Exotic Grassland,,Whakatane District
fce0911f-4869-4c73-9169-a893efd28fc1,10.0,High Producing Exotic Grassland,,Western Bay of Plenty District
fce40819-68a7-42ad-a24e-0895250040d8,8.0,High Producing Exotic Grassland,Pongakawa,Western Bay of Plenty District
fcf03195-99f1-4d11-87db-01c1a4c86c7f,10.0,Exotic Forest,,Western Bay of Plenty District
fcf65071-50c5-45af-8fab-3d4e22dc3989,10.0,High Producing Exotic Grassland,,Western Bay of Plenty District
fd153061-1a95-4725-af66-ca206b880cdc,10.0,High Producing Exotic Grassland,,Western Bay of Plenty District
fd1e7caa-43ed-4fa0-8bf4-d49c1b74cc19,8.0,High Producing Exotic Grassland,Pongakawa,Western Bay of Plenty District
fd1fd116-79b0-4525-8c9b-59b89d6bf610,10.0,High Producing Exotic Grassland,,Western Bay of Plenty District
fd29cb98-23f7-48ca-ab37-2fde0fb18338,10.0,Built-up Area (settlement),Tauranga,Tauranga City
fd2bc3a2-e724-455a-80c1-c78895302c3d,8.0,Broadleaved Indigenous Hardwoods,,Whakatane District
fd374c76-918f-4e5e-8a29-be3b042b6e61,8.0,High Producing Exotic Grassland,Te Puke,Western Bay of Plenty District
fd3d2848-7504-495a-8253-6403e500320d,10.0,High Producing Exotic Grassland,,Western Bay of Plenty District
fd40e7bd-71df-45a9-a063-191c47c23a14,8.0,High Producing Exotic Grassland,Te Puke,Western Bay of Plenty District
fd42a59f-bfe3-46f1-b482-cd8f4b4d8b0f,10.0,High Producing Exotic Grassland,,Western Bay of Plenty District
fd4a69f2-1ca3-42dc-9b03-9ad41b9364e7,8.4,High Producing Exotic Grassland,,Whakatane District
fd504617-c833-4437-b0e1-a6b826463a1f,10.0,High Producing Exotic Grassland,Tauranga,Tauranga City
fd5a1d57-cee6-427b-b056-0af6ad6e7b4e,10.0,High Producing Exotic Grassland,,Western Bay of Plenty District
fd677ed6-c065-472a-a710-ba8b5506c0d8,8.0,Urban Parkland/Open Space,Tauranga,Tauranga City
fd680c0f-0f6a-4c37-a103-8cdaa7ccbad4,10.0,High Producing Exotic Grassland,,Tauranga City
fd76e314-8cb8-40db-a35e-822ac80ae00f,10.0,High Producing Exotic Grassland,Katikati,Western Bay of Plenty District
fd7a520c-b487-4069-903e-a177865ee616,8.8,Indigenous Forest,,Western Bay of Plenty District
fd7c374a-e95d-48ce-925b-e275b0a5746c,10.0,High Producing Exotic Grassland,,Western Bay of Plenty District
fd897e2b-a237-43f9-9c20-27aeaed8336c,8.8,Indigenous Forest,,Western Bay of Plenty District
fd9cc2d9-aeeb-4faa-8e13-598560a6210c,10.0,High Producing Exotic Grassland,,Western Bay of Plenty District
fd9f563f-cd97-4908-ae61-d0117bc21575,8.0,High Producing Exotic Grassland,,Whakatane District
fda766c5-f1dd-436e-834a-53af5bd248fe,8.0,High Producing Exotic Grassland,,Whakatane District
fda8aea4-f8d7-45e8-b12e-f26a39349e53,8.0,Built-up Area (settlement),Tauranga,Tauranga City
fdb53541-9460-45ae-9c38-9ceeb6533182,10.0,Indigenous Forest,,Western Bay of Plenty District
fdbb72b7-6783-4ec6-b1b0-bbd7cc9101b8,10.0,High Producing Exotic Grassland,,Western Bay of Plenty District
fdbe546f-cd2f-4454-af96-d59f348816f0,10.0,High Producing Exotic Grassland,,Western Bay of Plenty District
fdc8854a-fd29-414e-bec3-63ccb07aab1a,10.0,High Producing Exotic Grassland,,Western Bay of Plenty District
fdd1ad3c-edb4-433c-a21f-083f91a3b958,10.0,Exotic Forest,,Western Bay of Plenty District
fdd59379-a066-4624-bb37-176812118a49,8.0,High Producing Exotic Grassland,,Whakatane District
fdd73b11-7cf7-4a8c-8b90-2e156bc5050a,10.0,Indigenous Forest,Te Puke,Western Bay of Plenty District
fdd9fffb-32db-44e1-a9f4-b776930f16c0,10.0,High Producing Exotic Grassland,Tauranga,Western Bay of Plenty District
fdda5ecf-192a-4c6c-83ca-c45afa249ae8,10.0,High Producing Exotic Grassland,,Western Bay of Plenty District
fde4edd1-c51e-4f29-a8f2-f3b4c5af7235,8.0,High Producing Exotic Grassland,Pongakawa,Western Bay of Plenty District
fde9075c-ff80-4a6b-b869-f7c137994705,10.0,High Producing Exotic Grassland,,Ōpōtiki District
fdecdb16-6d4a-417d-93b7-7424050d6a0b,8.8,High Producing Exotic Grassland,,Western Bay of Plenty District
fdf8f298-a9bf-4475-b280-1179066a97ed,10.0,Built-up Area (settlement),Katikati,Western Bay of Plenty District
fdf9dcfb-b227-40b0-ad1a-ca9d72ac6e20,10.0,High Producing Exotic Grassland,,Western Bay of Plenty District
fe009815-a780-4c56-a7bc-54034524feda,10.0,High Producing Exotic Grassland,Tauranga,Western Bay of Plenty District
fe03acd4-745a-4e96-80e4-cd61c02dc3a7,8.0,High Producing Exotic Grassland,,Western Bay of Plenty District
fe046ca8-8ff5-4b04-ba57-f2a1ff04a289,8.0,Indigenous Forest,,Whakatane District
fe0f8621-1447-49a3-aa27-9a64228f2008,10.0,High Producing Exotic Grassland,,Whakatane District
fe14cb12-e35a-4e37-a98d-e5ee2698eff2,10.0,High Producing Exotic Grassland,,Western Bay of Plenty District
fe1a2126-c0a6-4223-b748-a3573e5bedc9,10.0,High Producing Exotic Grassland,,Western Bay of Plenty District
fe20cb92-6c04-4ff7-8b10-f625c70a1b5b,10.0,High Producing Exotic Grassland,,Western Bay of Plenty District
fe263ee5-ece2-4917-80d1-497823ead01c,10.0,Exotic Forest,Tauranga,Tauranga City
fe2832fd-bd75-4721-a745-aa3ad61a77c7,10.0,High Producing Exotic Grassland,,Western Bay of Plenty District
fe291975-567c-47fe-bc0e-554d42c2b677,10.0,High Producing Exotic Grassland,,Western Bay of Plenty District
fe45d7d6-ab50-4d85-a5a7-20304f79b07a,10.0,Indigenous Forest,,Ōpōtiki District
fe468ff9-da9d-46f8-b03c-9f116387c483,10.0,High Producing Exotic Grassland,,Whakatane District
fe5be009-6f0c-4deb-879c-9f92979ecff7,10.0,High Producing Exotic Grassland,,Western Bay of Plenty District
fe67cb0a-2889-4572-ae84-f458338fe3e4,10.0,High Producing Exotic Grassland,,Western Bay of Plenty District
fe74ec36-72c0-4943-868a-156617b96889,10.0,High Producing Exotic Grassland,,Western Bay of Plenty District
fe7e7963-6c62-4a9f-9d4c-7f73a8e405e4,10.0,High Producing Exotic Grassland,,Western Bay of Plenty District
fe83aa0d-35e0-4bef-8067-e584baa605a3,10.0,High Producing Exotic Grassland,,Ōpōtiki District
fe850049-93f7-4e8f-840a-408eb0b35583,8.0,High Producing Exotic Grassland,Pongakawa,Western Bay of Plenty District
fe8dd6f7-dbee-48b0-a3c9-66e94365cace,8.4,High Producing Exotic Grassland,,Whakatane District
fe9171fe-0b31-4f86-ac15-70e81bf9970f,10.0,Indigenous Forest,,Ōpōtiki District
fe98bca6-0fb2-4544-a751-6ed767a66773,10.0,Indigenous Forest,,Western Bay of Plenty District
fe9ac418-2c32-453c-9a18-217625fc9d76,10.0,High Producing Exotic Grassland,,Western Bay of Plenty District
fe9fb740-12cc-4571-9d3d-30a24b7dc28c,9.6,Indigenous Forest,,Western Bay of Plenty District
fea16e98-68ad-4d5c-bde2-8ba4ddd3aa75,10.0,High Producing Exotic Grassland,,Western Bay of Plenty District
fea1af24-70c6-4c24-bd64-e0377a131d08,10.0,Low Producing Grassland,,Western Bay of Plenty District
feb64faf-6db6-495f-8e76-5240a83713af,8.0,High Producing Exotic Grassland,Te Puke,Western Bay of Plenty District
feb720c6-ccc8-4c79-9e93-3fab908d02e5,8.0,High Producing Exotic Grassland,,Whakatane District
feba0da1-46e3-47f3-90af-235d54ef04cf,10.0,Indigenous Forest,,Ōpōtiki District
febbea30-42be-4109-abc2-491144b883a0,10.0,High Producing Exotic Grassland,,Western Bay of Plenty District
fed87bad-a038-458a-8968-6ffad20a9baa,10.0,Broadleaved Indigenous Hardwoods,,Ōpōtiki District
fedbb616-4335-4bc9-afac-974e27b8b41c,10.0,Built-up Area (settlement),Katikati,Western Bay of Plenty District
fedf51b2-3bba-413e-87dc-7a793755a380,10.0,High Producing Exotic Grassland,,Western Bay of Plenty District
fee5dcea-6ec8-4f29-a9eb-68b71cc68479,10.0,High Producing Exotic Grassland,,Western Bay of Plenty District
fee95e10-d0f1-452a-9f7f-8622e0dcbf14,10.0,High Producing Exotic Grassland,,Ōpōtiki District
feeabcb3-579b-4cb3-a917-8bf5983300fe,8.8,Herbaceous Freshwater Vegetation,,Western Bay of Plenty District
feec00af-31e7-46d1-aade-7a33d7c78e23,8.0,High Producing Exotic Grassland,,Whakatane District
feef9959-41cf-4a34-858e-f9b9f30f9da0,10.0,High Producing Exotic Grassland,,Western Bay of Plenty District
fef48419-1ee7-4ed7-be6d-60812157c774,10.0,High Producing Exotic Grassland,,Western Bay of Plenty District
fefc0011-6570-474f-a2a6-25527b816f8b,10.0,High Producing Exotic Grassland,Te Puke,Western Bay of Plenty District
ff15b983-19df-4c2c-b47e-ac77f2deb4df,10.0,Indigenous Forest,,Western Bay of Plenty District
ff1c41c5-6b0e-4e5e-9617-7d1564b56d97,10.0,High Producing Exotic Grassland,,Western Bay of Plenty District
ff2464d2-79d2-4154-bb94-e9a73c0423be,10.0,Indigenous Forest,,Western Bay of Plenty District
ff2a0bcc-2f6e-45ed-90f8-b20cb1891d0f,8.0,Short-rotation Cropland,,Whakatane District
ff31868c-846d-4927-b85f-472dbf74a43c,8.4,High Producing Exotic Grassland,,Whakatane District
ff336e76-9b61-45bb-90de-ec6f0feefee2,10.0,High Producing Exotic Grassland,,Western Bay of Plenty District
ff398a50-6865-4ab7-b515-0f0befa2c09a,8.0,Short-rotation Cropland,,Whakatane District
ff448794-59cc-4201-8f01-6dff48236182,10.0,High Producing Exotic Grassland,,Tauranga City
ff4a86ee-f36e-4d0a-9531-c2876c2bce02,8.0,High Producing Exotic Grassland,,Whakatane District
ff5dbff9-96d0-4432-9e9b-48394d2233b2,10.0,High Producing Exotic Grassland,,Western Bay of Plenty District
ff6dc567-ef4c-423d-8ca2-ae887bbae086,10.0,High Producing Exotic Grassland,,Western Bay of Plenty District
ff710212-bd49-4d71-877e-a73d466f0d1a,10.0,High Producing Exotic Grassland,,Western Bay of Plenty District
ff78aa2d-c84c-487b-93f5-48ad6838a0bc,8.0,Urban Parkland/Open Space,Te Puke,Western Bay of Plenty District
ff82c16f-a8b1-4f86-a468-54457ce910b1,10.0,High Producing Exotic Grassland,,Tauranga City
ff862483-cb02-4c77-b8a9-67856e898408,8.4,High Producing Exotic Grassland,,Whakatane District
ff8f84ac-9957-4302-9d9b-d47d9ef75b68,8.0,High Producing Exotic Grassland,,Whakatane District
ffb7d5db-313a-4eb1-8337-631866137d33,10.0,High Producing Exotic Grassland,Katikati,Western Bay of Plenty District
ffc77734-8fa5-42fc-8184-26eac0a9f9aa,8.0,Manuka and/or Kanuka,,Whakatane District
ffc8a941-9cb4-4552-baad-35fb9e327f17,10.0,High Producing Exotic Grassland,,Western Bay of Plenty District
ffc8bb8d-45b7-4492-a547-e0bed3a60c44,10.0,High Producing Exotic Grassland,,Western Bay of Plenty District
ffd36b9f-246c-4102-bb43-0681bd827598,8.0,High Producing Exotic Grassland,,Western Bay of Plenty District
ffd7c1b4-3382-49b6-bec7-3d5765512757,8.0,High Producing Exotic Grassland,,Whakatane District
ffdfdd97-db57-4abd-b15a-d73a7afe0df9,10.0,High Producing Exotic Grassland,,Western Bay of Plenty District
ffe2547b-1602-4f76-9033-c9157b7f47bc,10.0,High Producing Exotic Grassland,,Ōpōtiki District
